The,,0,0

 report,-6.0823483,3,0

 that,-6.0260983,10,0

 the,-1.964696,15,0

 principal,-8.6025505,19,0

 appeared,-8.698539,29,0

 on,-3.225901,38,0

 tv,-7.6376743,41,0

 was,-3.007698,44,0

 quoted,-7.627158,48,0

 in,-1.7352024,55,0

 the,-0.9913308,58,0

 newspaper,-2.7829092,62,0

.,-1.4414605,72,0

The,,0,1

 report,-6.081849,3,1

 that,-6.01097,10,1

 the,-1.9616553,15,1

 principal,-8.607884,19,1

 who,-6.2042336,29,1

 the,-7.096355,33,1

 teacher,-4.4349394,37,1

 kissed,-7.7401834,45,1

 appeared,-7.491568,52,1

 on,-1.4545602,61,1

 tv,-5.0129995,64,1

 was,-3.697173,67,1

 quoted,-9.154423,71,1

 in,-2.25492,78,1

 the,-0.92105097,81,1

 newspaper,-2.7323391,85,1

.,-1.3500861,95,1

The,,0,2

 report,-6.0830083,3,2

 that,-6.014793,10,2

 the,-1.96111,15,2

 principal,-8.59497,19,2

 was,-3.3410408,29,2

 fired,-3.8008497,33,2

 was,-1.7628361,39,2

 quoted,-9.158607,43,2

 in,-1.348588,50,2

 the,-1.0982051,53,2

 newspaper,-3.6741488,57,2

.,-1.9985332,67,2

The,,0,3

 report,-6.0823483,3,3

 that,-6.026094,10,3

 the,-1.964696,15,3

 principal,-8.60255,19,3

 who,-6.205318,29,3

 the,-7.0994697,33,3

 teacher,-4.4361362,37,3

 kissed,-7.757845,45,3

 was,-1.662098,52,3

 fired,-3.884392,56,3

 was,-2.420263,62,3

 quoted,-8.231634,66,3

 in,-1.510075,73,3

 the,-0.9704884,76,3

 newspaper,-3.214208,80,3

.,-1.6459165,90,3

The,,0,4

 report,-6.0826235,3,4

 that,-6.008878,10,4

 the,-1.9633242,15,4

 sculpt,-11.310696,19,4

or,-0.16951804,26,4

 surprised,-12.04589,28,4

 the,-1.2097813,38,4

 doctor,-7.225462,42,4

 was,-2.7616785,49,4

 completely,-5.8300166,53,4

 untrue,-2.3980145,64,4

.,-0.44016513,71,4

The,,0,5

 report,-6.0823483,3,5

 that,-6.026094,10,5

 the,-1.964696,15,5

 sculpt,-11.3062525,19,5

or,-0.17070094,26,5

 who,-4.712571,28,5

 the,-8.263784,32,5

 painter,-6.9984574,36,5

 admired,-5.2208285,44,5

 surprised,-10.695685,52,5

 the,-1.9452262,62,5

 doctor,-6.930907,66,5

 was,-3.3494537,73,5

 completely,-6.201639,77,5

 untrue,-3.5685282,88,5

.,-0.39174652,95,5

The,,0,6

 report,-6.082759,3,6

 that,-6.029469,10,6

 the,-1.9602393,15,6

 sculpt,-11.3146515,19,6

or,-0.17004372,26,6

 wasn,-8.531813,28,6

't,-0.5358388,33,6

 talented,-8.008781,35,6

 was,-1.778072,44,6

 completely,-4.0598307,48,6

 untrue,-3.0863874,59,6

.,-0.45689535,66,6

The,,0,7

 report,-6.082675,3,7

 that,-6.023588,10,7

 the,-1.9609932,15,7

 sculpt,-11.306776,19,7

or,-0.16905738,26,7

 who,-4.7182374,28,7

 the,-8.24491,32,7

 painter,-7.031228,36,7

 admired,-5.2186904,44,7

 wasn,-6.6605477,52,7

't,-0.5928178,57,7

 talented,-6.466255,59,7

 was,-2.2636752,68,7

 completely,-4.22132,72,7

 untrue,-3.3380098,83,7

.,-0.3713162,90,7

The,,0,8

 report,-6.0830083,3,8

 that,-6.0147886,10,8

 the,-1.9611102,15,8

 consultant,-9.7105055,19,8

 was,-3.1165388,30,8

 confirmed,-10.513089,34,8

 shocked,-9.943464,44,8

 everyone,-3.7342916,52,8

.,-0.90045863,61,8

The,,0,9

 report,-6.0822716,3,9

 that,-6.0187526,10,9

 the,-1.9599203,15,9

 consultant,-9.720201,19,9

 who,-4.865689,30,9

 the,-6.008543,34,9

 artist,-10.457409,38,9

 hired,-2.1466072,45,9

 was,-3.0041823,51,9

 confirmed,-9.1415615,55,9

 shocked,-10.890421,65,9

 everyone,-3.1947942,73,9

.,-0.6343472,82,9

The,,0,10

 report,-6.0830083,3,10

 that,-6.0147886,10,10

 the,-1.9611102,15,10

 consultant,-9.7105055,19,10

 was,-3.1165388,30,10

 a,-4.238324,34,10

 fraud,-5.1664977,36,10

 shocked,-5.077862,42,10

 everyone,-3.6574922,50,10

.,-1.1435546,59,10

The,,0,11

 report,-6.082556,3,11

 that,-6.022756,10,11

 the,-1.9630513,15,11

 consultant,-9.722481,19,11

 who,-4.9426913,30,11

 the,-6.015097,34,11

 artist,-10.447344,38,11

 hired,-2.1371863,45,11

 was,-2.9999096,51,11

 a,-2.118856,55,11

 fraud,-3.596798,57,11

 shocked,-5.63519,63,11

 everyone,-3.2491367,71,11

.,-0.9131031,80,11

The,,0,12

 report,-6.082574,3,12

 that,-6.0162287,10,12

 the,-1.9630166,15,12

 runner,-11.434154,19,12

 was,-2.1697907,26,12

 credible,-11.206947,30,12

 was,-1.9382273,39,12

 ridiculous,-9.168404,43,12

.,-0.9884099,54,12

The,,0,13

 report,-6.082556,3,13

 that,-6.02276,10,13

 the,-1.9630477,15,13

 runner,-11.447256,19,13

 who,-3.8743885,26,13

 the,-6.8713565,30,13

 psychiatrist,-10.52395,34,13

 treated,-4.262335,47,13

 was,-1.7526797,55,13

 credible,-10.097245,59,13

 was,-2.9134493,68,13

 ridiculous,-8.189372,72,13

.,-0.79417956,83,13

The,,0,14

 report,-6.082759,3,14

 that,-6.0294695,10,14

 the,-1.9602389,15,14

 runner,-11.450151,19,14

 was,-2.174205,26,14

 doping,-7.6169305,30,14

 was,-1.4221381,37,14

 ridiculous,-7.933632,41,14

.,-1.0589439,52,14

The,,0,15

 report,-6.0830293,3,15

 that,-6.0093985,10,15

 the,-1.9649802,15,15

 runner,-11.437997,19,15

 who,-3.8716478,26,15

 the,-6.873956,30,15

 psychiatrist,-10.501361,34,15

 treated,-4.2656903,47,15

 was,-1.7578168,55,15

 doping,-7.191451,59,15

 was,-1.8911153,66,15

 ridiculous,-8.316848,70,15

.,-0.90019864,81,15

The,,0,16

 report,-6.0827703,3,16

 that,-6.0238776,10,16

 the,-1.967377,15,16

 child,-6.5476613,19,16

 made,-6.1126323,25,16

 people,-10.105785,30,16

 happy,-5.142885,37,16

 relieved,-10.385083,43,16

 everyone,-4.956425,52,16

.,-1.0345488,61,16

The,,0,17

 report,-6.082579,3,17

 that,-6.019384,10,17

 the,-1.9657382,15,17

 child,-6.5490546,19,17

 who,-5.1434627,25,17

 the,-6.4700418,29,17

 medic,-9.430394,33,17

 rescued,-5.40373,39,17

 made,-6.7839494,47,17

 people,-8.222746,52,17

 happy,-3.2165132,59,17

 relieved,-9.374844,65,17

 everyone,-3.7890859,74,17

.,-0.8605885,83,17

The,,0,18

 report,-6.082511,3,18

 that,-6.019454,10,18

 the,-1.9680802,15,18

 child,-6.553758,19,18

 was,-1.2646221,25,18

 un,-4.5763583,29,18

har,-1.300203,32,18

med,-0.0009664337,35,18

 relieved,-7.837108,38,18

 everyone,-3.593078,47,18

.,-1.26343,56,18

The,,0,19

 report,-6.082579,3,19

 that,-6.019384,10,19

 the,-1.9657418,15,19

 child,-6.5490546,19,19

 who,-5.143462,25,19

 the,-6.4700437,29,19

 medic,-9.430394,33,19

 rescued,-5.403726,39,19

 was,-0.9699195,47,19

 un,-5.655197,51,19

har,-0.19915672,54,19

med,-4.406191e-05,57,19

 relieved,-7.3337283,60,19

 everyone,-3.1776707,69,19

.,-0.96314603,78,19

The,,0,20

 report,-6.082511,3,20

 that,-6.019454,10,20

 the,-1.9680835,15,20

 criminal,-8.756122,19,20

 was,-3.4846697,28,20

 refuted,-13.294324,32,20

 was,-3.152191,40,20

 entirely,-6.914068,44,20

 bogus,-6.045617,53,20

.,-0.73562753,59,20

The,,0,21

 report,-6.082579,3,21

 that,-6.019384,10,21

 the,-1.9657382,15,21

 criminal,-8.762005,19,21

 who,-5.063327,28,21

 the,-6.5528893,32,21

 officer,-5.9412556,36,21

 arrested,-5.682531,44,21

 was,-1.1748716,53,21

 refuted,-14.493893,57,21

 was,-5.3689446,65,21

 entirely,-6.435976,69,21

 bogus,-5.3768573,78,21

.,-0.6880185,84,21

The,,0,22

 report,-6.082511,3,22

 that,-6.019454,10,22

 the,-1.9680835,15,22

 criminal,-8.756122,19,22

 was,-3.4846697,28,22

 guilty,-6.595664,32,22

 was,-2.383497,39,22

 entirely,-5.8939924,43,22

 bogus,-6.5208106,52,22

.,-0.7756606,58,22

The,,0,23

 report,-6.082556,3,23

 that,-6.0227566,10,23

 the,-1.9630513,15,23

 criminal,-8.767997,19,23

 who,-5.09941,28,23

 the,-6.573021,32,23

 officer,-5.925827,36,23

 arrested,-5.658472,44,23

 was,-1.1703862,53,23

 guilty,-7.7401233,57,23

 was,-2.8293982,64,23

 entirely,-6.217728,68,23

 bogus,-5.13079,77,23

.,-0.73063815,83,23

The,,0,24

 report,-6.082556,3,24

 that,-6.02276,10,24

 the,-1.9630477,15,24

 student,-7.430412,19,24

 shocked,-12.147738,27,24

 his,-2.5110736,35,24

 colleagues,-6.752181,39,24

 made,-6.262332,50,24

 the,-1.682391,55,24

 professor,-5.84871,59,24

 happy,-5.63738,69,24

.,-0.64735675,75,24

The,,0,25

 report,-6.082644,3,25

 that,-6.010513,10,25

 the,-1.9612494,15,25

 student,-7.4258156,19,25

 who,-4.005246,27,25

 the,-7.3518467,31,25

 professor,-4.0319686,35,25

 hated,-8.235536,45,25

 shocked,-11.439844,51,25

 his,-4.184898,59,25

 colleagues,-3.2448375,63,25

 made,-7.8107505,74,25

 the,-1.6577092,79,25

 professor,-2.0262756,83,25

 happy,-3.6143076,93,25

.,-0.477331,99,25

The,,0,26

 report,-6.082759,3,26

 that,-6.029469,10,26

 the,-1.9602389,15,26

 student,-7.4190564,19,26

 dropped,-7.0048337,27,26

 out,-1.0877988,35,26

 made,-6.5951085,39,26

 the,-2.0543792,44,26

 professor,-5.78423,48,26

 happy,-3.8379588,58,26

.,-0.6786365,64,26

The,,0,27

 report,-6.0828843,3,27

 that,-6.0259686,10,27

 the,-1.9623083,15,27

 student,-7.4288254,19,27

 who,-3.9921165,27,27

 the,-7.3391848,31,27

 professor,-4.141962,35,27

 hated,-8.253459,45,27

 dropped,-6.6840644,51,27

 out,-0.4903854,59,27

 made,-4.8913145,63,27

 the,-1.3929282,68,27

 professor,-0.4962363,72,27

 happy,-1.6100628,82,27

.,-0.40784594,88,27

The,,0,28

 report,-6.082314,3,28

 that,-6.0177236,10,28

 the,-1.9614217,15,28

 mob,-9.462847,19,28

ster,-5.6262207,23,28

 calmed,-12.697832,27,28

 everyone,-5.538375,34,28

 down,-0.16364236,43,28

 turned,-7.9539757,48,28

 out,-0.1602939,55,28

 to,-0.043211136,59,28

 be,-0.017474663,62,28

 true,-2.4272954,65,28

.,-0.4123552,70,28

The,,0,29

 report,-6.082675,3,29

 that,-6.023588,10,29

 the,-1.9609932,15,29

 mob,-9.465867,19,29

ster,-5.611443,23,29

 who,-4.2695646,27,29

 the,-6.6074014,31,29

 media,-4.312598,35,29

 portrayed,-5.505138,41,29

 calmed,-16.699839,51,29

 everyone,-4.190816,58,29

 down,-0.16824587,67,29

 turned,-5.3347936,72,29

 out,-0.08542484,79,29

 to,-0.05183339,83,29

 be,-0.09341464,86,29

 true,-5.356672,89,29

.,-0.42436165,94,29

The,,0,30

 report,-6.0822716,3,30

 that,-6.0187526,10,30

 the,-1.9599203,15,30

 mob,-9.459214,19,30

ster,-5.650901,23,30

 had,-1.9424199,27,30

 disappeared,-5.513619,31,30

 turned,-6.2354083,43,30

 out,-0.19632009,50,30

 to,-0.033971887,54,30

 be,-0.019303272,57,30

 true,-1.4721991,60,30

.,-0.3847197,65,30

The,,0,31

 report,-6.0816402,3,31

 that,-6.012159,10,31

 the,-1.9603282,15,31

 mob,-9.463243,19,31

ster,-5.6301465,23,31

 who,-4.281149,27,31

 the,-6.6143904,31,31

 media,-4.3196154,35,31

 portrayed,-5.508825,41,31

 had,-7.1306005,51,31

 disappeared,-5.704417,55,31

 turned,-5.775339,67,31

 out,-0.1932484,74,31

 to,-0.06594214,78,31

 be,-0.19454247,81,31

 true,-2.735822,84,31

.,-0.4411888,89,31

The,,0,32

 report,-6.0825024,3,32

 that,-6.025549,10,32

 the,-1.9587872,15,32

 actor,-8.6540365,19,32

 was,-1.8184612,25,32

 quoted,-9.014453,29,32

 in,-1.6172875,36,32

 newspapers,-8.635718,39,32

 made,-6.344739,50,32

 her,-4.1354375,55,32

 cry,-4.615433,59,32

.,-0.99545884,63,32

The,,0,33

 report,-6.0819173,3,33

 that,-6.024014,10,33

 the,-1.96596,15,33

 actor,-8.658062,19,33

 who,-4.017671,25,33

 the,-7.20792,29,33

 star,-5.3009486,33,33

 loved,-6.636823,38,33

 was,-1.9815025,44,33

 quoted,-9.34149,48,33

 in,-2.3775718,55,33

 newspapers,-5.8739824,58,33

 made,-5.439509,69,33

 her,-2.3958356,74,33

 cry,-4.168956,78,33

.,-0.797579,82,33

The,,0,34

 report,-6.0830083,3,34

 that,-6.0147886,10,34

 the,-1.9611102,15,34

 actor,-8.662889,19,34

 was,-1.8173072,25,34

 missing,-4.508008,29,34

 made,-4.9556293,37,34

 her,-5.511334,42,34

 cry,-4.907267,46,34

.,-0.9470699,50,34

The,,0,35

 report,-6.0827327,3,35

 that,-6.019497,10,35

 the,-1.9644284,15,35

 actor,-8.6449995,19,35

 who,-4.0547543,25,35

 the,-7.202368,29,35

 star,-5.2878017,33,35

 loved,-6.6277094,38,35

 was,-1.9796677,44,35

 missing,-6.212541,48,35

 made,-3.9055808,56,35

 her,-1.9015133,61,35

 cry,-4.3993893,65,35

.,-0.7665625,69,35

The,,0,36

 report,-6.0830083,3,36

 that,-6.014789,10,36

 the,-1.96111,15,36

 preacher,-11.426108,19,36

 was,-2.2818854,28,36

 foolish,-10.194929,32,36

 proved,-7.961042,40,36

 to,-0.77344704,47,36

 be,-0.037160456,50,36

 true,-1.1224473,53,36

.,-0.45050767,58,36

The,,0,37

 report,-6.082675,3,37

 that,-6.023588,10,37

 the,-1.9609932,15,37

 preacher,-11.340474,19,37

 who,-5.0493855,28,37

 the,-7.0678945,32,37

 parish,-6.68536,36,37

ion,-0.6134283,43,37

ers,-0.22403397,46,37

 fired,-6.1420307,49,37

 was,-1.7825059,55,37

 foolish,-10.982565,59,37

 proved,-10.526382,67,37

 to,-0.5470673,74,37

 be,-0.038283814,77,37

 true,-1.082151,80,37

.,-0.40615276,85,37

The,,0,38

 report,-6.0824046,3,38

 that,-6.026609,10,38

 the,-1.9622458,15,38

 preacher,-11.424277,19,38

 stole,-8.387259,28,38

 money,-3.3196352,34,38

 proved,-8.43992,40,38

 to,-0.56177133,47,38

 be,-0.028263625,50,38

 true,-1.0600413,53,38

.,-0.47525442,58,38

The,,0,39

 report,-6.082463,3,39

 that,-6.008062,10,39

 the,-1.9594324,15,39

 preacher,-11.334501,19,39

 who,-5.0420437,28,39

 the,-7.0623674,32,39

 parish,-6.669319,36,39

ion,-0.6130324,43,39

ers,-0.22542346,46,39

 fired,-6.1325097,49,39

 stole,-8.866852,55,39

 money,-2.4846644,61,39

 proved,-8.987279,67,39

 to,-0.6149209,74,39

 be,-0.024592452,77,39

 true,-1.3020107,80,39

.,-0.4271086,85,39

The,,0,40

 report,-6.0826235,3,40

 that,-6.008878,10,40

 the,-1.9633242,15,40

 violin,-11.811489,19,40

ist,-0.90978694,26,40

 made,-5.1081104,29,40

 her,-4.7559915,34,40

 cry,-5.121594,38,40

 is,-2.4479606,42,40

 likely,-5.224092,45,40

 true,-1.9663562,52,40

.,-0.99558735,57,40

The,,0,41

 report,-6.0823483,3,41

 that,-6.026094,10,41

 the,-1.964696,15,41

 violin,-11.801496,19,41

ist,-0.92002267,26,41

 who,-4.405296,29,41

 the,-8.520869,33,41

 sponsors,-10.1838665,37,41

 backed,-8.913825,46,41

 made,-6.4822035,53,41

 her,-4.6078286,58,41

 cry,-5.822712,62,41

 is,-2.5864727,66,41

 likely,-5.724668,69,41

 true,-2.2458906,76,41

.,-0.77144706,81,41

The,,0,42

 report,-6.0826235,3,42

 that,-6.008878,10,42

 the,-1.9633242,15,42

 violin,-11.81149,19,42

ist,-0.90978724,26,42

 abused,-10.707693,29,42

 drugs,-4.6229615,36,42

 is,-2.3406417,42,42

 likely,-4.786748,45,42

 true,-2.7103949,52,42

.,-1.1311638,57,42

The,,0,43

 report,-6.0823483,3,43

 that,-6.026094,10,43

 the,-1.9646925,15,43

 violin,-11.801493,19,43

ist,-0.92002034,26,43

 who,-4.4052954,29,43

 the,-8.520872,33,43

 sponsors,-10.183869,37,43

 backed,-8.913825,46,43

 abused,-11.927973,53,43

 drugs,-4.2174478,60,43

 is,-2.719349,66,43

 likely,-5.335926,69,43

 true,-3.6942177,76,43

.,-0.86070067,81,43

The,,0,44

 report,-6.082893,3,44

 that,-6.0132127,10,44

 the,-1.9636889,15,44

 senator,-7.958662,19,44

 annoyed,-13.3316145,27,44

 him,-4.2684426,35,44

 made,-5.5346136,39,44

 him,-1.029745,44,44

 angry,-3.118032,48,44

.,-0.5092504,54,44

The,,0,45

 report,-6.082556,3,45

 that,-6.0227566,10,45

 the,-1.9630513,15,45

 senator,-7.94795,19,45

 who,-5.8450203,27,45

 the,-7.0521817,31,45

 diplomat,-11.318611,35,45

 opposed,-9.637423,44,45

 annoyed,-12.254427,52,45

 him,-2.9407482,60,45

 made,-7.785857,64,45

 him,-1.1205968,69,45

 angry,-2.4565697,73,45

.,-0.58376396,79,45

The,,0,46

 report,-6.0826235,3,46

 that,-6.008878,10,46

 the,-1.9633209,15,46

 senator,-7.959766,19,46

 was,-2.428704,27,46

 winning,-11.172456,31,46

 made,-4.7401867,39,46

 him,-2.932941,44,46

 angry,-3.8975456,48,46

.,-0.63019216,54,46

The,,0,47

 report,-6.0823483,3,47

 that,-6.026095,10,47

 the,-1.964696,15,47

 senator,-7.95488,19,47

 who,-5.839659,27,47

 the,-7.073118,31,47

 diplomat,-11.29771,35,47

 opposed,-9.657966,44,47

 was,-1.439354,52,47

 winning,-10.421682,56,47

 made,-4.546275,64,47

 him,-1.8475386,69,47

 angry,-3.2707005,73,47

.,-0.765646,79,47

The,,0,48

 report,-6.0824866,3,48

 that,-6.025318,10,48

 the,-1.9656036,15,48

 commander,-8.208198,19,48

 was,-3.723875,29,48

 dangerous,-10.2456045,33,48

 troubled,-9.733626,43,48

 people,-6.5579467,52,48

.,-0.9921297,59,48

The,,0,49

 report,-6.0826597,3,49

 that,-6.021153,10,49

 the,-1.961728,15,49

 commander,-8.202003,19,49

 who,-5.60572,29,49

 the,-6.7455983,33,49

 president,-4.5525393,37,49

 appointed,-2.3813503,47,49

 was,-2.599354,57,49

 dangerous,-10.199969,61,49

 troubled,-10.815333,71,49

 people,-5.903506,80,49

.,-1.0192751,87,49

The,,0,50

 report,-6.0824885,3,50

 that,-6.024336,10,50

 the,-1.9608752,15,50

 commander,-8.2028055,19,50

 was,-3.7270193,29,50

 corrupt,-8.695727,33,50

 troubled,-8.017095,41,50

 people,-6.7107806,50,50

.,-1.5335702,57,50

The,,0,51

 report,-6.082314,3,51

 that,-6.0177236,10,51

 the,-1.9614187,15,51

 commander,-8.208509,19,51

 who,-5.667546,29,51

 the,-6.741094,33,51

 president,-4.5531497,37,51

 appointed,-2.3617957,47,51

 was,-2.5937562,57,51

 corrupt,-6.5332985,61,51

 troubled,-9.2462845,69,51

 people,-5.4802194,78,51

.,-1.1781114,85,51

The,,0,52

 report,-6.0824885,3,52

 that,-6.024336,10,52

 the,-1.9608752,15,52

 victim,-6.7090635,19,52

 remained,-8.481118,26,52

 hidden,-7.54253,35,52

 calmed,-12.558368,42,52

 everyone,-4.2098465,49,52

 down,-0.7757391,58,52

.,-0.6736789,63,52

The,,0,53

 report,-6.082579,3,53

 that,-6.019384,10,53

 the,-1.9657382,15,53

 victim,-6.7171397,19,53

 who,-6.303096,26,53

 the,-6.565121,30,53

 criminal,-6.6341124,34,53

 assaulted,-5.005027,43,53

 remained,-8.195783,53,53

 hidden,-7.088579,62,53

 calmed,-11.589671,69,53

 everyone,-5.105802,76,53

 down,-0.7932507,85,53

.,-0.4984693,90,53

The,,0,54

 report,-6.0825024,3,54

 that,-6.025548,10,54

 the,-1.9587903,15,54

 victim,-6.7182374,19,54

 was,-1.2793869,26,54

 surviving,-11.17499,30,54

 calmed,-11.780481,40,54

 everyone,-3.6841466,47,54

 down,-0.43920565,56,54

.,-0.815151,61,54

The,,0,55

 report,-6.082314,3,55

 that,-6.0177236,10,55

 the,-1.9614184,15,55

 victim,-6.7166862,19,55

 who,-6.292024,26,55

 the,-6.548095,30,55

 criminal,-6.593363,34,55

 assaulted,-4.9900813,43,55

 was,-1.192419,53,55

 surviving,-11.816025,57,55

 calmed,-10.993818,67,55

 everyone,-3.7901323,74,55

 down,-0.6995381,83,55

.,-0.6103898,88,55

The,,0,56

 report,-6.082314,3,56

 that,-6.0177236,10,56

 the,-1.9614184,15,56

 politician,-10.655127,19,56

 was,-2.2549212,30,56

 popular,-9.740085,34,56

 came,-4.6051383,42,56

 as,-0.65211684,47,56

 a,-0.55941695,50,56

 shock,-1.9320935,52,56

 to,-0.3175835,58,56

 his,-3.5935047,61,56

 supporters,-3.8332653,65,56

.,-0.96814275,76,56

The,,0,57

 report,-6.08237,3,57

 that,-6.012631,10,57

 the,-1.9667954,15,57

 politician,-10.657433,19,57

 who,-3.4911118,30,57

 the,-6.3123918,34,57

 banker,-8.991354,38,57

 b,-5.712744,45,57

ribed,-0.020752748,47,57

 was,-1.6249396,52,57

 popular,-8.5892,56,57

 came,-4.798788,64,57

 as,-0.52884185,69,57

 a,-0.7391617,72,57

 shock,-1.4926696,74,57

 to,-0.47975323,80,57

 his,-5.062402,83,57

 supporters,-2.8641973,87,57

.,-0.6499146,98,57

The,,0,58

 report,-6.082314,3,58

 that,-6.0177236,10,58

 the,-1.9614184,15,58

 politician,-10.655127,19,58

 stole,-8.233654,30,58

 money,-2.5895104,36,58

 came,-5.1630554,42,58

 as,-1.5403724,47,58

 a,-0.5274404,50,58

 shock,-0.9505218,52,58

 to,-0.3999214,58,58

 his,-2.5879354,61,58

 supporters,-1.7085661,65,58

.,-0.9743573,76,58

The,,0,59

 report,-6.081765,3,59

 that,-6.026475,10,59

 the,-1.9646688,15,59

 politician,-10.668743,19,59

 who,-3.4600093,30,59

 the,-6.3367677,34,59

 banker,-8.967602,38,59

 b,-5.715641,45,59

ribed,-0.02044682,47,59

 stole,-6.800926,52,59

 money,-2.2633827,58,59

 came,-6.414354,64,59

 as,-2.1807642,69,59

 a,-1.1164991,72,59

 shock,-1.1357862,74,59

 to,-0.4618093,80,59

 his,-4.2227397,83,59

 supporters,-3.4380374,87,59

.,-0.66580063,98,59

The,,0,60

 report,-6.0822716,3,60

 that,-6.0187526,10,60

 the,-1.9599203,15,60

 surgeon,-8.759608,19,60

 was,-3.0885236,27,60

 widely,-10.507181,31,60

 known,-1.9858044,38,60

 was,-3.8320868,44,60

 not,-2.568831,48,60

 a,-3.1301234,52,60

 surprise,-1.6602775,54,60

.,-1.0061004,63,60

The,,0,61

 report,-6.082675,3,61

 that,-6.023588,10,61

 the,-1.9609932,15,61

 surgeon,-8.755592,19,61

 who,-4.6358757,27,61

 the,-8.766714,31,61

 patient,-4.227154,35,61

 thanked,-10.059929,43,61

 was,-1.6824325,51,61

 widely,-8.348175,55,61

 known,-3.129462,62,61

 was,-6.6841025,68,61

 not,-3.0549862,72,61

 a,-1.7849905,76,61

 surprise,-3.0986848,78,61

.,-0.9889628,87,61

The,,0,62

 report,-6.0830083,3,62

 that,-6.014793,10,62

 the,-1.96111,15,62

 surgeon,-8.756612,19,62

 had,-2.2543566,27,62

 no,-5.5809884,31,62

 degree,-8.187582,34,62

 was,-1.5243188,41,62

 not,-2.9240904,45,62

 a,-2.788309,49,62

 surprise,-1.2007042,51,62

.,-0.986409,60,62

The,,0,63

 report,-6.0822716,3,63

 that,-6.0187526,10,63

 the,-1.9599236,15,63

 surgeon,-8.759608,19,63

 who,-4.6327243,27,63

 the,-8.77087,31,63

 patient,-4.2259994,35,63

 thanked,-10.034473,43,63

 had,-3.1577275,51,63

 no,-4.3788695,55,63

 degree,-9.05684,58,63

 was,-2.2693377,65,63

 not,-3.050477,69,63

 a,-2.6284359,73,63

 surprise,-2.3407788,75,63

.,-0.9855799,84,63

The,,0,64

 report,-6.0830083,3,64

 that,-6.014789,10,64

 the,-1.96111,15,64

 extremist,-10.127135,19,64

 stunned,-14.998468,29,64

 everyone,-3.9904547,37,64

 was,-3.7118158,46,64

 dis,-9.962479,50,64

concert,-2.2444594,54,64

ing,-0.1032631,61,64

.,-0.85172236,64,64

The,,0,65

 report,-6.0823483,3,65

 that,-6.026094,10,65

 the,-1.9646925,15,65

 extremist,-10.1420145,19,65

 who,-5.214501,29,65

 the,-8.251332,33,65

 agent,-8.232523,37,65

 caught,-6.860692,43,65

 stunned,-14.53667,50,65

 everyone,-5.8597007,58,65

 was,-5.367352,67,65

 dis,-9.559038,71,65

concert,-1.8957326,75,65

ing,-0.069558516,82,65

.,-0.7556127,85,65

The,,0,66

 report,-6.0826235,3,66

 that,-6.008878,10,66

 the,-1.9633242,15,66

 extremist,-10.123301,19,66

 got,-9.993579,29,66

 an,-4.5336967,33,66

 award,-2.9347079,36,66

 was,-2.4381607,42,66

 dis,-7.390773,46,66

concert,-0.69028264,50,66

ing,-0.003791625,57,66

.,-1.427285,60,66

The,,0,67

 report,-6.0823483,3,67

 that,-6.026094,10,67

 the,-1.964696,15,67

 extremist,-10.142017,19,67

 who,-5.2145033,29,67

 the,-8.251334,33,67

 agent,-8.232524,37,67

 caught,-6.8606915,43,67

 got,-7.174775,50,67

 an,-4.971772,54,67

 award,-3.8227923,57,67

 was,-3.5483136,63,67

 dis,-7.4278526,67,67

concert,-0.6398018,71,67

ing,-0.0033461608,78,67

.,-0.9581634,81,67

The,,0,68

 report,-6.0826235,3,68

 that,-6.008882,10,68

 the,-1.9633242,15,68

 clerk,-9.505878,19,68

 was,-2.5964282,25,68

 dumb,-9.015887,29,68

 seemed,-8.311567,34,68

 absurd,-6.059091,41,68

.,-1.4591858,48,68

The,,0,69

 report,-6.082314,3,69

 that,-6.0177236,10,69

 the,-1.9614187,15,69

 clerk,-9.508741,19,69

 who,-5.4085283,25,69

 the,-7.7002378,29,69

 customer,-5.9413786,33,69

 called,-4.586015,42,69

 was,-2.6334698,49,69

 dumb,-8.652326,53,69

 seemed,-7.862479,58,69

 absurd,-6.556118,65,69

.,-1.1453831,72,69

The,,0,70

 report,-6.0827703,3,70

 that,-6.0238776,10,70

 the,-1.967377,15,70

 clerk,-9.502868,19,70

 was,-2.595019,25,70

 a,-4.0267177,29,70

 hero,-6.5258675,31,70

 seemed,-6.1696563,36,70

 absurd,-5.332624,43,70

.,-1.2265762,50,70

The,,0,71

 report,-6.082314,3,71

 that,-6.0177236,10,71

 the,-1.9614184,15,71

 clerk,-9.508741,19,71

 who,-5.408529,25,71

 the,-7.700239,29,71

 customer,-5.9413795,33,71

 called,-4.586015,42,71

 was,-2.6334693,49,71

 a,-2.7038848,53,71

 hero,-7.34578,55,71

 seemed,-7.398563,60,71

 absurd,-6.2973266,67,71

.,-1.2407134,74,71

The,,0,72

 report,-6.082067,3,72

 that,-6.020248,10,72

 the,-1.9618441,15,72

 trader,-11.182186,19,72

 sounded,-10.958639,26,72

 hopeful,-6.319365,34,72

 was,-2.6104624,42,72

 confirmed,-4.900818,46,72

.,-3.0137236,56,72

The,,0,73

 report,-6.082314,3,73

 that,-6.0177236,10,73

 the,-1.9614187,15,73

 trader,-11.195452,19,73

 who,-4.4888554,26,73

 the,-6.7526374,30,73

 businessman,-8.240798,34,73

 consulted,-5.67022,46,73

 sounded,-9.642175,56,73

 hopeful,-6.3188496,64,73

 was,-3.6349368,72,73

 confirmed,-6.195696,76,73

.,-1.6641266,86,73

The,,0,74

 report,-6.0824866,3,74

 that,-6.025318,10,74

 the,-1.9656036,15,74

 trader,-11.194171,19,74

 had,-2.807916,26,74

 insider,-12.375965,30,74

 information,-0.56969494,38,74

 was,-1.5475141,50,74

 confirmed,-3.4551795,54,74

.,-3.4764826,64,74

The,,0,75

 report,-6.0826597,3,75

 that,-6.021149,10,75

 the,-1.9617277,15,75

 trader,-11.1820345,19,75

 who,-4.494321,26,75

 the,-6.765124,30,75

 businessman,-8.287734,34,75

 consulted,-5.6664276,46,75

 had,-2.559144,56,75

 insider,-9.179509,60,75

 information,-0.544061,68,75

 was,-1.8147609,80,75

 confirmed,-3.0687428,84,75

.,-2.0433066,94,75

The,,0,76

 report,-6.0825024,3,76

 that,-6.025548,10,76

 the,-1.9587903,15,76

 ce,-12.822241,19,76

o,-0.91861194,22,76

 hurt,-15.692709,23,76

 him,-4.4605775,28,76

 was,-3.4690294,32,76

 entirely,-6.4678874,36,76

 correct,-4.0083556,45,76

.,-0.6225819,53,76

The,,0,77

 report,-6.082067,3,77

 that,-6.0202484,10,77

 the,-1.961844,15,77

 ce,-12.817645,19,77

o,-0.9227327,22,77

 who,-5.6897225,23,77

 the,-6.4396243,27,77

 employee,-7.1360183,31,77

 impressed,-11.563605,40,77

 hurt,-10.947791,50,77

 him,-3.6436312,55,77

 was,-4.277483,59,77

 entirely,-8.105986,63,77

 correct,-3.9685266,72,77

.,-0.50538003,80,77

The,,0,78

 report,-6.0824885,3,78

 that,-6.0243363,10,78

 the,-1.9608752,15,78

 ce,-12.829001,19,78

o,-0.91227746,22,78

 was,-4.5206246,23,78

 retiring,-6.5591764,27,78

 was,-1.3691279,36,78

 entirely,-6.3892064,40,78

 correct,-3.2842808,49,78

.,-0.7681776,57,78

The,,0,79

 report,-6.082556,3,79

 that,-6.022756,10,79

 the,-1.9630513,15,79

 ce,-12.8337755,19,79

o,-0.89386517,22,79

 who,-5.6830797,23,79

 the,-6.402696,27,79

 employee,-7.165904,31,79

 impressed,-11.551884,40,79

 was,-2.480568,50,79

 retiring,-8.767671,54,79

 was,-2.767377,63,79

 entirely,-6.6655006,67,79

 correct,-3.6642635,76,79

.,-0.4959303,84,79

The,,0,80

 report,-6.082893,3,80

 that,-6.0132084,10,80

 the,-1.9636887,15,80

 clerk,-9.494474,19,80

 was,-2.5926707,25,80

 sad,-10.504136,29,80

 seemed,-5.9896803,33,80

 absurd,-6.5168877,40,80

.,-1.1072009,47,80

The,,0,81

 report,-6.082579,3,81

 that,-6.019384,10,81

 the,-1.9657416,15,81

 clerk,-9.505409,19,81

 who,-5.479151,25,81

 the,-7.6985598,29,81

 customer,-5.9333982,33,81

 called,-4.5744176,42,81

 was,-2.6366162,49,81

 sad,-9.636524,53,81

 seemed,-7.079589,57,81

 absurd,-6.7511683,64,81

.,-1.0424678,71,81

The,,0,82

 report,-6.082759,3,82

 that,-6.0294695,10,82

 the,-1.9602389,15,82

 clerk,-9.507276,19,82

 was,-2.5996554,25,82

 heroic,-12.515487,29,82

 seemed,-5.963449,36,82

 absurd,-5.8425283,43,82

.,-1.2132808,50,82

The,,0,83

 report,-6.0822716,3,83

 that,-6.0187526,10,83

 the,-1.9599203,15,83

 clerk,-9.500653,19,83

 who,-5.478336,25,83

 the,-7.699291,29,83

 customer,-5.8897467,33,83

 called,-4.5888085,42,83

 was,-2.6363618,49,83

 heroic,-11.986708,53,83

 seemed,-7.6865754,60,83

 absurd,-6.433189,67,83

.,-1.1528547,74,83

The,,0,84

 report,-6.082759,3,84

 that,-6.029469,10,84

 the,-1.9602389,15,84

 ce,-12.82425,19,84

o,-0.90070957,22,84

 deserved,-13.733025,23,84

 attention,-7.2798085,32,84

 was,-3.2021096,42,84

 entirely,-7.74877,46,84

 correct,-2.985342,55,84

.,-0.53646845,63,84

The,,0,85

 report,-6.0827327,3,85

 that,-6.019497,10,85

 the,-1.9644288,15,85

 ce,-12.825904,19,85

o,-0.9081906,22,85

 who,-5.6555614,23,85

 the,-6.44182,27,85

 employee,-7.131606,31,85

 impressed,-11.560319,40,85

 deserved,-9.9935875,50,85

 attention,-7.36543,59,85

 was,-3.544423,69,85

 entirely,-8.280513,73,85

 correct,-3.8522656,82,85

.,-0.593288,90,85

The,,0,86

 report,-6.0824885,3,86

 that,-6.0243363,10,86

 the,-1.9608752,15,86

 ce,-12.829001,19,86

o,-0.91227746,22,86

 was,-4.5206246,23,86

 retiring,-6.5591764,27,86

 was,-1.3691279,36,86

 entirely,-6.3892064,40,86

 correct,-3.2842808,49,86

.,-0.7681776,57,86

The,,0,87

 report,-6.0826216,3,87

 that,-6.0268755,10,87

 the,-1.9604181,15,87

 ce,-12.837194,19,87

o,-0.92682874,22,87

 who,-5.678641,23,87

 the,-6.465492,27,87

 employee,-7.1262,31,87

 impressed,-11.566936,40,87

 was,-2.470607,50,87

 retiring,-8.719905,54,87

 was,-2.762817,63,87

 entirely,-6.679194,67,87

 correct,-3.6703975,76,87

.,-0.49502924,84,87

The,,0,88

 report,-6.082511,3,88

 that,-6.019454,10,88

 the,-1.9680802,15,88

 driver,-7.7877536,19,88

 was,-1.7088459,26,88

 crazy,-10.155631,30,88

 seemed,-4.3922334,36,88

 hard,-6.175278,43,88

 to,-0.045053925,48,88

 believe,-0.16112529,51,88

.,-0.75745016,59,88

The,,0,89

 report,-6.082579,3,89

 that,-6.019384,10,89

 the,-1.9657418,15,89

 driver,-7.7816257,19,89

 who,-4.348276,26,89

 the,-7.212327,30,89

 tourist,-8.701917,34,89

 consulted,-9.4523535,42,89

 was,-1.8482152,52,89

 crazy,-9.275368,56,89

 seemed,-6.048455,62,89

 hard,-8.871029,69,89

 to,-0.057536043,74,89

 believe,-0.32252696,77,89

.,-0.6731685,85,89

The,,0,90

 report,-6.0830083,3,90

 that,-6.014789,10,90

 the,-1.96111,15,90

 driver,-7.767452,19,90

 was,-1.7024292,26,90

 lying,-8.336216,30,90

 seemed,-7.3864546,36,90

 hard,-5.4195323,43,90

 to,-0.044018865,48,90

 believe,-0.26982665,51,90

.,-0.79735196,59,90

The,,0,91

 report,-6.0822716,3,91

 that,-6.0187526,10,91

 the,-1.9599239,15,91

 driver,-7.77776,19,91

 who,-4.3433795,26,91

 the,-7.1988835,30,91

 tourist,-8.714414,34,91

 consulted,-9.5068035,42,91

 was,-1.847017,52,91

 lying,-7.064652,56,91

 seemed,-6.7260017,62,91

 hard,-6.741079,69,91

 to,-0.0789592,74,91

 believe,-0.2612782,77,91

.,-0.62276274,85,91

The,,0,92

 report,-6.0826216,3,92

 that,-6.0268755,10,92

 the,-1.9604212,15,92

 book,-7.16138,19,92

seller,-4.71808,24,92

 was,-2.3695364,30,92

 a,-3.308243,34,92

 total,-7.9968257,36,92

 fraud,-2.2216048,42,92

 shocked,-5.3905234,48,92

 his,-4.1179347,56,92

 family,-2.4547822,60,92

.,-1.2331636,67,92

The,,0,93

 report,-6.0830293,3,93

 that,-6.0093985,10,93

 the,-1.9649768,15,93

 book,-7.164662,19,93

seller,-4.731187,24,93

 who,-4.5140157,30,93

 the,-7.519303,34,93

 thief,-6.8129454,38,93

 robbed,-4.6925025,44,93

 was,-1.4233767,51,93

 a,-1.8887496,55,93

 total,-7.2652636,57,93

 fraud,-3.4415817,63,93

 shocked,-6.8523293,69,93

 his,-5.6291246,77,93

 family,-2.7365587,81,93

.,-0.9326573,88,93

The,,0,94

 report,-6.082579,3,94

 that,-6.019384,10,94

 the,-1.9657416,15,94

 book,-7.166731,19,94

seller,-4.7582817,24,94

 had,-1.9721556,30,94

 a,-4.7303047,34,94

 heart,-5.4160943,36,94

 attack,-0.20397955,42,94

 shocked,-6.3270597,49,94

 his,-3.6386366,57,94

 family,-1.5426353,61,94

.,-1.3770523,68,94

The,,0,95

 report,-6.0830293,3,95

 that,-6.0093985,10,95

 the,-1.9649768,15,95

 book,-7.164662,19,95

seller,-4.731187,24,95

 who,-4.5140157,30,95

 the,-7.519303,34,95

 thief,-6.8129454,38,95

 robbed,-4.6925025,44,95

 had,-2.395213,51,95

 a,-3.0494087,55,95

 heart,-3.4211328,57,95

 attack,-0.14268264,63,95

 shocked,-8.358909,70,95

 his,-5.40127,78,95

 family,-1.5700929,82,95

.,-1.0366834,89,95

The,,0,96

 report,-6.0827703,3,96

 that,-6.0238776,10,96

 the,-1.9673768,15,96

 neighbor,-10.9063425,19,96

 startled,-11.9227085,28,96

 the,-1.1718024,37,96

 child,-5.777588,41,96

 was,-2.9239755,47,96

 a,-3.3056982,51,96

 lie,-1.2919518,53,96

.,-0.7898546,57,96

The,,0,97

 report,-6.08237,3,97

 that,-6.0126357,10,97

 the,-1.9667985,15,97

 neighbor,-10.917153,19,97

 who,-3.9704816,28,97

 the,-7.330083,32,97

 woman,-4.230316,36,97

 dist,-12.25748,42,97

r,-0.41308388,47,97

usted,-0.0007516705,48,97

 startled,-11.8144655,53,97

 the,-1.7539656,62,97

 child,-4.87583,66,97

 was,-2.9017742,72,97

 a,-2.8754354,76,97

 lie,-1.1862261,78,97

.,-0.6150712,82,97

The,,0,98

 report,-6.0827703,3,98

 that,-6.0238776,10,98

 the,-1.9673768,15,98

 neighbor,-10.9063425,19,98

 killed,-7.1488132,28,98

 the,-1.4806877,35,98

 dog,-2.1600306,39,98

 was,-1.7550331,43,98

 a,-2.8202436,47,98

 lie,-1.5463415,49,98

.,-0.7765767,53,98

The,,0,99

 report,-6.081765,3,99

 that,-6.0264764,10,99

 the,-1.9646688,15,99

 neighbor,-10.896849,19,99

 who,-4.0204635,28,99

 the,-7.3361907,32,99

 woman,-4.2263646,36,99

 dist,-12.293099,42,99

r,-0.41392493,47,99

usted,-0.00072494993,48,99

 killed,-5.9995723,53,99

 the,-1.4975008,60,99

 dog,-2.5231912,64,99

 was,-1.8248152,68,99

 a,-3.2570245,72,99

 lie,-2.0158613,74,99

.,-0.6457678,78,99

The,,0,100

 report,-6.0823483,3,100

 that,-6.026094,10,100

 the,-1.9646925,15,100

 scientist,-8.756475,19,100

 could,-6.2818885,29,100

 n,-9.97041,35,100

't,-1.5249516,37,100

 be,-2.7170324,39,100

 trusted,-5.722827,42,100

 was,-2.1212552,50,100

 only,-5.1720257,54,100

 a,-1.4032031,59,100

 malicious,-6.589817,61,100

 smear,-6.161321,71,100

.,-1.6263698,77,100

The,,0,101

 report,-6.081765,3,101

 that,-6.026475,10,101

 the,-1.9646688,15,101

 scientist,-8.778675,19,101

 who,-3.3679667,29,101

 the,-8.155663,33,101

 mayor,-7.360558,37,101

 trusted,-5.749952,43,101

 could,-6.3971696,51,101

 n,-10.12409,57,101

't,-1.9020976,59,101

 be,-2.3214514,61,101

 trusted,-2.9448767,64,101

 was,-2.0885344,72,101

 only,-5.8402424,76,101

 a,-1.4415249,81,101

 malicious,-7.094997,83,101

 smear,-6.309274,93,101

.,-1.4759976,99,101

The,,0,102

 report,-6.082556,3,102

 that,-6.02276,10,102

 the,-1.9630477,15,102

 scientist,-8.769321,19,102

 had,-2.3805122,29,102

 faked,-7.253769,33,102

 data,-2.5009315,39,102

 was,-1.447493,44,102

 only,-5.2259903,48,102

 a,-2.3632138,53,102

 malicious,-9.000479,55,102

 smear,-5.33617,65,102

.,-2.0936172,71,102

The,,0,103

 report,-6.0826373,3,103

 that,-6.0109906,10,103

 the,-1.9607698,15,103

 scientist,-8.779979,19,103

 who,-3.3814213,29,103

 the,-8.146291,33,103

 mayor,-7.340879,37,103

 trusted,-5.739559,43,103

 had,-2.624464,51,103

 faked,-6.008577,55,103

 data,-2.7083406,61,103

 was,-1.8270959,66,103

 only,-4.684928,70,103

 a,-2.207067,75,103

 malicious,-8.159702,77,103

 smear,-6.180891,87,103

.,-1.6456506,93,103

The,,0,104

 report,-6.0819173,3,104

 that,-6.024018,10,104

 the,-1.9659599,15,104

 life,-9.058077,19,104

guard,-3.6545722,24,104

 pleased,-14.665552,29,104

 the,-2.0171032,37,104

 children,-4.86659,41,104

 impressed,-9.464431,50,104

 the,-1.3358772,60,104

 whole,-6.1053195,64,104

 city,-3.274141,70,104

.,-0.5884347,75,104

The,,0,105

 report,-6.0826373,3,105

 that,-6.0109906,10,105

 the,-1.9607698,15,105

 life,-9.059518,19,105

guard,-3.667699,24,105

 who,-3.8790045,29,105

 the,-8.04793,33,105

 swim,-6.089907,37,105

mer,-0.044175025,42,105

 called,-4.4708934,45,105

 pleased,-15.553184,52,105

 the,-2.9028769,60,105

 children,-6.4540925,64,105

 impressed,-11.702767,73,105

 the,-1.4657363,83,105

 whole,-6.501195,87,105

 city,-3.7788396,93,105

.,-0.5930836,98,105

The,,0,106

 report,-6.0827327,3,106

 that,-6.019493,10,106

 the,-1.9644288,15,106

 life,-9.046344,19,106

guard,-3.6677291,24,106

 saved,-3.9910524,29,106

 the,-1.4528177,35,106

 children,-4.725794,39,106

 impressed,-8.453989,48,106

 the,-1.2366116,58,106

 whole,-5.5637903,62,106

 city,-2.6060028,68,106

.,-0.70256084,73,106

The,,0,107

 report,-6.08237,3,107

 that,-6.012631,10,107

 the,-1.9667954,15,107

 life,-9.065373,19,107

guard,-3.667976,24,107

 who,-3.8560863,29,107

 the,-8.071565,33,107

 swim,-6.0895147,37,107

mer,-0.043270014,42,107

 called,-4.4657464,45,107

 saved,-5.987025,52,107

 the,-2.1726513,58,107

 children,-6.781426,62,107

 impressed,-11.913729,71,107

 the,-1.5133266,81,107

 whole,-6.127071,85,107

 city,-3.5638258,91,107

.,-0.6359483,96,107

The,,0,108

 report,-6.0826235,3,108

 that,-6.008878,10,108

 the,-1.9633242,15,108

 entrepreneur,-11.692395,19,108

 hurt,-12.419007,32,108

 the,-2.2665057,37,108

 nurse,-7.267455,41,108

 came,-4.3776374,47,108

 as,-2.6591852,52,108

 a,-0.889543,55,108

 disappointment,-7.449107,57,108

.,-2.6461172,72,108

The,,0,109

 report,-6.08237,3,109

 that,-6.0126357,10,109

 the,-1.9667985,15,109

 entrepreneur,-11.685752,19,109

 who,-4.38073,32,109

 the,-6.7077208,36,109

 philanthrop,-9.154057,40,109

ist,-0.20355892,52,109

 funded,-3.984386,55,109

 hurt,-10.496295,62,109

 the,-1.5477898,67,109

 nurse,-9.548439,71,109

 came,-4.884929,77,109

 as,-3.167218,82,109

 a,-0.3565172,85,109

 disappointment,-6.2310534,87,109

.,-1.2597721,102,109

The,,0,110

 report,-6.0826235,3,110

 that,-6.008878,10,110

 the,-1.9633242,15,110

 entrepreneur,-11.692395,19,110

 wasted,-12.179388,32,110

 the,-2.5651326,39,110

 money,-1.6656582,43,110

 came,-5.150543,49,110

 as,-1.6240724,54,110

 a,-0.8159563,57,110

 disappointment,-5.537102,59,110

.,-2.7174056,74,110

The,,0,111

 report,-6.08237,3,111

 that,-6.0126357,10,111

 the,-1.9667985,15,111

 entrepreneur,-11.685752,19,111

 who,-4.38073,32,111

 the,-6.7077208,36,111

 philanthrop,-9.154057,40,111

ist,-0.20355892,52,111

 funded,-3.984386,55,111

 wasted,-10.056738,62,111

 the,-0.74479353,69,111

 money,-0.25142902,73,111

 came,-4.78836,79,111

 as,-1.1375701,84,111

 a,-0.49970216,87,111

 disappointment,-4.515548,89,111

.,-1.4541911,104,111

The,,0,112

 report,-6.0826235,3,112

 that,-6.008878,10,112

 the,-1.9633242,15,112

 trick,-11.300679,19,112

ster,-0.9483809,25,112

 was,-2.8821847,29,112

 finally,-6.1901875,33,112

 acknowledged,-8.818208,41,112

 calmed,-10.600326,54,112

 people,-5.378901,61,112

 down,-0.54676634,68,112

.,-1.0153357,73,112

The,,0,113

 report,-6.0823483,3,113

 that,-6.026094,10,113

 the,-1.964696,15,113

 trick,-11.29911,19,113

ster,-0.94792897,25,113

 who,-5.303866,29,113

 the,-7.421431,33,113

 woman,-6.0720897,37,113

 recognized,-7.532562,43,113

 was,-2.1175158,54,113

 finally,-8.358648,58,113

 acknowledged,-8.181116,66,113

 calmed,-12.137347,79,113

 people,-6.5866184,86,113

 down,-0.48418415,93,113

.,-0.883669,98,113

The,,0,114

 report,-6.0826235,3,114

 that,-6.008878,10,114

 the,-1.9633242,15,114

 trick,-11.300679,19,114

ster,-0.9483809,25,114

 was,-2.8821847,29,114

 finally,-6.1901875,33,114

 caught,-2.9809105,41,114

 calmed,-9.276131,48,114

 people,-4.3400846,55,114

 down,-0.68931025,62,114

.,-1.2012652,67,114

The,,0,115

 report,-6.0823483,3,115

 that,-6.026094,10,115

 the,-1.964696,15,115

 trick,-11.29911,19,115

ster,-0.94792897,25,115

 who,-5.303866,29,115

 the,-7.421431,33,115

 woman,-6.0720897,37,115

 recognized,-7.532562,43,115

 was,-2.1175158,54,115

 finally,-8.358648,58,115

 caught,-2.0463855,66,115

 calmed,-10.83153,73,115

 people,-5.696586,80,115

 down,-0.45351285,87,115

.,-1.0503104,92,115

The,,0,116

 report,-6.0826235,3,116

 that,-6.008878,10,116

 the,-1.9633242,15,116

 student,-7.4377074,19,116

 drove,-9.622464,27,116

 everyone,-9.260031,33,116

 crazy,-2.8359375,42,116

 devastated,-13.323565,48,116

 his,-4.1894946,59,116

 parents,-1.4291438,63,116

.,-0.57725614,71,116

The,,0,117

 report,-6.0823483,3,117

 that,-6.026094,10,117

 the,-1.9646925,15,117

 student,-7.431607,19,117

 who,-3.9999924,27,117

 the,-7.3468456,31,117

 bully,-8.315291,35,117

 intimidated,-6.3639693,41,117

 drove,-9.60905,53,117

 everyone,-8.2010145,59,117

 crazy,-3.126781,68,117

 devastated,-13.056679,74,117

 his,-4.8887124,85,117

 parents,-1.5294627,89,117

.,-0.50610346,97,117

The,,0,118

 report,-6.082574,3,118

 that,-6.016232,10,118

 the,-1.9630163,15,118

 student,-7.4317346,19,118

 faked,-8.395749,27,118

 his,-1.2869908,33,118

 homework,-7.2953453,37,118

 devastated,-10.920275,46,118

 his,-1.5559368,57,118

 parents,-1.1898563,61,118

.,-0.9216265,69,118

The,,0,119

 report,-6.0827327,3,119

 that,-6.019497,10,119

 the,-1.9644288,15,119

 student,-7.4292164,19,119

 who,-3.9906595,27,119

 the,-7.344738,31,119

 bully,-8.325761,35,119

 intimidated,-6.372088,41,119

 faked,-8.933305,53,119

 his,-1.9632263,59,119

 homework,-8.0325775,63,119

 devastated,-11.245487,72,119

 his,-3.5816896,83,119

 parents,-1.2006809,87,119

.,-0.621225,95,119

The,,0,120

 report,-6.0826235,3,120

 that,-6.008878,10,120

 the,-1.9633242,15,120

 car,-7.133325,19,120

penter,-4.7195415,23,120

 confused,-11.734848,29,120

 the,-1.0513002,38,120

 apprentice,-9.104194,42,120

 was,-3.970834,53,120

 acknowledged,-8.784563,57,120

.,-2.7775931,70,120

The,,0,121

 report,-6.082463,3,121

 that,-6.008062,10,121

 the,-1.9594324,15,121

 car,-7.131839,19,121

penter,-4.7199087,23,121

 who,-4.290161,29,121

 the,-7.6876497,33,121

 crafts,-8.603088,37,121

man,-0.309495,44,121

 carried,-7.725487,47,121

 confused,-12.678592,55,121

 the,-2.5215745,64,121

 apprentice,-8.544972,68,121

 was,-3.7234643,79,121

 acknowledged,-9.633211,83,121

.,-0.96328413,96,121

The,,0,122

 report,-6.0824046,3,122

 that,-6.0266085,10,122

 the,-1.9622432,15,122

 car,-7.1412063,19,122

penter,-4.6824913,23,122

 hurt,-13.5419,29,122

 the,-3.2248254,34,122

 apprentice,-5.0716496,38,122

 was,-2.1670167,49,122

 acknowledged,-9.1396675,53,122

.,-2.4874823,66,122

The,,0,123

 report,-6.0823483,3,123

 that,-6.026094,10,123

 the,-1.964696,15,123

 car,-7.1360807,19,123

penter,-4.72134,23,123

 who,-4.3028326,29,123

 the,-7.7107415,33,123

 crafts,-8.645733,37,123

man,-0.3006135,44,123

 carried,-7.6924386,47,123

 hurt,-11.437052,55,123

 the,-2.5277395,60,123

 apprentice,-6.6121874,64,123

 was,-4.070901,75,123

 acknowledged,-8.812292,79,123

.,-1.3332157,92,123

The,,0,124

 report,-6.082893,3,124

 that,-6.0132127,10,124

 the,-1.9636889,15,124

 daughter,-9.428644,19,124

 frightened,-13.607599,28,124

 the,-1.1774496,39,124

 grandmother,-6.1673837,43,124

 seemed,-6.433361,55,124

 concerning,-11.039054,62,124

.,-1.5312065,73,124

The,,0,125

 report,-6.082556,3,125

 that,-6.022756,10,125

 the,-1.9630513,15,125

 daughter,-9.445955,19,125

 who,-5.616219,28,125

 the,-6.326662,32,125

 sister,-7.333591,36,125

 found,-6.7016287,43,125

 frightened,-10.535497,49,125

 the,-3.234012,60,125

 grandmother,-5.6633534,64,125

 seemed,-7.9424067,76,125

 concerning,-10.85148,83,125

.,-1.2882746,94,125

The,,0,126

 report,-6.0830083,3,126

 that,-6.0147886,10,126

 the,-1.9611102,15,126

 daughter,-9.442893,19,126

 greeted,-12.38836,28,126

 the,-1.2041467,36,126

 grandmother,-6.349246,40,126

 seemed,-6.596595,52,126

 concerning,-10.531007,59,126

.,-1.5360651,70,126

The,,0,127

 report,-6.0822716,3,127

 that,-6.0187526,10,127

 the,-1.9599239,15,127

 daughter,-9.44378,19,127

 who,-5.6232886,28,127

 the,-6.3264203,32,127

 sister,-7.3456583,36,127

 found,-6.7034817,43,127

 greeted,-13.535327,49,127

 the,-2.0324278,57,127

 grandmother,-5.7016077,61,127

 seemed,-6.2148447,73,127

 concerning,-12.47422,80,127

.,-0.9065736,91,127

The,,0,128

 report,-6.0828843,3,128

 that,-6.0259686,10,128

 the,-1.9623051,15,128

 tenant,-9.914006,19,128

 annoyed,-13.99059,26,128

 the,-0.99437004,34,128

 shepherd,-9.48746,38,128

 proved,-8.801443,47,128

 to,-0.7915799,54,128

 be,-0.046235368,57,128

 made,-9.782751,60,128

 up,-1.9946897,65,128

.,-1.0222193,68,128

The,,0,129

 report,-6.081849,3,129

 that,-6.0109663,10,129

 the,-1.9616554,15,129

 tenant,-9.915201,19,129

 who,-5.220185,26,129

 the,-6.9025536,30,129

 fore,-9.040652,34,129

man,-0.85590005,39,129

 looked,-7.090683,42,129

 for,-2.5840535,49,129

 annoyed,-12.436233,53,129

 the,-1.6409938,61,129

 shepherd,-10.344221,65,129

 proved,-10.551741,74,129

 to,-0.4280102,81,129

 be,-0.03405415,84,129

 made,-8.432322,87,129

 up,-0.9206095,92,129

.,-0.7694783,95,129

The,,0,130

 report,-6.0822716,3,130

 that,-6.0187526,10,130

 the,-1.9599203,15,130

 tenant,-9.905379,19,130

 questioned,-11.077465,26,130

 the,-1.1205428,37,130

 shepherd,-12.15399,41,130

 proved,-9.008666,50,130

 to,-0.79172593,57,130

 be,-0.05209558,60,130

 made,-9.006125,63,130

 up,-0.91301006,68,130

.,-1.1045086,71,130

The,,0,131

 report,-6.082675,3,131

 that,-6.023588,10,131

 the,-1.9609932,15,131

 tenant,-9.904904,19,131

 who,-5.2177563,26,131

 the,-6.9174967,30,131

 fore,-9.03128,34,131

man,-0.8624599,39,131

 looked,-7.0972867,42,131

 for,-2.5762744,49,131

 questioned,-10.190899,53,131

 the,-1.2831354,64,131

 shepherd,-11.062348,68,131

 proved,-9.323753,77,131

 to,-0.6440724,84,131

 be,-0.04988889,87,131

 made,-8.278125,90,131

 up,-0.86466336,95,131

.,-0.86849254,98,131

The,,0,132

 report,-6.0826235,3,132

 that,-6.008878,10,132

 the,-1.9633242,15,132

 musician,-10.75066,19,132

 disple,-13.449406,28,132

ased,-0.03131373,35,132

 the,-0.8455042,39,132

 artist,-5.3460402,43,132

 confused,-10.721532,50,132

 the,-1.3582772,59,132

 banker,-10.858661,63,132

.,-0.98364663,70,132

The,,0,133

 report,-6.0826597,3,133

 that,-6.021149,10,133

 the,-1.9617277,15,133

 musician,-10.735457,19,133

 who,-4.595404,28,133

 the,-6.9184337,32,133

 father,-7.0696135,36,133

 missed,-9.779626,43,133

 disple,-14.155716,50,133

ased,-0.16643667,57,133

 the,-1.7801803,61,133

 artist,-6.625661,65,133

 confused,-11.593331,72,133

 the,-1.6483967,81,133

 banker,-11.430814,85,133

.,-1.1752053,92,133

The,,0,134

 report,-6.0824885,3,134

 that,-6.0243363,10,134

 the,-1.9608752,15,134

 musician,-10.7536,19,134

 injured,-9.301831,28,134

 the,-2.9931407,36,134

 artist,-5.8882656,40,134

 confused,-11.2361145,47,134

 the,-1.1933846,56,134

 banker,-12.20917,60,134

.,-1.1486862,67,134

The,,0,135

 report,-6.0827327,3,135

 that,-6.019497,10,135

 the,-1.9644288,15,135

 musician,-10.750841,19,135

 who,-4.6082144,28,135

 the,-6.918839,32,135

 father,-7.092427,36,135

 missed,-9.792295,43,135

 injured,-9.00273,50,135

 the,-2.21909,58,135

 artist,-5.977397,62,135

 confused,-10.554526,69,135

 the,-1.4104649,78,135

 banker,-12.486678,82,135

.,-1.5974212,89,135

The,,0,136

 report,-6.0824885,3,136

 that,-6.0243363,10,136

 the,-1.9608752,15,136

 pharm,-11.118562,19,136

acist,-0.14005072,25,136

 distracted,-13.665342,30,136

 the,-1.0543286,41,136

 customer,-3.3062658,45,136

 sounded,-8.97602,54,136

 surprising,-8.006173,62,136

.,-1.3877739,73,136

The,,0,137

 report,-6.0826216,3,137

 that,-6.0268755,10,137

 the,-1.9604181,15,137

 pharm,-11.119854,19,137

acist,-0.13337488,25,137

 who,-4.0387917,30,137

 the,-7.49612,34,137

 stranger,-9.919813,38,137

 saw,-5.065749,47,137

 distracted,-10.986079,51,137

 the,-2.585516,62,137

 customer,-4.875453,66,137

 sounded,-8.097651,75,137

 surprising,-8.111907,83,137

.,-0.868565,94,137

The,,0,138

 report,-6.0825024,3,138

 that,-6.025548,10,138

 the,-1.9587903,15,138

 pharm,-11.1143055,19,138

acist,-0.13537772,25,138

 questioned,-9.111852,30,138

 the,-1.0479343,41,138

 customer,-4.4710565,45,138

 sounded,-9.160259,54,138

 surprising,-6.3586516,62,138

.,-1.4417645,73,138

The,,0,139

 report,-6.082067,3,139

 that,-6.0202484,10,139

 the,-1.961844,15,139

 pharm,-11.109034,19,139

acist,-0.13964656,25,139

 who,-4.0284514,30,139

 the,-7.4829845,34,139

 stranger,-9.9389305,38,139

 saw,-5.033619,47,139

 questioned,-9.387906,51,139

 the,-1.7123396,62,139

 customer,-4.7142487,66,139

 sounded,-8.697846,75,139

 surprising,-7.7797294,83,139

.,-1.0229495,94,139

The,,0,140

 report,-6.082067,3,140

 that,-6.0202484,10,140

 the,-1.9618406,15,140

 bureaucr,-12.344709,19,140

at,-0.07188447,28,140

 disturbed,-13.344589,30,140

 the,-1.3949835,40,140

 new,-6.896032,44,140

sc,-4.6255383,48,140

aster,-1.5032018,50,140

 annoyed,-8.787656,55,140

 the,-1.797631,63,140

 neighbor,-10.171917,67,140

.,-0.99717003,76,140

The,,0,141

 report,-6.082463,3,141

 that,-6.008057,10,141

 the,-1.9594358,15,141

 bureaucr,-12.349567,19,141

at,-0.07406894,28,141

 who,-3.842444,30,141

 the,-7.3058257,34,141

 guard,-8.466292,38,141

 shouted,-7.5942345,44,141

 at,-0.29900852,52,141

 disturbed,-12.436788,55,141

 the,-1.0314385,65,141

 new,-7.126445,69,141

sc,-4.0380464,73,141

aster,-1.9524101,75,141

 annoyed,-8.599883,80,141

 the,-1.5509562,88,141

 neighbor,-10.035372,92,141

.,-0.9915992,101,141

The,,0,142

 report,-6.082067,3,142

 that,-6.0202484,10,142

 the,-1.9618406,15,142

 bureaucr,-12.344709,19,142

at,-0.07188447,28,142

 instructed,-10.245051,30,142

 the,-1.0743116,41,142

 new,-6.8022914,45,142

sc,-5.6217837,49,142

aster,-0.10582475,51,142

 annoyed,-11.449849,56,142

 the,-1.9168898,64,142

 neighbor,-11.390792,68,142

.,-1.1812255,77,142

The,,0,143

 report,-6.0816402,3,143

 that,-6.0121584,10,143

 the,-1.9603317,15,143

 bureaucr,-12.348259,19,143

at,-0.07304846,28,143

 who,-3.8473947,30,143

 the,-7.3015966,34,143

 guard,-8.440903,38,143

 shouted,-7.6074705,44,143

 at,-0.29600394,52,143

 instructed,-9.988275,55,143

 the,-1.1682743,66,143

 new,-7.92349,70,143

sc,-7.274111,74,143

aster,-0.21351363,76,143

 annoyed,-11.944492,81,143

 the,-1.6760664,89,143

 neighbor,-9.504599,93,143

.,-1.2434816,102,143

The,,0,144

 report,-6.082893,3,144

 that,-6.013208,10,144

 the,-1.9636887,15,144

 cousin,-12.244868,19,144

 troubled,-12.901362,26,144

 the,-2.0890985,35,144

 uncle,-5.5614934,39,144

 startled,-9.802491,45,144

 the,-1.8322773,54,144

 mother,-3.9349384,58,144

.,-0.7173337,65,144

The,,0,145

 report,-6.082556,3,145

 that,-6.022756,10,145

 the,-1.9630513,15,145

 cousin,-12.248489,19,145

 who,-4.2433095,26,145

 the,-6.552827,30,145

 brother,-5.6333003,34,145

 attacked,-7.691828,42,145

 troubled,-14.095985,51,145

 the,-1.5907855,60,145

 uncle,-6.0918374,64,145

 startled,-11.648304,70,145

 the,-1.7038647,79,145

 mother,-3.2638524,83,145

.,-0.69649774,90,145

The,,0,146

 report,-6.082893,3,146

 that,-6.0132127,10,146

 the,-1.9636889,15,146

 cousin,-12.244873,19,146

 killed,-7.4327707,26,146

 the,-1.621567,33,146

 uncle,-3.6758618,37,146

 startled,-10.084058,43,146

 the,-1.884465,52,146

 mother,-4.6534758,56,146

.,-0.97175413,63,146

The,,0,147

 report,-6.082579,3,147

 that,-6.019384,10,147

 the,-1.9657418,15,147

 cousin,-12.249669,19,147

 who,-4.2520576,26,147

 the,-6.535708,30,147

 brother,-5.6200147,34,147

 attacked,-7.672236,42,147

 killed,-6.396507,51,147

 the,-1.882266,58,147

 uncle,-5.1993146,62,147

 startled,-11.257521,68,147

 the,-1.9533556,77,147

 mother,-3.8470497,81,147

.,-0.7367314,88,147

The,,0,148

 report,-6.082556,3,148

 that,-6.02276,10,148

 the,-1.9630477,15,148

 teacher,-8.374073,19,148

 annoyed,-13.348122,27,148

 the,-1.3318094,35,148

 student,-2.1913862,39,148

 was,-2.3575776,47,148

 only,-5.029366,51,148

 a,-1.3490722,56,148

 malicious,-6.0097766,58,148

 smear,-7.6815195,68,148

.,-1.4778564,74,148

The,,0,149

 report,-6.082644,3,149

 that,-6.010513,10,149

 the,-1.9612494,15,149

 teacher,-8.367088,19,149

 who,-4.005861,27,149

 the,-6.808447,31,149

 principal,-4.3892255,35,149

 liked,-6.503206,45,149

 annoyed,-12.0442295,51,149

 the,-1.2392313,59,149

 student,-3.8784575,63,149

 was,-2.678996,71,149

 only,-5.447189,75,149

 a,-1.4547914,80,149

 malicious,-6.8851047,82,149

 smear,-8.415303,92,149

.,-1.1215996,98,149

The,,0,150

 report,-6.0826216,3,150

 that,-6.0268755,10,150

 the,-1.9604212,15,150

 teacher,-8.380244,19,150

 failed,-6.6640754,27,150

 the,-3.613747,34,150

 student,-1.8807555,38,150

 was,-2.0762017,46,150

 only,-5.3891377,50,150

 a,-2.0174885,55,150

 malicious,-9.121955,57,150

 smear,-6.8407874,67,150

.,-1.8715618,73,150

The,,0,151

 report,-6.082675,3,151

 that,-6.023588,10,151

 the,-1.9609932,15,151

 teacher,-8.37274,19,151

 who,-4.058871,27,151

 the,-6.814749,31,151

 principal,-4.4034724,35,151

 liked,-6.504738,45,151

 failed,-6.623412,51,151

 the,-1.7672772,58,151

 student,-2.6554208,62,151

 was,-1.9858881,70,151

 only,-5.252739,74,151

 a,-1.7141881,79,151

 malicious,-7.592833,81,151

 smear,-7.4654098,91,151

.,-1.4857662,97,151

The,,0,152

 report,-6.082893,3,152

 that,-6.013208,10,152

 the,-1.9636887,15,152

 doctor,-7.504658,19,152

 bothered,-12.397448,26,152

 the,-5.346958,35,152

 patients,-5.1295953,39,152

 seemed,-6.8340206,48,152

 hard,-6.1581087,55,152

 to,-0.08226394,60,152

 believe,-0.2527293,63,152

.,-0.6987778,71,152

The,,0,153

 report,-6.0826445,3,153

 that,-6.010513,10,153

 the,-1.9612494,15,153

 doctor,-7.499258,19,153

 who,-3.8536057,26,153

 the,-7.9189897,30,153

 colleague,-10.75229,34,153

 dist,-10.986965,44,153

r,-0.8125698,49,153

usted,-0.00042699307,50,153

 bothered,-11.136726,55,153

 the,-2.882288,64,153

 patients,-4.9957113,68,153

 seemed,-6.156578,77,153

 hard,-6.275545,84,153

 to,-0.0758881,89,153

 believe,-0.38036236,92,153

.,-0.5434847,100,153

The,,0,154

 report,-6.082759,3,154

 that,-6.029469,10,154

 the,-1.9602393,15,154

 doctor,-7.530543,19,154

 cured,-11.616591,26,154

 the,-1.5532352,32,154

 patients,-4.9064846,36,154

 seemed,-6.0587487,45,154

 hard,-6.297085,52,154

 to,-0.06477107,57,154

 believe,-0.118343465,60,154

.,-0.75728226,68,154

The,,0,155

 report,-6.081849,3,155

 that,-6.01097,10,155

 the,-1.9616554,15,155

 doctor,-7.5085073,19,155

 who,-3.8500762,26,155

 the,-7.9145684,30,155

 colleague,-10.748955,34,155

 dist,-10.98674,44,155

r,-0.80787826,49,155

usted,-0.00042723241,50,155

 cured,-10.7191105,55,155

 the,-1.3717536,61,155

 patients,-4.1990924,65,155

 seemed,-5.213416,74,155

 hard,-5.8516817,81,155

 to,-0.072578706,86,155

 believe,-0.22647193,89,155

.,-0.53825295,97,155

The,,0,156

 report,-6.0827703,3,156

 that,-6.0238776,10,156

 the,-1.9673768,15,156

 bully,-11.435366,19,156

 shocked,-10.660677,25,156

 the,-1.404339,33,156

 boy,-3.2472405,37,156

 was,-2.6805453,41,156

 entirely,-6.5557942,45,156

 correct,-4.273564,54,156

.,-0.6242034,62,156

The,,0,157

 report,-6.082314,3,157

 that,-6.0177236,10,157

 the,-1.9614217,15,157

 bully,-11.435838,19,157

 who,-4.9119363,25,157

 the,-6.971046,29,157

 children,-6.088271,33,157

 hated,-6.465585,42,157

 shocked,-12.037535,48,157

 the,-1.6816864,56,157

 boy,-5.826294,60,157

 was,-3.5466692,64,157

 entirely,-6.5070143,68,157

 correct,-3.5140662,77,157

.,-0.4071372,85,157

The,,0,158

 report,-6.0827703,3,158

 that,-6.0238776,10,158

 the,-1.9673768,15,158

 bully,-11.435366,19,158

 harassed,-8.41148,25,158

 the,-1.7690579,34,158

 boy,-4.094122,38,158

 was,-2.5221896,42,158

 entirely,-5.984595,46,158

 correct,-4.2935367,55,158

.,-0.6810035,63,158

The,,0,159

 report,-6.082067,3,159

 that,-6.0202446,10,159

 the,-1.9618441,15,159

 bully,-11.442121,19,159

 who,-4.918474,25,159

 the,-6.9649763,29,159

 children,-6.089862,33,159

 hated,-6.4717226,42,159

 harassed,-11.462294,48,159

 the,-1.7017807,57,159

 boy,-2.8021238,61,159

 was,-3.7070017,65,159

 entirely,-6.2515674,69,159

 correct,-3.6627421,78,159

.,-0.41326955,86,159

The,,0,160

 report,-6.0825024,3,160

 that,-6.025549,10,160

 the,-1.9587904,15,160

 agent,-8.237817,19,160

 confused,-12.0879,25,160

 the,-1.2169713,34,160

 criminal,-8.485753,38,160

 was,-6.3934712,47,160

 acknowledged,-8.315204,51,160

.,-3.1050878,64,160

The,,0,161

 report,-6.082314,3,161

 that,-6.0177236,10,161

 the,-1.9614217,15,161

 agent,-8.241291,19,161

 who,-3.8247066,25,161

 the,-7.379859,29,161

 f,-8.370167,33,161

bi,-0.46700802,35,161

 sent,-2.9134676,37,161

 confused,-14.433712,42,161

 the,-1.4159799,51,161

 criminal,-7.2123556,55,161

 was,-6.7304983,64,161

 acknowledged,-9.699576,68,161

.,-1.7644452,81,161

The,,0,162

 report,-6.0827703,3,162

 that,-6.0238776,10,162

 the,-1.967377,15,162

 agent,-8.23319,19,162

 arrested,-8.701642,25,162

 the,-2.8878655,34,162

 criminal,-6.262708,38,162

 was,-2.5952737,47,162

 acknowledged,-8.020937,51,162

.,-2.088456,64,162

The,,0,163

 report,-6.082314,3,163

 that,-6.0177236,10,163

 the,-1.9614217,15,163

 agent,-8.241291,19,163

 who,-3.8247066,25,163

 the,-7.379859,29,163

 f,-8.370167,33,163

bi,-0.46700802,35,163

 sent,-2.9134676,37,163

 arrested,-11.946335,42,163

 the,-2.5588248,51,163

 criminal,-6.7447467,55,163

 was,-3.3820496,64,163

 acknowledged,-10.123855,68,163

.,-1.8485291,81,163

The,,0,164

 report,-6.0826235,3,164

 that,-6.008878,10,164

 the,-1.9633209,15,164

 senator,-7.959766,19,164

 troubled,-12.683378,27,164

 the,-1.8014094,36,164

 opponent,-9.894161,40,164

 deserved,-11.583928,49,164

 attention,-3.6020582,58,164

.,-0.98008364,68,164

The,,0,165

 report,-6.0827327,3,165

 that,-6.019497,10,165

 the,-1.9644284,15,165

 senator,-7.960568,19,165

 who,-5.843654,27,165

 the,-7.0977855,31,165

 diplomat,-11.303829,35,165

 supported,-8.136087,44,165

 troubled,-13.618294,54,165

 the,-1.8997265,63,165

 opponent,-9.608361,67,165

 deserved,-12.622709,76,165

 attention,-3.2365851,85,165

.,-0.9321118,95,165

The,,0,166

 report,-6.0826235,3,166

 that,-6.008878,10,166

 the,-1.9633209,15,166

 senator,-7.959766,19,166

 defeated,-11.115789,27,166

 the,-1.7831819,36,166

 opponent,-7.2067995,40,166

 deserved,-11.66531,49,166

 attention,-3.2348607,58,166

.,-1.0933577,68,166

The,,0,167

 report,-6.0827327,3,167

 that,-6.019497,10,167

 the,-1.9644284,15,167

 senator,-7.960568,19,167

 who,-5.843654,27,167

 the,-7.0977855,31,167

 diplomat,-11.303829,35,167

 supported,-8.136087,44,167

 defeated,-7.550362,54,167

 the,-0.7895584,63,167

 opponent,-5.360067,67,167

 deserved,-13.075736,76,167

 attention,-5.7592015,85,167

.,-1.3761319,95,167

The,,0,168

 report,-6.0819173,3,168

 that,-6.024018,10,168

 the,-1.9659599,15,168

 fian,-12.212042,19,168

c,-0.47332862,24,168

 startled,-13.689375,26,168

 the,-2.0946407,35,168

 bride,-4.5250425,39,168

 did,-6.5530605,45,168

 not,-0.18193948,49,168

 surprise,-1.8089923,53,168

 anyone,-3.1787298,62,168

.,-0.6975638,69,168

The,,0,169

 report,-6.082463,3,169

 that,-6.008062,10,169

 the,-1.9594324,15,169

 fian,-12.189558,19,169

c,-0.47546747,24,169

 who,-5.664594,26,169

 the,-6.2385592,30,169

 author,-6.5258684,34,169

 met,-3.821645,41,169

 startled,-13.859666,45,169

 the,-1.9242886,54,169

 bride,-5.980883,58,169

 did,-7.1019564,64,169

 not,-0.12127712,68,169

 surprise,-3.693241,72,169

 anyone,-3.8400435,81,169

.,-0.65977997,88,169

The,,0,170

 report,-6.0827327,3,170

 that,-6.019493,10,170

 the,-1.9644288,15,170

 fian,-12.20093,19,170

c,-0.47589293,24,170

 married,-8.993419,26,170

 the,-1.7278544,34,170

 bride,-3.89335,38,170

 did,-7.27083,44,170

 not,-0.13366981,48,170

 surprise,-2.0508878,52,170

 anyone,-2.3944235,61,170

.,-0.712106,68,170

The,,0,171

 report,-6.082138,3,171

 that,-6.006662,10,171

 the,-1.9625119,15,171

 fian,-12.191876,19,171

c,-0.4738528,24,171

 who,-5.6528907,26,171

 the,-6.217933,30,171

 author,-6.513878,34,171

 met,-3.812313,41,171

 married,-7.7249827,45,171

 the,-2.241456,53,171

 bride,-5.037701,57,171

 did,-7.104412,63,171

 not,-0.14987206,67,171

 surprise,-3.8998086,71,171

 anyone,-3.886706,80,171

.,-0.7139819,87,171

The,,0,172

 report,-6.082574,3,172

 that,-6.0162287,10,172

 the,-1.9630163,15,172

 businessman,-10.002645,19,172

 hurt,-11.735639,31,172

 the,-2.4707725,36,172

 employee,-5.0797453,40,172

 came,-4.177125,49,172

 as,-2.83758,54,172

 a,-0.7069355,57,172

 disappointment,-7.381351,59,172

.,-2.8245413,74,172

The,,0,173

 report,-6.082314,3,173

 that,-6.0177236,10,173

 the,-1.9614186,15,173

 businessman,-10.000952,19,173

 who,-4.270648,31,173

 the,-6.3846855,35,173

 sponsor,-10.267309,39,173

 backed,-8.2716875,47,173

 hurt,-11.580305,54,173

 the,-1.4336064,59,173

 employee,-6.989482,63,173

 came,-5.7163687,72,173

 as,-2.811267,77,173

 a,-0.4160076,80,173

 disappointment,-6.4545555,82,173

.,-1.1918511,97,173

The,,0,174

 report,-6.082556,3,174

 that,-6.02276,10,174

 the,-1.9630477,15,174

 businessman,-9.997405,19,174

 fired,-8.590391,31,174

 the,-1.8167262,37,174

 employee,-3.0567625,41,174

 came,-3.9611013,50,174

 as,-1.6578066,55,174

 a,-0.7016118,58,174

 disappointment,-6.19996,60,174

.,-2.8049862,75,174

The,,0,175

 report,-6.082579,3,175

 that,-6.019384,10,175

 the,-1.9657418,15,175

 businessman,-9.995981,19,175

 who,-4.280157,31,175

 the,-6.398512,35,175

 sponsor,-10.266683,39,175

 backed,-8.267025,47,175

 fired,-8.458109,54,175

 the,-1.295364,60,175

 employee,-3.7236853,64,175

 came,-5.3754115,73,175

 as,-1.3405066,78,175

 a,-0.69194895,81,175

 disappointment,-5.52856,83,175

.,-1.5708346,98,175

The,,0,176

 report,-6.082759,3,176

 that,-6.029469,10,176

 the,-1.9602389,15,176

 thief,-10.470116,19,176

 enraged,-13.524529,25,176

 the,-1.424999,33,176

 woman,-4.55121,37,176

 shocked,-9.60509,43,176

 her,-3.4737966,51,176

 family,-3.7350004,55,176

.,-1.057038,62,176

The,,0,177

 report,-6.0828843,3,177

 that,-6.0259686,10,177

 the,-1.9623083,15,177

 thief,-10.478497,19,177

 who,-3.4740558,25,177

 the,-8.034893,29,177

 detective,-6.4695044,33,177

 caught,-3.7382956,43,177

 enraged,-13.828825,50,177

 the,-1.3633798,58,177

 woman,-5.474416,62,177

 shocked,-10.252447,68,177

 her,-2.2949986,76,177

 family,-5.3310723,80,177

.,-0.9059794,87,177

The,,0,178

 report,-6.0827703,3,178

 that,-6.0238776,10,178

 the,-1.9673768,15,178

 thief,-10.46241,19,178

 robbed,-7.086618,25,178

 the,-1.3541251,32,178

 woman,-3.916371,36,178

 shocked,-7.7744985,42,178

 her,-3.4044645,50,178

 family,-3.91598,54,178

.,-1.0770003,61,178

The,,0,179

 report,-6.082314,3,179

 that,-6.0177236,10,179

 the,-1.9614217,15,179

 thief,-10.46443,19,179

 who,-3.4790564,25,179

 the,-8.011056,29,179

 detective,-6.4797134,33,179

 caught,-3.7364335,43,179

 robbed,-7.8798723,50,179

 the,-1.4306011,57,179

 woman,-5.088779,61,179

 shocked,-10.32109,67,179

 her,-2.8881767,75,179

 family,-5.7795486,79,179

.,-0.8684312,86,179

The,,0,180

 report,-6.0827703,3,180

 that,-6.0238776,10,180

 the,-1.967377,15,180

 criminal,-8.763569,19,180

 surprised,-14.304751,28,180

 the,-1.501171,38,180

 officer,-4.044564,42,180

 seemed,-8.061145,50,180

 concerning,-10.851161,57,180

.,-1.6477815,68,180

The,,0,181

 report,-6.082579,3,181

 that,-6.019384,10,181

 the,-1.9657382,15,181

 criminal,-8.762005,19,181

 who,-5.063327,28,181

 the,-6.5528893,32,181

 stranger,-10.294149,36,181

 distracted,-10.879066,45,181

 surprised,-10.291501,56,181

 the,-1.9050153,66,181

 officer,-4.158767,70,181

 seemed,-8.297896,78,181

 concerning,-10.344106,85,181

.,-1.3173846,96,181

The,,0,182

 report,-6.082511,3,182

 that,-6.019454,10,182

 the,-1.9680835,15,182

 criminal,-8.756122,19,182

 killed,-7.124465,28,182

 the,-1.8422872,35,182

 officer,-4.323481,39,182

 seemed,-6.9573083,47,182

 concerning,-11.573176,54,182

.,-1.9436162,65,182

The,,0,183

 report,-6.0826597,3,183

 that,-6.021149,10,183

 the,-1.9617243,15,183

 criminal,-8.757208,19,183

 who,-5.058909,28,183

 the,-6.567099,32,183

 stranger,-10.296941,36,183

 distracted,-10.856467,45,183

 killed,-7.287721,56,183

 the,-2.4148834,63,183

 officer,-4.744617,67,183

 seemed,-6.7914405,75,183

 concerning,-10.359228,82,183

.,-1.5356019,93,183

The,,0,184

 report,-6.0824866,3,184

 that,-6.025318,10,184

 the,-1.9656036,15,184

 customer,-9.3717375,19,184

 horrified,-15.893306,28,184

 the,-2.0866055,38,184

 clerk,-4.0868015,42,184

 was,-3.2086098,48,184

 very,-5.0904417,52,184

 believable,-5.425626,57,184

.,-0.78029126,68,184

The,,0,185

 report,-6.0826597,3,185

 that,-6.021149,10,185

 the,-1.9617277,15,185

 customer,-9.367241,19,185

 who,-4.864937,28,185

 the,-6.9717364,32,185

 vendor,-6.7175727,36,185

 welcomed,-11.300783,43,185

 horrified,-14.575669,52,185

 the,-1.9867418,62,185

 clerk,-5.0880456,66,185

 was,-4.3121076,72,185

 very,-4.8926363,76,185

 believable,-6.8944917,81,185

.,-0.4871606,92,185

The,,0,186

 report,-6.0824866,3,186

 that,-6.025318,10,186

 the,-1.9656036,15,186

 customer,-9.3717375,19,186

 called,-5.7904153,28,186

 the,-1.9408168,35,186

 clerk,-5.9327993,39,186

 was,-4.4733434,45,186

 very,-4.6983166,49,186

 believable,-4.557988,54,186

.,-1.0762849,65,186

The,,0,187

 report,-6.0826597,3,187

 that,-6.021149,10,187

 the,-1.9617277,15,187

 customer,-9.367241,19,187

 who,-4.864937,28,187

 the,-6.9717364,32,187

 vendor,-6.7175727,36,187

 welcomed,-11.300783,43,187

 called,-7.2630234,52,187

 the,-1.4076692,59,187

 clerk,-5.985815,63,187

 was,-4.2687097,69,187

 very,-4.510086,73,187

 believable,-10.070435,78,187

.,-0.63054717,89,187

The,,0,188

 report,-6.0826235,3,188

 that,-6.008878,10,188

 the,-1.9633242,15,188

 president,-4.24102,19,188

 impressed,-12.959888,29,188

 the,-2.0889523,39,188

 commander,-7.0534105,43,188

 was,-4.359542,53,188

 entirely,-6.481228,57,188

 bogus,-6.763505,66,188

.,-0.60856813,72,188

The,,0,189

 report,-6.0823483,3,189

 that,-6.026094,10,189

 the,-1.9646925,15,189

 president,-4.2609334,19,189

 who,-9.19676,29,189

 the,-7.315938,33,189

 farmer,-9.927356,37,189

 admired,-6.5915537,44,189

 impressed,-11.776634,52,189

 the,-1.4099011,62,189

 commander,-7.503932,66,189

 was,-3.8041403,76,189

 entirely,-7.737027,80,189

 bogus,-7.6808667,89,189

.,-0.48925042,95,189

The,,0,190

 report,-6.0824046,3,190

 that,-6.026609,10,190

 the,-1.9622458,15,190

 president,-4.2411113,19,190

 appointed,-9.005856,29,190

 the,-2.3032043,39,190

 commander,-6.3556275,43,190

 was,-4.9974823,53,190

 entirely,-7.643969,57,190

 bogus,-5.9629683,66,190

.,-0.80207205,72,190

The,,0,191

 report,-6.0819173,3,191

 that,-6.024014,10,191

 the,-1.9659599,15,191

 president,-4.2488103,19,191

 who,-9.183159,29,191

 the,-7.3236475,33,191

 farmer,-9.915409,37,191

 admired,-6.631083,44,191

 appointed,-7.8006635,52,191

 the,-2.1449902,62,191

 commander,-7.886608,66,191

 was,-4.630195,76,191

 entirely,-6.8434787,80,191

 bogus,-7.06025,89,191

.,-0.51848,95,191

The,,0,192

 report,-6.0826235,3,192

 that,-6.008878,10,192

 the,-1.9633242,15,192

 victim,-6.715591,19,192

 surprised,-11.966068,26,192

 the,-0.8532954,36,192

 criminal,-5.890946,40,192

 appeared,-9.051331,49,192

 on,-2.4354262,58,192

 tv,-7.4028597,61,192

.,-2.3416471,64,192

The,,0,193

 report,-6.0816402,3,193

 that,-6.012159,10,193

 the,-1.960328,15,193

 victim,-6.714833,19,193

 who,-6.285226,26,193

 the,-6.571998,30,193

 swim,-11.976479,34,193

mer,-0.4100734,39,193

 rescued,-6.790746,42,193

 surprised,-13.422414,50,193

 the,-2.3333533,60,193

 criminal,-6.435317,64,193

 appeared,-9.071068,73,193

 on,-1.8329916,82,193

 tv,-7.126553,85,193

.,-2.8241417,88,193

The,,0,194

 report,-6.0825024,3,194

 that,-6.025549,10,194

 the,-1.9587872,15,194

 victim,-6.718236,19,194

 sued,-9.880843,26,194

 the,-1.1012906,31,194

 criminal,-6.4812655,35,194

 appeared,-8.979427,44,194

 on,-1.4740887,53,194

 tv,-7.3909154,56,194

.,-2.0513337,59,194

The,,0,195

 report,-6.0826216,3,195

 that,-6.0268755,10,195

 the,-1.9604212,15,195

 victim,-6.719458,19,195

 who,-6.2799845,26,195

 the,-6.5498486,30,195

 swim,-11.956988,34,195

mer,-0.40721548,39,195

 rescued,-6.769299,42,195

 sued,-8.975978,50,195

 the,-2.331196,55,195

 criminal,-6.9227295,59,195

 appeared,-11.840586,68,195

 on,-1.5850531,77,195

 tv,-7.212553,80,195

.,-1.8022065,83,195

The,,0,196

 report,-6.082574,3,196

 that,-6.016232,10,196

 the,-1.9630163,15,196

 guest,-10.238487,19,196

 pleased,-12.508549,25,196

 the,-1.9900125,33,196

 uncle,-8.032619,37,196

 calmed,-11.000405,43,196

 everyone,-4.7284837,50,196

 down,-0.7064046,59,196

.,-0.49595273,64,196

The,,0,197

 report,-6.0828843,3,197

 that,-6.0259686,10,197

 the,-1.9623083,15,197

 guest,-10.260275,19,197

 who,-4.31482,25,197

 the,-6.2358894,29,197

 cousin,-9.390964,33,197

 invited,-5.421002,40,197

 pleased,-11.555841,48,197

 the,-1.9056163,56,197

 uncle,-4.6965866,60,197

 calmed,-11.595619,66,197

 everyone,-6.445378,73,197

 down,-0.69838005,82,197

.,-0.4267178,87,197

The,,0,198

 report,-6.082574,3,198

 that,-6.016232,10,198

 the,-1.9630163,15,198

 guest,-10.238487,19,198

 visited,-8.137295,25,198

 the,-1.1380793,33,198

 uncle,-10.923441,37,198

 calmed,-12.222136,43,198

 everyone,-4.0302124,50,198

 down,-0.5533333,59,198

.,-0.5062165,64,198

The,,0,199

 report,-6.0827327,3,199

 that,-6.019497,10,199

 the,-1.9644288,15,199

 guest,-10.237137,19,199

 who,-4.2550178,25,199

 the,-6.2625656,29,199

 cousin,-9.363682,33,199

 invited,-5.416869,40,199

 visited,-6.0237093,48,199

 the,-1.6407626,56,199

 uncle,-6.6769276,60,199

 calmed,-12.074338,66,199

 everyone,-6.5892777,73,199

 down,-0.477847,82,199

.,-0.40139997,87,199

The,,0,200

 report,-6.082574,3,200

 that,-6.0162287,10,200

 the,-1.9630163,15,200

 psychiatrist,-10.378392,19,200

 pleased,-14.06542,32,200

 the,-1.636486,40,200

 patient,-5.2221174,44,200

 impressed,-9.49903,52,200

 the,-1.1308507,62,200

 whole,-5.708663,66,200

 city,-5.661359,72,200

.,-0.65464777,77,200

The,,0,201

 report,-6.0828843,3,201

 that,-6.025972,10,201

 the,-1.9623082,15,201

 psychiatrist,-10.3923855,19,201

 who,-3.6119924,32,201

 the,-7.816855,36,201

 nurse,-7.3395405,40,201

 assisted,-8.779679,46,201

 pleased,-14.309402,55,201

 the,-1.564971,63,201

 patient,-3.8182054,67,201

 impressed,-10.341444,75,201

 the,-1.2143295,85,201

 whole,-6.3100247,89,201

 city,-5.455641,95,201

.,-0.62892115,100,201

The,,0,202

 report,-6.082759,3,202

 that,-6.029469,10,202

 the,-1.9602393,15,202

 psychiatrist,-10.384239,19,202

 diagnosed,-8.359803,32,202

 the,-2.6194496,42,202

 patient,-2.096539,46,202

 impressed,-13.59027,54,202

 the,-1.6176339,64,202

 whole,-6.848991,68,202

 city,-5.943833,74,202

.,-0.7416454,79,202

The,,0,203

 report,-6.0822716,3,203

 that,-6.0187526,10,203

 the,-1.9599236,15,203

 psychiatrist,-10.38058,19,203

 who,-3.5864117,32,203

 the,-7.824978,36,203

 nurse,-7.360101,40,203

 assisted,-8.775394,46,203

 diagnosed,-7.777623,55,203

 the,-2.228516,65,203

 patient,-1.0683548,69,203

 impressed,-13.740605,77,203

 the,-1.5207598,87,203

 whole,-7.335245,91,203

 city,-6.484489,97,203

.,-0.91330653,102,203

The,,0,204

 report,-6.082759,3,204

 that,-6.029469,10,204

 the,-1.9602389,15,204

 driver,-7.7850227,19,204

 amazed,-15.613223,26,204

 the,-1.5204265,33,204

 tourist,-8.305829,37,204

 was,-2.5190623,45,204

 absolutely,-6.4963274,49,204

 true,-1.0365758,60,204

.,-0.27336928,65,204

The,,0,205

 report,-6.0828843,3,205

 that,-6.0259686,10,205

 the,-1.9623083,15,205

 driver,-7.788234,19,205

 who,-4.361832,26,205

 the,-7.2088532,30,205

 guide,-10.372875,34,205

 called,-5.965735,40,205

 amazed,-13.943494,47,205

 the,-2.0109882,54,205

 tourist,-5.6102257,58,205

 was,-2.9480305,66,205

 absolutely,-7.813451,70,205

 true,-1.781833,81,205

.,-0.28559732,86,205

The,,0,206

 report,-6.082759,3,206

 that,-6.029469,10,206

 the,-1.9602389,15,206

 driver,-7.7850227,19,206

 drove,-7.0439706,26,206

 the,-2.2883544,32,206

 tourist,-9.600686,36,206

 was,-5.421897,44,206

 absolutely,-6.9049993,48,206

 true,-3.1381173,59,206

.,-0.68119395,64,206

The,,0,207

 report,-6.082556,3,207

 that,-6.0227566,10,207

 the,-1.9630513,15,207

 driver,-7.774759,19,207

 who,-4.379967,26,207

 the,-7.1897473,30,207

 guide,-10.471243,34,207

 called,-5.964159,40,207

 drove,-8.074883,47,207

 the,-2.4245539,53,207

 tourist,-7.186817,57,207

 was,-3.3534307,65,207

 absolutely,-7.02038,69,207

 true,-2.8524787,80,207

.,-0.5101758,85,207

The,,0,208

 report,-6.082893,3,208

 that,-6.013208,10,208

 the,-1.9636887,15,208

 actor,-8.655909,19,208

 astonished,-14.936514,25,208

 the,-1.317757,36,208

 director,-3.873605,40,208

 appeared,-7.1641073,49,208

 to,-2.5049553,58,208

 be,-0.6095034,61,208

 true,-1.0941999,64,208

.,-0.5851831,69,208

The,,0,209

 report,-6.082556,3,209

 that,-6.022756,10,209

 the,-1.9630513,15,209

 actor,-8.649683,19,209

 who,-4.051338,25,209

 the,-7.2199893,29,209

 fans,-5.001113,33,209

 loved,-3.236338,38,209

 astonished,-15.29935,44,209

 the,-1.3879551,55,209

 director,-4.908327,59,209

 appeared,-9.381663,68,209

 to,-2.9974988,77,209

 be,-0.48886928,80,209

 true,-2.148845,83,209

.,-0.24088532,88,209

The,,0,210

 report,-6.0827703,3,210

 that,-6.0238776,10,210

 the,-1.9673735,15,210

 actor,-8.641835,19,210

 greeted,-11.941971,25,210

 the,-1.2424828,33,210

 director,-4.889753,37,210

 appeared,-8.861275,46,210

 to,-1.671565,55,210

 be,-1.2456688,58,210

 true,-2.0481915,61,210

.,-0.9002245,66,210

The,,0,211

 report,-6.082314,3,211

 that,-6.0177236,10,211

 the,-1.9614186,15,211

 actor,-8.654287,19,211

 who,-4.018795,25,211

 the,-7.2145886,29,211

 fans,-4.9631376,33,211

 loved,-3.239409,38,211

 greeted,-12.452602,44,211

 the,-1.6836013,52,211

 director,-5.1922646,56,211

 appeared,-10.065535,65,211

 to,-2.7657568,74,211

 be,-0.54487693,77,211

 true,-3.0173872,80,211

.,-0.3217668,85,211

The,,0,212

 report,-6.082314,3,212

 that,-6.0177236,10,212

 the,-1.9614187,15,212

 banker,-10.594484,19,212

 excited,-11.922807,26,212

 the,-4.775093,34,212

 customer,-8.963622,38,212

 proved,-8.806325,47,212

 to,-0.78833133,54,212

 be,-0.04947577,57,212

 made,-9.704156,60,212

 up,-1.4627764,65,212

.,-1.2425263,68,212

The,,0,213

 report,-6.081765,3,213

 that,-6.0264764,10,213

 the,-1.9646688,15,213

 banker,-10.587473,19,213

 who,-4.8947706,26,213

 the,-7.0591326,30,213

 analyst,-8.806666,34,213

 deceived,-11.48341,42,213

 excited,-12.197306,51,213

 the,-2.9532194,59,213

 customer,-7.582811,63,213

 proved,-8.725109,72,213

 to,-0.8111522,79,213

 be,-0.081352,82,213

 made,-8.127358,85,213

 up,-1.0178412,90,213

.,-1.0734898,93,213

The,,0,214

 report,-6.082556,3,214

 that,-6.02276,10,214

 the,-1.9630477,15,214

 banker,-10.584724,19,214

 trusted,-11.283745,26,214

 the,-2.3925228,34,214

 customer,-4.8259935,38,214

 proved,-7.7645316,47,214

 to,-0.5637325,54,214

 be,-0.030436087,57,214

 made,-9.599613,60,214

 up,-0.9161164,65,214

.,-0.9822043,68,214

The,,0,215

 report,-6.0830293,3,215

 that,-6.0093985,10,215

 the,-1.9649768,15,215

 banker,-10.581148,19,215

 who,-4.888585,26,215

 the,-7.053868,30,215

 analyst,-8.8422575,34,215

 deceived,-11.475907,42,215

 trusted,-10.1187315,51,215

 the,-1.4728861,59,215

 customer,-7.234263,63,215

 proved,-9.014033,72,215

 to,-0.73174477,79,215

 be,-0.06792144,82,215

 made,-9.510874,85,215

 up,-0.92703956,90,215

.,-1.0959196,93,215

The,,0,216

 report,-6.082893,3,216

 that,-6.013208,10,216

 the,-1.9636887,15,216

 judge,-6.501738,19,216

 vind,-10.337818,25,216

icated,-0.08183575,30,216

 the,-1.3601317,36,216

 defendant,-5.6736894,40,216

 was,-2.0891397,50,216

 a,-2.4223645,54,216

 lie,-2.1564963,56,216

.,-0.66921717,60,216

The,,0,217

 report,-6.082556,3,217

 that,-6.022756,10,217

 the,-1.9630513,15,217

 judge,-6.4956393,19,217

 who,-4.9114456,25,217

 the,-8.231534,29,217

 attorney,-5.2161965,33,217

 hated,-11.33694,42,217

 vind,-10.676647,48,217

icated,-0.1628708,53,217

 the,-1.4363627,59,217

 defendant,-4.5484505,63,217

 was,-2.5849009,73,217

 a,-2.3898654,77,217

 lie,-3.195477,79,217

.,-0.5670369,83,217

The,,0,218

 report,-6.082893,3,218

 that,-6.0132127,10,218

 the,-1.9636889,15,218

 judge,-6.5017357,19,218

 convicted,-9.337965,25,218

 the,-2.0604882,35,218

 defendant,-2.8632107,39,218

 was,-3.6720123,49,218

 a,-3.0054789,53,218

 lie,-2.531697,55,218

.,-0.5403471,59,218

The,,0,219

 report,-6.082556,3,219

 that,-6.0227566,10,219

 the,-1.9630513,15,219

 judge,-6.49564,19,219

 who,-4.9114494,25,219

 the,-8.23153,29,219

 attorney,-5.2161965,33,219

 hated,-11.336942,42,219

 convicted,-9.668286,48,219

 the,-1.6385207,58,219

 defendant,-3.2784405,62,219

 was,-2.6015577,72,219

 a,-2.818175,76,219

 lie,-1.1092821,78,219

.,-0.49278903,82,219

The,,0,220

 report,-6.082893,3,220

 that,-6.013208,10,220

 the,-1.9636887,15,220

 captain,-7.87398,19,220

 encouraged,-11.682408,27,220

 the,-1.2631307,38,220

 sailor,-6.433357,42,220

 was,-4.834603,49,220

 nice,-8.842261,53,220

 to,-1.1868407,58,220

 hear,-0.78416014,61,220

.,-0.9177592,66,220

The,,0,221

 report,-6.082556,3,221

 that,-6.022756,10,221

 the,-1.9630513,15,221

 captain,-7.872329,19,221

 who,-6.223314,27,221

 the,-6.8109627,31,221

 crew,-4.752699,35,221

 trusted,-4.682913,40,221

 encouraged,-10.259051,48,221

 the,-1.5298392,59,221

 sailor,-6.5561438,63,221

 was,-5.7201056,70,221

 nice,-8.897535,74,221

 to,-1.892931,79,221

 hear,-2.6293118,82,221

.,-0.5951902,87,221

The,,0,222

 report,-6.0826235,3,222

 that,-6.008878,10,222

 the,-1.9633242,15,222

 captain,-7.8777504,19,222

 commanded,-8.895224,27,222

 the,-1.5698811,37,222

 sailor,-7.065433,41,222

 was,-5.099083,48,222

 nice,-9.44991,52,222

 to,-2.3941126,57,222

 hear,-1.0157856,60,222

.,-0.7100866,65,222

The,,0,223

 report,-6.082556,3,223

 that,-6.022756,10,223

 the,-1.9630513,15,223

 captain,-7.872329,19,223

 who,-6.223314,27,223

 the,-6.8109627,31,223

 crew,-4.752699,35,223

 trusted,-4.682913,40,223

 commanded,-8.788947,48,223

 the,-0.93044746,58,223

 sailor,-9.744975,62,223

 was,-4.7897944,69,223

 nice,-8.298719,73,223

 to,-2.62182,78,223

 hear,-2.6806815,81,223

.,-0.39257905,86,223

The,,0,224

 report,-6.0830083,3,224

 that,-6.0147886,10,224

 the,-1.9611102,15,224

 manager,-8.913686,19,224

 saddened,-15.580476,27,224

 the,-2.077052,36,224

 intern,-10.191268,40,224

 seemed,-6.381703,47,224

 absurd,-5.6333127,54,224

.,-1.1636041,61,224

The,,0,225

 report,-6.0822716,3,225

 that,-6.0187526,10,225

 the,-1.9599239,15,225

 manager,-8.924935,19,225

 who,-5.1583004,27,225

 the,-6.063225,31,225

 boss,-5.8247952,35,225

 authorized,-8.961893,40,225

 saddened,-16.361448,51,225

 the,-2.1873565,60,225

 intern,-9.115196,64,225

 seemed,-6.7157993,71,225

 absurd,-7.662971,78,225

.,-0.915854,85,225

The,,0,226

 report,-6.0830083,3,226

 that,-6.0147886,10,226

 the,-1.9611102,15,226

 manager,-8.913686,19,226

 hired,-9.000255,27,226

 the,-2.684652,33,226

 intern,-6.1797557,37,226

 seemed,-7.308822,44,226

 absurd,-6.342133,51,226

.,-1.0264425,58,226

The,,0,227

 report,-6.0819173,3,227

 that,-6.024013,10,227

 the,-1.9659603,15,227

 manager,-8.916449,19,227

 who,-5.151967,27,227

 the,-6.0679607,31,227

 boss,-5.8396807,35,227

 authorized,-8.958759,40,227

 hired,-7.9637065,51,227

 the,-2.2121093,57,227

 intern,-5.695432,61,227

 seemed,-7.5220757,68,227

 absurd,-7.239521,75,227

.,-1.0461066,82,227

The,,0,228

 report,-6.0819173,3,228

 that,-6.024018,10,228

 the,-1.9659599,15,228

 plaintiff,-7.997071,19,228

 startled,-14.461742,29,228

 the,-0.7522987,38,228

 witness,-5.6250796,42,228

 made,-7.316686,50,228

 it,-2.3968835,55,228

 into,-3.5108197,58,228

 the,-0.3621429,63,228

 news,-3.2748504,67,228

.,-1.3492088,72,228

The,,0,229

 report,-6.082463,3,229

 that,-6.008062,10,229

 the,-1.9594324,15,229

 plaintiff,-8.019268,19,229

 who,-7.041408,29,229

 the,-6.896602,33,229

 jury,-5.4867945,37,229

 interrogated,-12.564308,42,229

 startled,-13.583719,55,229

 the,-1.3557911,64,229

 witness,-3.8725865,68,229

 made,-6.9047112,76,229

 it,-2.7257311,81,229

 into,-3.7555976,84,229

 the,-0.37917143,89,229

 news,-2.8202043,93,229

.,-1.0797905,98,229

The,,0,230

 report,-6.0819173,3,230

 that,-6.024018,10,230

 the,-1.9659599,15,230

 plaintiff,-7.997071,19,230

 attacked,-9.221958,29,230

 the,-0.7602858,38,230

 witness,-5.604256,42,230

 made,-8.086864,50,230

 it,-2.8369942,55,230

 into,-3.8494806,58,230

 the,-0.29415256,63,230

 news,-2.8051746,67,230

.,-1.2067457,72,230

The,,0,231

 report,-6.082463,3,231

 that,-6.008062,10,231

 the,-1.9594324,15,231

 plaintiff,-8.019268,19,231

 who,-7.041408,29,231

 the,-6.896602,33,231

 jury,-5.4867945,37,231

 interrogated,-12.564308,42,231

 attacked,-9.391968,55,231

 the,-1.0880853,64,231

 witness,-3.93933,68,231

 made,-7.1151867,76,231

 it,-2.7058024,81,231

 into,-3.3094745,84,231

 the,-0.3031736,89,231

 news,-2.4882054,93,231

.,-1.0684047,98,231

The,,0,232

 report,-6.0824046,3,232

 that,-6.026609,10,232

 the,-1.9622432,15,232

 guest,-10.2499895,19,232

 stunned,-14.377605,25,232

 the,-0.98066014,33,232

 bartender,-6.2002897,37,232

 sounded,-9.616791,47,232

 hilarious,-5.890222,55,232

.,-0.8489215,65,232

The,,0,233

 report,-6.0819173,3,233

 that,-6.024013,10,233

 the,-1.9659603,15,233

 guest,-10.251968,19,233

 who,-4.307629,25,233

 the,-6.245585,29,233

 thug,-9.439964,33,233

 hit,-4.1299596,38,233

 stunned,-12.654439,42,233

 the,-1.4845285,50,233

 bartender,-7.283281,54,233

 sounded,-10.0340185,64,233

 hilarious,-7.122875,72,233

.,-0.6165558,82,233

The,,0,234

 report,-6.0824046,3,234

 that,-6.026609,10,234

 the,-1.9622432,15,234

 guest,-10.2499895,19,234

 tricked,-12.565897,25,234

 the,-0.8950777,33,234

 bartender,-6.0372043,37,234

 sounded,-9.47264,47,234

 hilarious,-5.845706,55,234

.,-0.81048656,65,234

The,,0,235

 report,-6.0819173,3,235

 that,-6.024013,10,235

 the,-1.9659603,15,235

 guest,-10.251968,19,235

 who,-4.307629,25,235

 the,-6.245585,29,235

 thug,-9.439964,33,235

 hit,-4.1299596,38,235

 tricked,-13.99605,42,235

 the,-1.4184599,50,235

 bartender,-5.1593738,54,235

 sounded,-11.458132,64,235

 hilarious,-7.6470666,72,235

.,-0.6079215,82,235

The,,0,236

 report,-6.082511,3,236

 that,-6.019454,10,236

 the,-1.9680802,15,236

 pediatric,-11.664991,19,236

ian,-0.62131804,29,236

 disturbed,-14.196208,32,236

 the,-1.9195408,42,236

 parent,-6.4844427,46,236

 troubled,-12.056144,53,236

 people,-8.166619,62,236

.,-1.743843,69,236

The,,0,237

 report,-6.082675,3,237

 that,-6.023588,10,237

 the,-1.9609932,15,237

 pediatric,-11.66138,19,237

ian,-0.62624973,29,237

 who,-4.5940523,32,237

 the,-7.3585777,36,237

 reception,-10.27788,40,237

ist,-0.037557192,50,237

 supported,-12.433832,53,237

 disturbed,-12.347045,63,237

 the,-3.2722006,73,237

 parent,-6.407873,77,237

 troubled,-9.716344,84,237

 people,-8.592035,93,237

.,-1.323044,100,237

The,,0,238

 report,-6.0822716,3,238

 that,-6.0187526,10,238

 the,-1.9599203,15,238

 pediatric,-11.666412,19,238

ian,-0.62232774,29,238

 dist,-11.357198,32,238

r,-3.054827,37,238

usted,-0.0006428762,38,238

 the,-1.7498943,43,238

 parent,-5.8334894,47,238

 troubled,-10.515466,54,238

 people,-9.058271,63,238

.,-1.9931824,70,238

The,,0,239

 report,-6.082675,3,239

 that,-6.023588,10,239

 the,-1.9609932,15,239

 pediatric,-11.661382,19,239

ian,-0.62624973,29,239

 who,-4.5940533,32,239

 the,-7.3585734,36,239

 reception,-10.27788,40,239

ist,-0.037557065,50,239

 supported,-12.433832,53,239

 dist,-12.176237,63,239

r,-3.1181388,68,239

usted,-0.013837112,69,239

 the,-2.0943449,74,239

 parent,-5.684802,78,239

 troubled,-11.24828,85,239

 people,-9.67667,94,239

.,-1.4602993,101,239

The,,0,240

 report,-6.0819173,3,240

 that,-6.024018,10,240

 the,-1.9659599,15,240

 medic,-11.271651,19,240

 annoyed,-14.459076,25,240

 the,-1.4130237,33,240

 surgeon,-6.6401772,37,240

 turned,-7.8792944,45,240

 out,-0.06936658,52,240

 to,-0.07962559,56,240

 be,-0.027592536,59,240

 untrue,-3.4114695,62,240

.,-0.47460905,69,240

The,,0,241

 report,-6.082463,3,241

 that,-6.008062,10,241

 the,-1.9594324,15,241

 medic,-11.256183,19,241

 who,-3.751977,25,241

 the,-7.8280735,29,241

 survivor,-7.74094,33,241

 thanked,-9.630896,42,241

 annoyed,-14.284295,50,241

 the,-2.2509365,58,241

 surgeon,-8.041642,62,241

 turned,-8.142976,70,241

 out,-0.30587947,77,241

 to,-0.06614716,81,241

 be,-0.039065752,84,241

 untrue,-3.3706403,87,241

.,-0.46121874,94,241

The,,0,242

 report,-6.0819173,3,242

 that,-6.024018,10,242

 the,-1.9659599,15,242

 medic,-11.271651,19,242

 greeted,-9.803424,25,242

 the,-1.942556,33,242

 surgeon,-6.9424934,37,242

 turned,-7.763983,45,242

 out,-0.11253065,52,242

 to,-0.053434588,56,242

 be,-0.03055186,59,242

 untrue,-4.215843,62,242

.,-0.3754011,69,242

The,,0,243

 report,-6.082463,3,243

 that,-6.008062,10,243

 the,-1.9594324,15,243

 medic,-11.256183,19,243

 who,-3.751977,25,243

 the,-7.8280735,29,243

 survivor,-7.74094,33,243

 thanked,-9.630896,42,243

 greeted,-12.5238905,50,243

 the,-2.5283885,58,243

 surgeon,-8.468782,62,243

 turned,-7.796872,70,243

 out,-0.22077385,77,243

 to,-0.07201878,81,243

 be,-0.037708268,84,243

 untrue,-3.1713154,87,243

.,-0.4150042,94,243

The,,0,244

 report,-6.0819173,3,244

 that,-6.024014,10,244

 the,-1.9659599,15,244

 life,-9.058077,19,244

guard,-3.654569,24,244

 encouraged,-11.360472,29,244

 the,-1.1825941,40,244

 swim,-3.1981971,44,244

mer,-0.01789958,49,244

 pleased,-15.66841,52,244

 the,-1.9583477,60,244

 town,-6.363106,64,244

spe,-4.9751573,69,244

ople,-0.00024883242,72,244

.,-0.94844276,76,244

The,,0,245

 report,-6.082463,3,245

 that,-6.008057,10,245

 the,-1.9594358,15,245

 life,-9.0486145,19,245

guard,-3.6751504,24,245

 who,-3.861949,29,245

 the,-8.058342,33,245

 soldier,-7.7482195,37,245

 taught,-9.457586,45,245

 encouraged,-11.5561905,52,245

 the,-1.2454245,63,245

 swim,-4.3039093,67,245

mer,-0.056761567,72,245

 pleased,-14.993214,75,245

 the,-1.2656413,83,245

 town,-7.7359757,87,245

spe,-2.025723,92,245

ople,-0.00047255142,95,245

.,-1.0200816,99,245

The,,0,246

 report,-6.0826216,3,246

 that,-6.0268755,10,246

 the,-1.9604181,15,246

 life,-9.060629,19,246

guard,-3.6577964,24,246

 rescued,-5.2147574,29,246

 the,-1.6149465,37,246

 swim,-2.530747,41,246

mer,-0.0011549232,46,246

 pleased,-11.309795,49,246

 the,-1.871104,57,246

 town,-5.886303,61,246

spe,-3.2806697,66,246

ople,-0.00021622273,69,246

.,-1.0678266,73,246

The,,0,247

 report,-6.0823503,3,247

 that,-6.0232854,10,247

 the,-1.9662832,15,247

 life,-9.0549135,19,247

guard,-3.6638248,24,247

 who,-3.8533795,29,247

 the,-8.062275,33,247

 soldier,-7.7511625,37,247

 taught,-9.472825,45,247

 rescued,-6.381662,52,247

 the,-1.5905882,60,247

 swim,-3.5749104,64,247

mer,-0.0023365656,69,247

 pleased,-12.292938,72,247

 the,-1.0486673,80,247

 town,-7.68667,84,247

spe,-1.8594357,89,247

ople,-0.00028985427,92,247

.,-1.0300996,96,247

The,,0,248

 report,-6.0826235,3,248

 that,-6.008878,10,248

 the,-1.9633209,15,248

 fisherman,-11.204294,19,248

 delighted,-13.557414,29,248

 the,-3.8544374,39,248

 politician,-10.048537,43,248

 was,-2.3591938,54,248

 interesting,-6.7484465,58,248

.,-1.1743196,70,248

The,,0,249

 report,-6.0823483,3,249

 that,-6.026094,10,249

 the,-1.9646925,15,249

 fisherman,-11.211516,19,249

 who,-4.5593243,29,249

 the,-8.181783,33,249

 gard,-8.588933,37,249

ener,-3.1856513,42,249

 helped,-6.199079,46,249

 delighted,-13.622185,53,249

 the,-1.980478,63,249

 politician,-10.453244,67,249

 was,-3.1618805,78,249

 interesting,-5.942801,82,249

.,-0.8136057,94,249

The,,0,250

 report,-6.082759,3,250

 that,-6.0294695,10,250

 the,-1.9602423,15,250

 fisherman,-11.215585,19,250

 admired,-11.8231125,29,250

 the,-2.3158693,37,250

 politician,-8.648006,41,250

 was,-2.5273554,52,250

 interesting,-6.3632884,56,250

.,-1.1394317,68,250

The,,0,251

 report,-6.0828843,3,251

 that,-6.0259686,10,251

 the,-1.9623083,15,251

 fisherman,-11.215927,19,251

 who,-4.569805,29,251

 the,-8.165305,33,251

 gard,-8.571498,37,251

ener,-3.223421,42,251

 helped,-6.1944623,46,251

 admired,-11.00354,53,251

 the,-1.5565118,61,251

 politician,-9.640478,65,251

 was,-2.9485738,76,251

 interesting,-5.750432,80,251

.,-0.7560745,92,251

The,,0,252

 report,-6.0826235,3,252

 that,-6.008878,10,252

 the,-1.9633242,15,252

 jan,-11.328845,19,252

itor,-0.30619967,23,252

 amused,-13.452601,27,252

 the,-2.679384,34,252

 audience,-5.3787665,38,252

 was,-3.1330945,47,252

 funny,-7.9574385,51,252

.,-1.1463362,57,252

The,,0,253

 report,-6.0822716,3,253

 that,-6.0187526,10,253

 the,-1.9599239,15,253

 jan,-11.329133,19,253

itor,-0.3050081,23,253

 who,-4.7067604,27,253

 the,-7.4630394,31,253

 organizer,-11.424965,35,253

 criticized,-9.0544,45,253

 amused,-14.446344,56,253

 the,-2.5538542,63,253

 audience,-2.4454992,67,253

 was,-5.0249634,76,253

 funny,-5.7964106,80,253

.,-0.7162547,86,253

The,,0,254

 report,-6.0826235,3,254

 that,-6.008878,10,254

 the,-1.9633242,15,254

 jan,-11.328845,19,254

itor,-0.30619967,23,254

 ignored,-8.635873,27,254

 the,-0.99286956,35,254

 audience,-10.6031065,39,254

 was,-2.9703064,48,254

 funny,-7.961082,52,254

.,-1.0755792,58,254

The,,0,255

 report,-6.0823483,3,255

 that,-6.026094,10,255

 the,-1.9646925,15,255

 jan,-11.321031,19,255

itor,-0.31109023,23,255

 who,-4.713042,27,255

 the,-7.4633446,31,255

 organizer,-11.3918295,35,255

 criticized,-9.057761,45,255

 ignored,-8.987983,56,255

 the,-1.1705773,64,255

 audience,-8.125428,68,255

 was,-2.5979984,77,255

 funny,-8.840936,81,255

.,-0.66138864,87,255

The,,0,256

 report,-6.082759,3,256

 that,-6.029469,10,256

 the,-1.9602393,15,256

 investor,-10.771579,19,256

 disappointed,-11.976225,28,256

 the,-1.9284024,41,256

 entrepreneur,-6.4730005,45,256

 taught,-11.640488,58,256

 everyone,-6.800698,65,256

 a,-1.2001673,74,256

 lesson,-0.3960631,76,256

.,-1.0660167,83,256

The,,0,257

 report,-6.0828843,3,257

 that,-6.025972,10,257

 the,-1.9623082,15,257

 investor,-10.777111,19,257

 who,-4.646789,28,257

 the,-7.1225986,32,257

 scientist,-9.244558,36,257

 hated,-9.68556,46,257

 disappointed,-11.115776,52,257

 the,-1.7703409,65,257

 entrepreneur,-6.278486,69,257

 taught,-11.47883,82,257

 everyone,-6.993909,89,257

 a,-1.5944355,98,257

 lesson,-0.4972261,100,257

.,-0.7983937,107,257

The,,0,258

 report,-6.0830083,3,258

 that,-6.014793,10,258

 the,-1.96111,15,258

 investor,-10.752206,19,258

 deceived,-12.760007,28,258

 the,-1.0935922,37,258

 entrepreneur,-5.64711,41,258

 taught,-12.795458,54,258

 everyone,-7.415554,61,258

 a,-1.004579,70,258

 lesson,-0.29745,72,258

.,-1.0601935,79,258

The,,0,259

 report,-6.0823483,3,259

 that,-6.026094,10,259

 the,-1.964696,15,259

 investor,-10.771712,19,259

 who,-4.640934,28,259

 the,-7.1287127,32,259

 scientist,-9.249213,36,259

 hated,-9.682683,46,259

 deceived,-10.3029585,52,259

 the,-1.222867,61,259

 entrepreneur,-6.194815,65,259

 taught,-11.786359,78,259

 everyone,-7.283509,85,259

 a,-1.4032038,94,259

 lesson,-0.4769637,96,259

.,-0.6660969,103,259

The,,0,260

 report,-6.0828843,3,260

 that,-6.0259724,10,260

 the,-1.9623083,15,260

 firefighter,-11.715809,19,260

 disappointed,-14.835525,31,260

 the,-1.9935688,44,260

 resident,-6.599222,48,260

 struck,-8.104443,57,260

 john,-15.526795,64,260

 as,-2.2258332,69,260

 impl,-7.795043,72,260

ausible,-0.010782128,77,260

.,-0.5050363,84,260

The,,0,261

 report,-6.081849,3,261

 that,-6.01097,10,261

 the,-1.9616553,15,261

 firefighter,-11.708084,19,261

 who,-3.4785566,31,261

 the,-7.8871455,35,261

 neighbor,-7.047965,39,261

 insulted,-11.340039,48,261

 disappointed,-15.446744,57,261

 the,-2.3026533,70,261

 resident,-6.478536,74,261

 struck,-9.185035,83,261

 john,-15.073505,90,261

 as,-2.257557,95,261

 impl,-7.23711,98,261

ausible,-0.007297715,103,261

.,-0.5129489,110,261

The,,0,262

 report,-6.0823483,3,262

 that,-6.0260983,10,262

 the,-1.964696,15,262

 firefighter,-11.714613,19,262

 rescued,-6.643053,31,262

 the,-1.6595457,39,262

 resident,-5.083129,43,262

 struck,-8.747509,52,262

 john,-15.104743,59,262

 as,-2.4482086,64,262

 impl,-7.440945,67,262

ausible,-0.0060527585,72,262

.,-0.72289705,79,262

The,,0,263

 report,-6.0826373,3,263

 that,-6.0109906,10,263

 the,-1.9607698,15,263

 firefighter,-11.6945,19,263

 who,-3.40269,31,263

 the,-7.874768,35,263

 neighbor,-7.06378,39,263

 insulted,-11.339036,48,263

 rescued,-9.683152,57,263

 the,-2.3736103,65,263

 resident,-5.4949856,69,263

 struck,-8.081367,78,263

 john,-15.002246,85,263

 as,-2.0968482,90,263

 impl,-8.568175,93,263

ausible,-0.00422454,98,263

.,-0.5972239,105,263

The,,0,264

 report,-6.0826235,3,264

 that,-6.008878,10,264

 the,-1.9633242,15,264

 vendor,-10.509729,19,264

 enchanted,-15.34554,26,264

 the,-2.0663655,36,264

 client,-6.113631,40,264

 excited,-11.280209,47,264

 the,-1.6715769,55,264

 boss,-6.702801,59,264

.,-0.8485169,64,264

The,,0,265

 report,-6.082644,3,265

 that,-6.010513,10,265

 the,-1.9612494,15,265

 vendor,-10.503929,19,265

 who,-5.527752,26,265

 the,-6.495558,30,265

 salesman,-8.614368,34,265

 recruited,-9.62573,43,265

 enchanted,-15.413348,53,265

 the,-1.7337217,63,265

 client,-4.3984976,67,265

 excited,-11.409578,74,265

 the,-2.1998262,82,265

 boss,-3.6830094,86,265

.,-0.7503216,91,265

The,,0,266

 report,-6.0824046,3,266

 that,-6.026609,10,266

 the,-1.9622458,15,266

 vendor,-10.511003,19,266

 welcomed,-13.168478,26,266

 the,-1.3608415,35,266

 client,-8.083902,39,266

 excited,-12.260024,46,266

 the,-3.3827631,54,266

 boss,-5.796647,58,266

.,-0.77813846,63,266

The,,0,267

 report,-6.0823483,3,267

 that,-6.026094,10,267

 the,-1.9646925,15,267

 vendor,-10.509694,19,267

 who,-5.527892,26,267

 the,-6.497019,30,267

 salesman,-8.624239,34,267

 recruited,-9.625533,43,267

 welcomed,-12.885306,53,267

 the,-0.8272681,62,267

 client,-5.9327083,66,267

 excited,-9.450894,73,267

 the,-3.505572,81,267

 boss,-3.0286298,85,267

.,-0.711687,90,267

The,,0,268

 report,-6.0830083,3,268

 that,-6.014793,10,268

 the,-1.96111,15,268

 pl,-9.148549,19,268

umber,-3.1683757,22,268

 puzzled,-13.711202,27,268

 the,-4.892316,35,268

 woman,-5.3365464,39,268

 was,-2.5770388,45,268

 true,-3.1857862,49,268

.,-0.6514254,54,268

The,,0,269

 report,-6.0822716,3,269

 that,-6.0187526,10,269

 the,-1.9599239,15,269

 pl,-9.146836,19,269

umber,-3.1673942,22,269

 who,-4.424286,27,269

 the,-7.337972,31,269

 apprentice,-8.63746,35,269

 consulted,-7.929366,46,269

 puzzled,-12.438066,56,269

 the,-3.0918872,64,269

 woman,-6.44067,68,269

 was,-3.2836795,74,269

 true,-3.6380992,78,269

.,-0.46660715,83,269

The,,0,270

 report,-6.0830083,3,270

 that,-6.014789,10,270

 the,-1.96111,15,270

 pl,-9.148547,19,270

umber,-3.1683757,22,270

 assisted,-11.245789,27,270

 the,-1.916303,36,270

 woman,-3.5569143,40,270

 was,-2.8037033,46,270

 true,-3.7007558,50,270

.,-0.9852591,55,270

The,,0,271

 report,-6.0822716,3,271

 that,-6.0187526,10,271

 the,-1.9599239,15,271

 pl,-9.146836,19,271

umber,-3.1673942,22,271

 who,-4.424286,27,271

 the,-7.337972,31,271

 apprentice,-8.63746,35,271

 consulted,-7.929366,46,271

 assisted,-10.950408,56,271

 the,-1.8946396,65,271

 woman,-5.7591486,69,271

 was,-3.792396,75,271

 true,-3.6211474,79,271

.,-0.7898629,84,271

The,,0,272

 report,-6.082067,3,272

 that,-6.020248,10,272

 the,-1.9618441,15,272

 sponsor,-11.619306,19,272

 capt,-15.220438,27,272

ivated,-2.813814,32,272

 the,-2.1386664,38,272

 onlook,-9.665119,42,272

ers,-0.20789772,49,272

 pleased,-9.464471,52,272

 everyone,-5.55483,60,272

.,-0.99538404,69,272

The,,0,273

 report,-6.082067,3,273

 that,-6.0202446,10,273

 the,-1.9618441,15,273

 sponsor,-11.619306,19,273

 who,-6.687797,27,273

 the,-6.57811,31,273

 musician,-10.178125,35,273

 entertained,-9.821521,44,273

 capt,-12.378914,56,273

ivated,-0.17331146,61,273

 the,-1.6189992,67,273

 onlook,-7.922713,71,273

ers,-0.16871025,78,273

 pleased,-10.153427,81,273

 everyone,-5.203651,89,273

.,-0.878486,98,273

The,,0,274

 report,-6.082511,3,274

 that,-6.019458,10,274

 the,-1.96808,15,274

 sponsor,-11.631428,19,274

 cheered,-14.166063,27,274

 the,-2.4368916,35,274

 onlook,-10.479453,39,274

ers,-0.10648954,46,274

 pleased,-10.2483835,49,274

 everyone,-5.069377,57,274

.,-0.8882563,66,274

The,,0,275

 report,-6.082579,3,275

 that,-6.019384,10,275

 the,-1.9657418,15,275

 sponsor,-11.622368,19,275

 who,-6.764317,27,275

 the,-6.607301,31,275

 musician,-10.18193,35,275

 entertained,-9.809134,44,275

 cheered,-11.903114,56,275

 the,-2.3664963,64,275

 onlook,-10.2419815,68,275

ers,-0.122098595,75,275

 pleased,-9.935857,78,275

 everyone,-5.4344044,86,275

.,-0.8072957,95,275

