"ID"	"Noun"	"Region"	"Condition"	"predictability_weight"	"deletion_rate"	"Surprisal"	"ThatFraction"
"1"	79549350	"accusation"	"V2_0"	"of"	0	0.2	12.588210105896	0.0347222222222222
"2"	79549350	"admission"	"V2_0"	"of"	0	0.2	15.5262222290039	0.00694444444444444
"3"	79549350	"allegation"	"V2_0"	"of"	0	0.2	12.2856750488281	0
"4"	79549350	"announcement"	"V2_0"	"of"	0	0.2	12.5024089813232	0.0625
"5"	79549350	"arrest"	"V2_0"	"of"	0	0.2	12.5345640182495	0
"6"	79549350	"arrival"	"V2_0"	"of"	0	0.2	12.7398338317871	0
"7"	79549350	"assertion"	"V2_0"	"of"	0	0.2	11.6735372543335	0.0659722222222222
"8"	79549350	"assessment"	"V2_0"	"of"	0	0.2	13.3709201812744	0
"9"	79549350	"assumption"	"V2_0"	"of"	0	0.2	13.0825634002686	0.0486111111111111
"10"	79549350	"assurance"	"V2_0"	"of"	0	0.2	13.2731046676636	0
"11"	79549350	"belief"	"V2_0"	"of"	0	0.2	11.6586685180664	0
"12"	79549350	"book"	"V2_0"	"of"	0	0.2	12.8145961761475	0
"13"	79549350	"certainty"	"V2_0"	"of"	0	0.2	11.6818952560425	0.0659722222222222
"14"	79549350	"claim"	"V2_0"	"of"	0	0.2	12.3534383773804	0.00347222222222222
"15"	79549350	"complaint"	"V2_0"	"of"	0	0.2	11.7855815887451	0
"16"	79549350	"computer"	"V2_0"	"of"	0	0.2	11.7335758209229	0.00347222222222222
"17"	79549350	"concern"	"V2_0"	"of"	0	0.2	12.8138151168823	0
"18"	79549350	"conclusion"	"V2_0"	"of"	0	0.2	12.8980464935303	0
"19"	79549350	"confirmation"	"V2_0"	"of"	0	0.2	12.5858221054077	0.00347222222222222
"20"	79549350	"conjecture"	"V2_0"	"of"	0	0.2	13.3470058441162	0.00694444444444444
"21"	79549350	"contention"	"V2_0"	"of"	0	0.2	12.8944416046143	0.0729166666666667
"22"	79549350	"conviction"	"V2_0"	"of"	0	0.2	13.1913022994995	0.00347222222222222
"23"	79549350	"declaration"	"V2_0"	"of"	0	0.2	12.4257392883301	0
"24"	79549350	"departure"	"V2_0"	"of"	0	0.2	14.2163009643555	0
"25"	79549350	"disclosure"	"V2_0"	"of"	0	0.2	14.1315746307373	0
"26"	79549350	"dismissal"	"V2_0"	"of"	0	0.2	13.3304500579834	0
"27"	79549350	"evidence"	"V2_0"	"of"	0	0.2	11.3083267211914	0.00694444444444444
"28"	79549350	"fact"	"V2_0"	"of"	0	0.2	11.306529045105	0.159722222222222
"29"	79549350	"feeling"	"V2_0"	"of"	0	0.2	12.7690906524658	0
"30"	79549350	"finding"	"V2_0"	"of"	0	0.2	11.4760646820068	0.03125
"31"	79549350	"guess"	"V2_0"	"of"	0	0.2	12.3181324005127	0
"32"	79549350	"house"	"V2_0"	"of"	0	0.2	10.8814563751221	0
"33"	79549350	"idea"	"V2_0"	"of"	0	0.2	11.7676496505737	0.0173611111111111
"34"	79549350	"impression"	"V2_0"	"of"	0	0.2	11.8530197143555	0
"35"	79549350	"indication"	"V2_0"	"of"	0	0.2	12.7550849914551	0.0451388888888889
"36"	79549350	"information"	"V2_0"	"of"	0	0.2	11.9017238616943	0
"37"	79549350	"insinuation"	"V2_0"	"of"	0	0.2	12.8991575241089	0
"38"	79549350	"interview"	"V2_0"	"of"	0	0.2	12.9847593307495	0
"39"	79549350	"intuition"	"V2_0"	"of"	0	0.2	13.0154609680176	0
"40"	79549350	"job"	"V2_0"	"of"	0	0.2	13.9964389801025	0
"41"	79549350	"message"	"V2_0"	"of"	0	0.2	11.4241704940796	0.0138888888888889
"42"	79549350	"murder"	"V2_0"	"of"	0	0.2	12.7742595672607	0
"43"	79549350	"myth"	"V2_0"	"of"	0	0.2	12.4818181991577	0.00694444444444444
"44"	79549350	"news"	"V2_0"	"of"	0	0.2	10.4093971252441	0.0208333333333333
"45"	79549350	"notion"	"V2_0"	"of"	0	0.2	12.2153759002686	0.0208333333333333
"46"	79549350	"observation"	"V2_0"	"of"	0	0.2	11.2102127075195	0.0694444444444444
"47"	79549350	"opinion"	"V2_0"	"of"	0	0.2	12.9853210449219	0.00694444444444444
"48"	79549350	"perception"	"V2_0"	"of"	0	0.2	12.3222188949585	0.0416666666666667
"49"	79549350	"photo"	"V2_0"	"of"	0	0.2	11.387228012085	0
"50"	79549350	"prediction"	"V2_0"	"of"	0	0.2	13.5904102325439	0.0173611111111111
"51"	79549350	"presumption"	"V2_0"	"of"	0	0.2	12.9499492645264	0.03125
"52"	79549350	"proof"	"V2_0"	"of"	0	0.2	13.4013729095459	0.0138888888888889
"53"	79549350	"realization"	"V2_0"	"of"	0	0.2	12.5015411376953	0.0138888888888889
"54"	79549350	"recognition"	"V2_0"	"of"	0	0.2	13.5835189819336	0.00694444444444444
"55"	79549350	"remark"	"V2_0"	"of"	0	0.2	12.3334159851074	0.0555555555555556
"56"	79549350	"reminder"	"V2_0"	"of"	0	0.2	11.7868680953979	0
"57"	79549350	"report"	"V2_0"	"of"	0	0.2	11.298210144043	0
"58"	79549350	"revelation"	"V2_0"	"of"	0	0.2	11.8125677108765	0.03125
"59"	79549350	"rumor"	"V2_0"	"of"	0	0.2	11.2458457946777	0
"60"	79549350	"sense"	"V2_0"	"of"	0	0.2	12.9595470428467	0.0104166666666667
"61"	79549350	"speculation"	"V2_0"	"of"	0	0.2	12.1131858825684	0.0277777777777778
"62"	79549350	"statement"	"V2_0"	"of"	0	0.2	12.138334274292	0.0138888888888889
"63"	79549350	"story"	"V2_0"	"of"	0	0.2	11.2564601898193	0.00347222222222222
"64"	79549350	"suggestion"	"V2_0"	"of"	0	0.2	12.4083423614502	0.0451388888888889
"65"	79549350	"suspicion"	"V2_0"	"of"	0	0.2	12.7197399139404	0.0104166666666667
"66"	79549350	"thought"	"V2_0"	"of"	0	0.2	14.0905027389526	0
"67"	79549350	"truth"	"V2_0"	"of"	0	0.2	12.6624908447266	0.00694444444444444
"68"	79549350	"understanding"	"V2_0"	"of"	0	0.2	13.9667778015137	0.0104166666666667
"69"	79549350	"video"	"V2_0"	"of"	0	0.2	11.6360454559326	0
"70"	79549350	"view"	"V2_0"	"of"	0	0.2	12.1221961975098	0
"71"	161055217	"accusation"	"V2_0"	"of"	0	0.7	15.6925201416016	0.180555555555556
"72"	161055217	"admission"	"V2_0"	"of"	0	0.7	16.622501373291	0.00694444444444444
"73"	161055217	"allegation"	"V2_0"	"of"	0	0.7	16.219388961792	0.298611111111111
"74"	161055217	"announcement"	"V2_0"	"of"	0	0.7	16.8680419921875	0.121527777777778
"75"	161055217	"assertion"	"V2_0"	"of"	0	0.7	15.3230094909668	0.649305555555556
"76"	161055217	"assessment"	"V2_0"	"of"	0	0.7	15.8969249725342	0.0104166666666667
"77"	161055217	"assumption"	"V2_0"	"of"	0	0.7	16.7005043029785	0.274305555555556
"78"	161055217	"assurance"	"V2_0"	"of"	0	0.7	15.9293155670166	0.166666666666667
"79"	161055217	"belief"	"V2_0"	"of"	0	0.7	15.7258205413818	0.381944444444444
"80"	161055217	"certainty"	"V2_0"	"of"	0	0.7	15.6544752120972	0.15625
"81"	161055217	"claim"	"V2_0"	"of"	0	0.7	15.7106046676636	0.145833333333333
"82"	161055217	"complaint"	"V2_0"	"of"	0	0.7	15.4592618942261	0.0625
"83"	161055217	"concern"	"V2_0"	"of"	0	0.7	16.179313659668	0.152777777777778
"84"	161055217	"conclusion"	"V2_0"	"of"	0	0.7	17.7565612792969	0.15625
"85"	161055217	"confirmation"	"V2_0"	"of"	0	0.7	15.8554220199585	0.0833333333333333
"86"	161055217	"conjecture"	"V2_0"	"of"	0	0.7	16.2562675476074	0.243055555555556
"87"	161055217	"contention"	"V2_0"	"of"	0	0.7	16.2337169647217	0.180555555555556
"88"	161055217	"conviction"	"V2_0"	"of"	0	0.7	16.1180267333984	0.25
"89"	161055217	"declaration"	"V2_0"	"of"	0	0.7	16.3684978485107	0.0138888888888889
"90"	161055217	"disclosure"	"V2_0"	"of"	0	0.7	16.4532012939453	0.0243055555555556
"91"	161055217	"evidence"	"V2_0"	"of"	0	0.7	15.5143814086914	0.184027777777778
"92"	161055217	"fact"	"V2_0"	"of"	0	0.7	15.4215421676636	0.527777777777778
"93"	161055217	"feeling"	"V2_0"	"of"	0	0.7	16.1065139770508	0.111111111111111
"94"	161055217	"finding"	"V2_0"	"of"	0	0.7	15.1641902923584	0.138888888888889
"95"	161055217	"guess"	"V2_0"	"of"	0	0.7	16.6399803161621	0.0277777777777778
"96"	161055217	"idea"	"V2_0"	"of"	0	0.7	15.9495725631714	0.104166666666667
"97"	161055217	"impression"	"V2_0"	"of"	0	0.7	15.0667533874512	0.5
"98"	161055217	"indication"	"V2_0"	"of"	0	0.7	16.1176376342773	0.173611111111111
"99"	161055217	"information"	"V2_0"	"of"	0	0.7	16.5570964813232	0.100694444444444
"100"	161055217	"insinuation"	"V2_0"	"of"	0	0.7	16.7912654876709	0
"101"	161055217	"intuition"	"V2_0"	"of"	0	0.7	16.8906993865967	0.0381944444444444
"102"	161055217	"message"	"V2_0"	"of"	0	0.7	16.064733505249	0.128472222222222
"103"	161055217	"myth"	"V2_0"	"of"	0	0.7	15.9528255462646	0.25
"104"	161055217	"news"	"V2_0"	"of"	0	0.7	16.7932815551758	0.114583333333333
"105"	161055217	"notion"	"V2_0"	"of"	0	0.7	15.5178031921387	0.381944444444444
"106"	161055217	"observation"	"V2_0"	"of"	0	0.7	15.8175640106201	0.100694444444444
"107"	161055217	"opinion"	"V2_0"	"of"	0	0.7	16.7912368774414	0.0486111111111111
"108"	161055217	"perception"	"V2_0"	"of"	0	0.7	15.4126834869385	0.152777777777778
"109"	161055217	"prediction"	"V2_0"	"of"	0	0.7	16.0953330993652	0.107638888888889
"110"	161055217	"presumption"	"V2_0"	"of"	0	0.7	14.9465808868408	0.395833333333333
"111"	161055217	"proof"	"V2_0"	"of"	0	0.7	16.6894207000732	0.0972222222222222
"112"	161055217	"realization"	"V2_0"	"of"	0	0.7	14.8414249420166	0.357638888888889
"113"	161055217	"recognition"	"V2_0"	"of"	0	0.7	16.2242546081543	0.0243055555555556
"114"	161055217	"remark"	"V2_0"	"of"	0	0.7	17.4568691253662	0.135416666666667
"115"	161055217	"reminder"	"V2_0"	"of"	0	0.7	14.772120475769	0.229166666666667
"116"	161055217	"report"	"V2_0"	"of"	0	0.7	16.6564331054688	0.0868055555555556
"117"	161055217	"revelation"	"V2_0"	"of"	0	0.7	16.6178665161133	0.121527777777778
"118"	161055217	"rumor"	"V2_0"	"of"	0	0.7	15.4047317504883	0.336805555555556
"119"	161055217	"sense"	"V2_0"	"of"	0	0.7	15.1129207611084	0.0486111111111111
"120"	161055217	"speculation"	"V2_0"	"of"	0	0.7	16.4937992095947	0.277777777777778
"121"	161055217	"statement"	"V2_0"	"of"	0	0.7	15.9493961334229	0.0868055555555556
"122"	161055217	"story"	"V2_0"	"of"	0	0.7	17.1003646850586	0.00347222222222222
"123"	161055217	"suggestion"	"V2_0"	"of"	0	0.7	16.8762950897217	0.15625
"124"	161055217	"suspicion"	"V2_0"	"of"	0	0.7	15.8700141906738	0.170138888888889
"125"	161055217	"thought"	"V2_0"	"of"	0	0.7	16.0223407745361	0.0451388888888889
"126"	161055217	"truth"	"V2_0"	"of"	0	0.7	15.8511962890625	0.0208333333333333
"127"	161055217	"understanding"	"V2_0"	"of"	0	0.7	16.355712890625	0.0451388888888889
"128"	161055217	"view"	"V2_0"	"of"	0	0.7	16.1519165039062	0.1875
"129"	175802439	"accusation"	"V2_0"	"of"	0	0.7	16.651985168457	0
"130"	175802439	"admission"	"V2_0"	"of"	0	0.7	16.0170516967773	0
"131"	175802439	"allegation"	"V2_0"	"of"	0	0.7	16.4597949981689	0
"132"	175802439	"announcement"	"V2_0"	"of"	0	0.7	16.9401016235352	0
"133"	175802439	"arrest"	"V2_0"	"of"	0	0.7	16.7628135681152	0
"134"	175802439	"arrival"	"V2_0"	"of"	0	0.7	16.0133571624756	0
"135"	175802439	"assertion"	"V2_0"	"of"	0	0.7	15.8164596557617	0
"136"	175802439	"assessment"	"V2_0"	"of"	0	0.7	17.443338394165	0
"137"	175802439	"assumption"	"V2_0"	"of"	0	0.7	16.641773223877	0
"138"	175802439	"assurance"	"V2_0"	"of"	0	0.7	17.4558277130127	0
"139"	175802439	"belief"	"V2_0"	"of"	0	0.7	17.3460845947266	0
"140"	175802439	"book"	"V2_0"	"of"	0	0.7	17.0511474609375	0
"141"	175802439	"certainty"	"V2_0"	"of"	0	0.7	15.6734113693237	0
"142"	175802439	"claim"	"V2_0"	"of"	0	0.7	16.2026214599609	0
"143"	175802439	"complaint"	"V2_0"	"of"	0	0.7	17.9349269866943	0
"144"	175802439	"computer"	"V2_0"	"of"	0	0.7	17.2215785980225	0
"145"	175802439	"concern"	"V2_0"	"of"	0	0.7	16.3825969696045	0
"146"	175802439	"conclusion"	"V2_0"	"of"	0	0.7	16.4618530273438	0
"147"	175802439	"confirmation"	"V2_0"	"of"	0	0.7	15.8202419281006	0.0104166666666667
"148"	175802439	"conjecture"	"V2_0"	"of"	0	0.7	16.5409297943115	0
"149"	175802439	"contention"	"V2_0"	"of"	0	0.7	16.380407333374	0
"150"	175802439	"conviction"	"V2_0"	"of"	0	0.7	16.3521270751953	0
"151"	175802439	"declaration"	"V2_0"	"of"	0	0.7	15.0837659835815	0
"152"	175802439	"departure"	"V2_0"	"of"	0	0.7	16.3284187316895	0
"153"	175802439	"disclosure"	"V2_0"	"of"	0	0.7	16.808162689209	0
"154"	175802439	"dismissal"	"V2_0"	"of"	0	0.7	15.9932231903076	0
"155"	175802439	"evidence"	"V2_0"	"of"	0	0.7	16.271369934082	0
"156"	175802439	"fact"	"V2_0"	"of"	0	0.7	16.569465637207	0.00347222222222222
"157"	175802439	"feeling"	"V2_0"	"of"	0	0.7	16.0614566802979	0
"158"	175802439	"finding"	"V2_0"	"of"	0	0.7	15.2399015426636	0
"159"	175802439	"guess"	"V2_0"	"of"	0	0.7	16.2097702026367	0
"160"	175802439	"house"	"V2_0"	"of"	0	0.7	16.5664939880371	0
"161"	175802439	"idea"	"V2_0"	"of"	0	0.7	16.4784660339355	0
"162"	175802439	"impression"	"V2_0"	"of"	0	0.7	16.4011840820312	0
"163"	175802439	"indication"	"V2_0"	"of"	0	0.7	16.8113079071045	0
"164"	175802439	"information"	"V2_0"	"of"	0	0.7	15.1508903503418	0
"165"	175802439	"insinuation"	"V2_0"	"of"	0	0.7	16.1455116271973	0
"166"	175802439	"interview"	"V2_0"	"of"	0	0.7	16.3819580078125	0
"167"	175802439	"intuition"	"V2_0"	"of"	0	0.7	16.5128993988037	0
"168"	175802439	"job"	"V2_0"	"of"	0	0.7	17.0911769866943	0
"169"	175802439	"message"	"V2_0"	"of"	0	0.7	16.3850345611572	0
"170"	175802439	"murder"	"V2_0"	"of"	0	0.7	16.1632442474365	0
"171"	175802439	"myth"	"V2_0"	"of"	0	0.7	17.3764553070068	0
"172"	175802439	"news"	"V2_0"	"of"	0	0.7	16.7305545806885	0
"173"	175802439	"notion"	"V2_0"	"of"	0	0.7	17.0427989959717	0
"174"	175802439	"observation"	"V2_0"	"of"	0	0.7	16.9524822235107	0
"175"	175802439	"opinion"	"V2_0"	"of"	0	0.7	15.7759284973145	0
"176"	175802439	"perception"	"V2_0"	"of"	0	0.7	16.3178768157959	0
"177"	175802439	"photo"	"V2_0"	"of"	0	0.7	17.5915012359619	0
"178"	175802439	"prediction"	"V2_0"	"of"	0	0.7	17.1062564849854	0
"179"	175802439	"presumption"	"V2_0"	"of"	0	0.7	16.6274795532227	0
"180"	175802439	"proof"	"V2_0"	"of"	0	0.7	17.0063285827637	0
"181"	175802439	"realization"	"V2_0"	"of"	0	0.7	16.8510322570801	0
"182"	175802439	"recognition"	"V2_0"	"of"	0	0.7	16.2543811798096	0
"183"	175802439	"remark"	"V2_0"	"of"	0	0.7	16.5521907806396	0
"184"	175802439	"reminder"	"V2_0"	"of"	0	0.7	16.3802261352539	0
"185"	175802439	"report"	"V2_0"	"of"	0	0.7	16.0396499633789	0
"186"	175802439	"revelation"	"V2_0"	"of"	0	0.7	16.4256362915039	0
"187"	175802439	"rumor"	"V2_0"	"of"	0	0.7	16.27854347229	0
"188"	175802439	"sense"	"V2_0"	"of"	0	0.7	17.6473808288574	0
"189"	175802439	"speculation"	"V2_0"	"of"	0	0.7	16.9772872924805	0
"190"	175802439	"statement"	"V2_0"	"of"	0	0.7	16.3753032684326	0
"191"	175802439	"story"	"V2_0"	"of"	0	0.7	16.9766941070557	0
"192"	175802439	"suggestion"	"V2_0"	"of"	0	0.7	17.2841567993164	0
"193"	175802439	"suspicion"	"V2_0"	"of"	0	0.7	16.6201915740967	0
"194"	175802439	"thought"	"V2_0"	"of"	0	0.7	16.4505958557129	0
"195"	175802439	"truth"	"V2_0"	"of"	0	0.7	16.9063339233398	0
"196"	175802439	"understanding"	"V2_0"	"of"	0	0.7	15.7965831756592	0
"197"	175802439	"video"	"V2_0"	"of"	0	0.7	15.6415634155273	0
"198"	175802439	"view"	"V2_0"	"of"	0	0.7	17.325870513916	0
"199"	247161158	"accusation"	"V2_0"	"of"	1	0.5	12.5993947982788	0.0104166666666667
"200"	247161158	"admission"	"V2_0"	"of"	1	0.5	15.1848669052124	0
"201"	247161158	"allegation"	"V2_0"	"of"	1	0.5	12.589262008667	0.0173611111111111
"202"	247161158	"announcement"	"V2_0"	"of"	1	0.5	13.158709526062	0
"203"	247161158	"assertion"	"V2_0"	"of"	1	0.5	12.4380702972412	0.0277777777777778
"204"	247161158	"assessment"	"V2_0"	"of"	1	0.5	13.1106109619141	0
"205"	247161158	"assumption"	"V2_0"	"of"	1	0.5	13.2931270599365	0
"206"	247161158	"assurance"	"V2_0"	"of"	1	0.5	12.4300336837769	0.0104166666666667
"207"	247161158	"belief"	"V2_0"	"of"	1	0.5	12.421558380127	0
"208"	247161158	"certainty"	"V2_0"	"of"	1	0.5	11.8714513778687	0.0138888888888889
"209"	247161158	"claim"	"V2_0"	"of"	1	0.5	12.639123916626	0
"210"	247161158	"complaint"	"V2_0"	"of"	1	0.5	12.1194839477539	0.00694444444444444
"211"	247161158	"concern"	"V2_0"	"of"	1	0.5	12.9240779876709	0
"212"	247161158	"conclusion"	"V2_0"	"of"	1	0.5	13.163703918457	0
"213"	247161158	"confirmation"	"V2_0"	"of"	1	0.5	12.613151550293	0
"214"	247161158	"conjecture"	"V2_0"	"of"	1	0.5	13.635913848877	0.00347222222222222
"215"	247161158	"contention"	"V2_0"	"of"	1	0.5	12.9868450164795	0.173611111111111
"216"	247161158	"conviction"	"V2_0"	"of"	1	0.5	13.4653348922729	0
"217"	247161158	"declaration"	"V2_0"	"of"	1	0.5	13.440113067627	0
"218"	247161158	"disclosure"	"V2_0"	"of"	1	0.5	13.4257459640503	0.00347222222222222
"219"	247161158	"evidence"	"V2_0"	"of"	1	0.5	11.5046443939209	0.00347222222222222
"220"	247161158	"fact"	"V2_0"	"of"	1	0.5	12.2113666534424	0.163194444444444
"221"	247161158	"feeling"	"V2_0"	"of"	1	0.5	12.4865379333496	0.0208333333333333
"222"	247161158	"finding"	"V2_0"	"of"	1	0.5	11.8207340240479	0
"223"	247161158	"guess"	"V2_0"	"of"	1	0.5	12.6448240280151	0.00347222222222222
"224"	247161158	"idea"	"V2_0"	"of"	1	0.5	12.6824016571045	0
"225"	247161158	"impression"	"V2_0"	"of"	1	0.5	11.7082624435425	0
"226"	247161158	"indication"	"V2_0"	"of"	1	0.5	12.9205703735352	0
"227"	247161158	"information"	"V2_0"	"of"	1	0.5	12.8747158050537	0
"228"	247161158	"insinuation"	"V2_0"	"of"	1	0.5	13.3663206100464	0
"229"	247161158	"intuition"	"V2_0"	"of"	1	0.5	12.9023284912109	0
"230"	247161158	"message"	"V2_0"	"of"	1	0.5	12.2231931686401	0
"231"	247161158	"myth"	"V2_0"	"of"	1	0.5	12.6156797409058	0.00347222222222222
"232"	247161158	"news"	"V2_0"	"of"	1	0.5	11.3789930343628	0.03125
"233"	247161158	"notion"	"V2_0"	"of"	1	0.5	13.0532188415527	0
"234"	247161158	"observation"	"V2_0"	"of"	1	0.5	12.2368183135986	0.0277777777777778
"235"	247161158	"opinion"	"V2_0"	"of"	1	0.5	13.3231410980225	0.00694444444444444
"236"	247161158	"perception"	"V2_0"	"of"	1	0.5	12.6247205734253	0.00694444444444444
"237"	247161158	"prediction"	"V2_0"	"of"	1	0.5	13.6593656539917	0
"238"	247161158	"presumption"	"V2_0"	"of"	1	0.5	12.8109569549561	0
"239"	247161158	"proof"	"V2_0"	"of"	1	0.5	13.2452306747437	0.00347222222222222
"240"	247161158	"realization"	"V2_0"	"of"	1	0.5	12.6006278991699	0.00347222222222222
"241"	247161158	"recognition"	"V2_0"	"of"	1	0.5	13.8776702880859	0.00347222222222222
"242"	247161158	"remark"	"V2_0"	"of"	1	0.5	12.4770202636719	0.00694444444444444
"243"	247161158	"reminder"	"V2_0"	"of"	1	0.5	12.7469215393066	0
"244"	247161158	"report"	"V2_0"	"of"	1	0.5	12.5148267745972	0
"245"	247161158	"revelation"	"V2_0"	"of"	1	0.5	11.9201536178589	0.0173611111111111
"246"	247161158	"rumor"	"V2_0"	"of"	1	0.5	12.1343765258789	0.0798611111111111
"247"	247161158	"sense"	"V2_0"	"of"	1	0.5	12.4414901733398	0
"248"	247161158	"speculation"	"V2_0"	"of"	1	0.5	12.0502233505249	0
"249"	247161158	"statement"	"V2_0"	"of"	1	0.5	12.7448635101318	0.0173611111111111
"250"	247161158	"story"	"V2_0"	"of"	1	0.5	11.34255027771	0
"251"	247161158	"suggestion"	"V2_0"	"of"	1	0.5	11.8570537567139	0.0138888888888889
"252"	247161158	"suspicion"	"V2_0"	"of"	1	0.5	12.7539472579956	0
"253"	247161158	"thought"	"V2_0"	"of"	1	0.5	13.502950668335	0.00694444444444444
"254"	247161158	"truth"	"V2_0"	"of"	1	0.5	12.3575925827026	0
"255"	247161158	"understanding"	"V2_0"	"of"	1	0.5	13.516619682312	0.0173611111111111
"256"	247161158	"view"	"V2_0"	"of"	1	0.5	13.9255199432373	0.00347222222222222
"257"	405103923	"accusation"	"V2_0"	"of"	1	0.5	12.0853567123413	0
"258"	405103923	"admission"	"V2_0"	"of"	1	0.5	13.7540884017944	0
"259"	405103923	"allegation"	"V2_0"	"of"	1	0.5	11.4436779022217	0
"260"	405103923	"announcement"	"V2_0"	"of"	1	0.5	13.8493576049805	0
"261"	405103923	"arrest"	"V2_0"	"of"	1	0.5	12.8407316207886	0
"262"	405103923	"arrival"	"V2_0"	"of"	1	0.5	11.5543193817139	0
"263"	405103923	"assertion"	"V2_0"	"of"	1	0.5	12.6986074447632	0
"264"	405103923	"assessment"	"V2_0"	"of"	1	0.5	13.7604541778564	0
"265"	405103923	"assumption"	"V2_0"	"of"	1	0.5	12.6108989715576	0.00347222222222222
"266"	405103923	"assurance"	"V2_0"	"of"	1	0.5	13.2518873214722	0
"267"	405103923	"belief"	"V2_0"	"of"	1	0.5	12.8289470672607	0.0555555555555556
"268"	405103923	"book"	"V2_0"	"of"	1	0.5	13.5293731689453	0
"269"	405103923	"certainty"	"V2_0"	"of"	1	0.5	11.9847440719604	0
"270"	405103923	"claim"	"V2_0"	"of"	1	0.5	13.0658702850342	0
"271"	405103923	"complaint"	"V2_0"	"of"	1	0.5	13.4160976409912	0
"272"	405103923	"computer"	"V2_0"	"of"	1	0.5	12.1672897338867	0
"273"	405103923	"concern"	"V2_0"	"of"	1	0.5	13.5485458374023	0
"274"	405103923	"conclusion"	"V2_0"	"of"	1	0.5	13.6549549102783	0
"275"	405103923	"confirmation"	"V2_0"	"of"	1	0.5	13.7370796203613	0
"276"	405103923	"conjecture"	"V2_0"	"of"	1	0.5	12.0257635116577	0
"277"	405103923	"contention"	"V2_0"	"of"	1	0.5	12.8206396102905	0
"278"	405103923	"conviction"	"V2_0"	"of"	1	0.5	13.3301992416382	0
"279"	405103923	"declaration"	"V2_0"	"of"	1	0.5	13.2963676452637	0
"280"	405103923	"departure"	"V2_0"	"of"	1	0.5	13.9060211181641	0
"281"	405103923	"disclosure"	"V2_0"	"of"	1	0.5	13.3319835662842	0
"282"	405103923	"dismissal"	"V2_0"	"of"	1	0.5	14.4198055267334	0
"283"	405103923	"evidence"	"V2_0"	"of"	1	0.5	12.1747007369995	0
"284"	405103923	"fact"	"V2_0"	"of"	1	0.5	11.5724506378174	0.0173611111111111
"285"	405103923	"feeling"	"V2_0"	"of"	1	0.5	11.9618635177612	0
"286"	405103923	"finding"	"V2_0"	"of"	1	0.5	11.7458763122559	0
"287"	405103923	"guess"	"V2_0"	"of"	1	0.5	12.0761442184448	0
"288"	405103923	"house"	"V2_0"	"of"	1	0.5	13.8667430877686	0
"289"	405103923	"idea"	"V2_0"	"of"	1	0.5	12.4805374145508	0
"290"	405103923	"impression"	"V2_0"	"of"	1	0.5	11.6769542694092	0
"291"	405103923	"indication"	"V2_0"	"of"	1	0.5	12.7038345336914	0.00347222222222222
"292"	405103923	"information"	"V2_0"	"of"	1	0.5	12.5373058319092	0
"293"	405103923	"insinuation"	"V2_0"	"of"	1	0.5	13.3865947723389	0
"294"	405103923	"interview"	"V2_0"	"of"	1	0.5	13.4553985595703	0
"295"	405103923	"intuition"	"V2_0"	"of"	1	0.5	12.5576763153076	0
"296"	405103923	"job"	"V2_0"	"of"	1	0.5	14.7957363128662	0
"297"	405103923	"message"	"V2_0"	"of"	1	0.5	13.3779859542847	0
"298"	405103923	"murder"	"V2_0"	"of"	1	0.5	13.3849172592163	0
"299"	405103923	"myth"	"V2_0"	"of"	1	0.5	12.4840259552002	0.00347222222222222
"300"	405103923	"news"	"V2_0"	"of"	1	0.5	11.7071075439453	0
"301"	405103923	"notion"	"V2_0"	"of"	1	0.5	12.9209098815918	0
"302"	405103923	"observation"	"V2_0"	"of"	1	0.5	12.4957418441772	0
"303"	405103923	"opinion"	"V2_0"	"of"	1	0.5	13.6443252563477	0.00347222222222222
"304"	405103923	"perception"	"V2_0"	"of"	1	0.5	13.5587911605835	0.00347222222222222
"305"	405103923	"photo"	"V2_0"	"of"	1	0.5	12.173864364624	0
"306"	405103923	"prediction"	"V2_0"	"of"	1	0.5	13.1330375671387	0
"307"	405103923	"presumption"	"V2_0"	"of"	1	0.5	13.4162826538086	0
"308"	405103923	"proof"	"V2_0"	"of"	1	0.5	12.9084053039551	0
"309"	405103923	"realization"	"V2_0"	"of"	1	0.5	11.9477443695068	0
"310"	405103923	"recognition"	"V2_0"	"of"	1	0.5	13.1749782562256	0
"311"	405103923	"remark"	"V2_0"	"of"	1	0.5	13.3054227828979	0
"312"	405103923	"reminder"	"V2_0"	"of"	1	0.5	11.7582836151123	0
"313"	405103923	"report"	"V2_0"	"of"	1	0.5	13.4761190414429	0
"314"	405103923	"revelation"	"V2_0"	"of"	1	0.5	12.6050815582275	0
"315"	405103923	"rumor"	"V2_0"	"of"	1	0.5	12.4142684936523	0
"316"	405103923	"sense"	"V2_0"	"of"	1	0.5	12.2794990539551	0
"317"	405103923	"speculation"	"V2_0"	"of"	1	0.5	12.7429618835449	0
"318"	405103923	"statement"	"V2_0"	"of"	1	0.5	13.3661031723022	0
"319"	405103923	"story"	"V2_0"	"of"	1	0.5	13.0061302185059	0
"320"	405103923	"suggestion"	"V2_0"	"of"	1	0.5	11.7048091888428	0.0104166666666667
"321"	405103923	"suspicion"	"V2_0"	"of"	1	0.5	12.4427671432495	0
"322"	405103923	"thought"	"V2_0"	"of"	1	0.5	12.6997518539429	0.00347222222222222
"323"	405103923	"truth"	"V2_0"	"of"	1	0.5	12.9569835662842	0
"324"	405103923	"understanding"	"V2_0"	"of"	1	0.5	13.3235578536987	0
"325"	405103923	"video"	"V2_0"	"of"	1	0.5	12.7130355834961	0
"326"	405103923	"view"	"V2_0"	"of"	1	0.5	13.2643737792969	0
"327"	420524375	"accusation"	"V2_0"	"of"	0	0.6	13.4103031158447	0.0451388888888889
"328"	420524375	"admission"	"V2_0"	"of"	0	0.6	14.242057800293	0.00347222222222222
"329"	420524375	"allegation"	"V2_0"	"of"	0	0.6	12.4053573608398	0.0868055555555556
"330"	420524375	"announcement"	"V2_0"	"of"	0	0.6	14.2920036315918	0.0138888888888889
"331"	420524375	"arrest"	"V2_0"	"of"	0	0.6	13.2824440002441	0.00694444444444444
"332"	420524375	"arrival"	"V2_0"	"of"	0	0.6	13.9141311645508	0
"333"	420524375	"assertion"	"V2_0"	"of"	0	0.6	12.6146087646484	0.0347222222222222
"334"	420524375	"assessment"	"V2_0"	"of"	0	0.6	14.6627531051636	0.03125
"335"	420524375	"assumption"	"V2_0"	"of"	0	0.6	13.5863952636719	0.361111111111111
"336"	420524375	"assurance"	"V2_0"	"of"	0	0.6	14.0529737472534	0.118055555555556
"337"	420524375	"belief"	"V2_0"	"of"	0	0.6	13.4146556854248	0.236111111111111
"338"	420524375	"book"	"V2_0"	"of"	0	0.6	13.1597003936768	0.0243055555555556
"339"	420524375	"certainty"	"V2_0"	"of"	0	0.6	14.2869110107422	0.0416666666666667
"340"	420524375	"claim"	"V2_0"	"of"	0	0.6	13.6225147247314	0.0798611111111111
"341"	420524375	"complaint"	"V2_0"	"of"	0	0.6	14.0369720458984	0.0208333333333333
"342"	420524375	"computer"	"V2_0"	"of"	0	0.6	13.9204664230347	0.0104166666666667
"343"	420524375	"concern"	"V2_0"	"of"	0	0.6	14.508563041687	0.0763888888888889
"344"	420524375	"conclusion"	"V2_0"	"of"	0	0.6	14.1424131393433	0.03125
"345"	420524375	"confirmation"	"V2_0"	"of"	0	0.6	14.6995677947998	0.0173611111111111
"346"	420524375	"conjecture"	"V2_0"	"of"	0	0.6	12.1980800628662	0.135416666666667
"347"	420524375	"contention"	"V2_0"	"of"	0	0.6	14.6054573059082	0.253472222222222
"348"	420524375	"conviction"	"V2_0"	"of"	0	0.6	14.2231521606445	0.0694444444444444
"349"	420524375	"declaration"	"V2_0"	"of"	0	0.6	15.0779027938843	0.00347222222222222
"350"	420524375	"departure"	"V2_0"	"of"	0	0.6	15.1441831588745	0
"351"	420524375	"disclosure"	"V2_0"	"of"	0	0.6	13.4840450286865	0.00347222222222222
"352"	420524375	"dismissal"	"V2_0"	"of"	0	0.6	13.3969345092773	0
"353"	420524375	"evidence"	"V2_0"	"of"	0	0.6	11.6204786300659	0.0659722222222222
"354"	420524375	"fact"	"V2_0"	"of"	0	0.6	11.674633026123	0.524305555555556
"355"	420524375	"feeling"	"V2_0"	"of"	0	0.6	14.4234113693237	0.111111111111111
"356"	420524375	"finding"	"V2_0"	"of"	0	0.6	11.0590362548828	0.0416666666666667
"357"	420524375	"guess"	"V2_0"	"of"	0	0.6	13.8473129272461	0.0277777777777778
"358"	420524375	"house"	"V2_0"	"of"	0	0.6	14.5030746459961	0
"359"	420524375	"idea"	"V2_0"	"of"	0	0.6	13.4531927108765	0.0520833333333333
"360"	420524375	"impression"	"V2_0"	"of"	0	0.6	13.6256523132324	0.0520833333333333
"361"	420524375	"indication"	"V2_0"	"of"	0	0.6	13.9983596801758	0.0277777777777778
"362"	420524375	"information"	"V2_0"	"of"	0	0.6	13.8302383422852	0.0208333333333333
"363"	420524375	"insinuation"	"V2_0"	"of"	0	0.6	14.5716781616211	0
"364"	420524375	"interview"	"V2_0"	"of"	0	0.6	15.1899518966675	0.0277777777777778
"365"	420524375	"intuition"	"V2_0"	"of"	0	0.6	13.9543447494507	0.0277777777777778
"366"	420524375	"job"	"V2_0"	"of"	0	0.6	15.4689350128174	0.00347222222222222
"367"	420524375	"message"	"V2_0"	"of"	0	0.6	14.2957105636597	0.00694444444444444
"368"	420524375	"murder"	"V2_0"	"of"	0	0.6	12.720362663269	0
"369"	420524375	"myth"	"V2_0"	"of"	0	0.6	14.3024168014526	0.0694444444444444
"370"	420524375	"news"	"V2_0"	"of"	0	0.6	13.9208965301514	0.0138888888888889
"371"	420524375	"notion"	"V2_0"	"of"	0	0.6	12.9606657028198	0.0104166666666667
"372"	420524375	"observation"	"V2_0"	"of"	0	0.6	12.5804929733276	0.0173611111111111
"373"	420524375	"opinion"	"V2_0"	"of"	0	0.6	13.2142028808594	0.0381944444444444
"374"	420524375	"perception"	"V2_0"	"of"	0	0.6	14.6745071411133	0.09375
"375"	420524375	"photo"	"V2_0"	"of"	0	0.6	12.245265007019	0.0243055555555556
"376"	420524375	"prediction"	"V2_0"	"of"	0	0.6	13.4129543304443	0.0104166666666667
"377"	420524375	"presumption"	"V2_0"	"of"	0	0.6	13.0379858016968	0.184027777777778
"378"	420524375	"proof"	"V2_0"	"of"	0	0.6	12.8613891601562	0.0208333333333333
"379"	420524375	"realization"	"V2_0"	"of"	0	0.6	12.0531768798828	0.0208333333333333
"380"	420524375	"recognition"	"V2_0"	"of"	0	0.6	15.4084320068359	0.0277777777777778
"381"	420524375	"remark"	"V2_0"	"of"	0	0.6	13.7886075973511	0.0173611111111111
"382"	420524375	"reminder"	"V2_0"	"of"	0	0.6	14.0294828414917	0.0347222222222222
"383"	420524375	"report"	"V2_0"	"of"	0	0.6	14.5071640014648	0.0208333333333333
"384"	420524375	"revelation"	"V2_0"	"of"	0	0.6	13.9110441207886	0.0972222222222222
"385"	420524375	"rumor"	"V2_0"	"of"	0	0.6	13.5655517578125	0.0798611111111111
"386"	420524375	"sense"	"V2_0"	"of"	0	0.6	14.4529857635498	0.0277777777777778
"387"	420524375	"speculation"	"V2_0"	"of"	0	0.6	13.7905120849609	0.194444444444444
"388"	420524375	"statement"	"V2_0"	"of"	0	0.6	13.0997152328491	0.09375
"389"	420524375	"story"	"V2_0"	"of"	0	0.6	13.8160762786865	0.00347222222222222
"390"	420524375	"suggestion"	"V2_0"	"of"	0	0.6	13.1150693893433	0.145833333333333
"391"	420524375	"suspicion"	"V2_0"	"of"	0	0.6	13.5747175216675	0.0347222222222222
"392"	420524375	"thought"	"V2_0"	"of"	0	0.6	14.0583839416504	0
"393"	420524375	"truth"	"V2_0"	"of"	0	0.6	13.8484487533569	0.0104166666666667
"394"	420524375	"understanding"	"V2_0"	"of"	0	0.6	13.9063835144043	0.00347222222222222
"395"	420524375	"video"	"V2_0"	"of"	0	0.6	14.2807197570801	0.0208333333333333
"396"	420524375	"view"	"V2_0"	"of"	0	0.6	13.8827543258667	0.00347222222222222
"397"	510773468	"accusation"	"V2_0"	"of"	0	0.2	11.5626211166382	0
"398"	510773468	"admission"	"V2_0"	"of"	0	0.2	14.1226997375488	0
"399"	510773468	"allegation"	"V2_0"	"of"	0	0.2	12.5217742919922	0
"400"	510773468	"announcement"	"V2_0"	"of"	0	0.2	13.0261535644531	0
"401"	510773468	"assertion"	"V2_0"	"of"	0	0.2	12.4840450286865	0.00694444444444444
"402"	510773468	"assessment"	"V2_0"	"of"	0	0.2	13.7936859130859	0
"403"	510773468	"assumption"	"V2_0"	"of"	0	0.2	13.8329010009766	0
"404"	510773468	"assurance"	"V2_0"	"of"	0	0.2	12.7084951400757	0
"405"	510773468	"belief"	"V2_0"	"of"	0	0.2	12.1647176742554	0
"406"	510773468	"certainty"	"V2_0"	"of"	0	0.2	11.6993741989136	0
"407"	510773468	"claim"	"V2_0"	"of"	0	0.2	12.2638502120972	0.00347222222222222
"408"	510773468	"complaint"	"V2_0"	"of"	0	0.2	12.8278455734253	0
"409"	510773468	"concern"	"V2_0"	"of"	0	0.2	12.7237339019775	0
"410"	510773468	"conclusion"	"V2_0"	"of"	0	0.2	13.2496137619019	0.00347222222222222
"411"	510773468	"confirmation"	"V2_0"	"of"	0	0.2	12.3783597946167	0
"412"	510773468	"conjecture"	"V2_0"	"of"	0	0.2	13.3430004119873	0
"413"	510773468	"contention"	"V2_0"	"of"	0	0.2	13.361517906189	0
"414"	510773468	"conviction"	"V2_0"	"of"	0	0.2	12.1818113327026	0
"415"	510773468	"declaration"	"V2_0"	"of"	0	0.2	12.7644233703613	0
"416"	510773468	"disclosure"	"V2_0"	"of"	0	0.2	13.8551483154297	0
"417"	510773468	"evidence"	"V2_0"	"of"	0	0.2	11.2497177124023	0
"418"	510773468	"fact"	"V2_0"	"of"	0	0.2	11.2410879135132	0
"419"	510773468	"feeling"	"V2_0"	"of"	0	0.2	11.9619045257568	0.00347222222222222
"420"	510773468	"finding"	"V2_0"	"of"	0	0.2	11.4199514389038	0
"421"	510773468	"guess"	"V2_0"	"of"	0	0.2	11.3866529464722	0
"422"	510773468	"idea"	"V2_0"	"of"	0	0.2	11.5027256011963	0
"423"	510773468	"impression"	"V2_0"	"of"	0	0.2	11.4847164154053	0
"424"	510773468	"indication"	"V2_0"	"of"	0	0.2	12.5042066574097	0
"425"	510773468	"information"	"V2_0"	"of"	0	0.2	11.8899488449097	0
"426"	510773468	"insinuation"	"V2_0"	"of"	0	0.2	12.2692604064941	0
"427"	510773468	"intuition"	"V2_0"	"of"	0	0.2	12.9859943389893	0
"428"	510773468	"message"	"V2_0"	"of"	0	0.2	12.0642719268799	0
"429"	510773468	"myth"	"V2_0"	"of"	0	0.2	11.3717842102051	0
"430"	510773468	"news"	"V2_0"	"of"	0	0.2	11.3716621398926	0
"431"	510773468	"notion"	"V2_0"	"of"	0	0.2	12.7918043136597	0
"432"	510773468	"observation"	"V2_0"	"of"	0	0.2	11.8609809875488	0
"433"	510773468	"opinion"	"V2_0"	"of"	0	0.2	13.7489128112793	0.00347222222222222
"434"	510773468	"perception"	"V2_0"	"of"	0	0.2	13.3624296188354	0
"435"	510773468	"prediction"	"V2_0"	"of"	0	0.2	13.5571088790894	0
"436"	510773468	"presumption"	"V2_0"	"of"	0	0.2	12.872031211853	0
"437"	510773468	"proof"	"V2_0"	"of"	0	0.2	12.6098232269287	0
"438"	510773468	"realization"	"V2_0"	"of"	0	0.2	12.1516828536987	0
"439"	510773468	"recognition"	"V2_0"	"of"	0	0.2	13.5526142120361	0
"440"	510773468	"remark"	"V2_0"	"of"	0	0.2	12.8562793731689	0
"441"	510773468	"reminder"	"V2_0"	"of"	0	0.2	11.7720184326172	0
"442"	510773468	"report"	"V2_0"	"of"	0	0.2	11.1473808288574	0
"443"	510773468	"revelation"	"V2_0"	"of"	0	0.2	11.5437574386597	0
"444"	510773468	"rumor"	"V2_0"	"of"	0	0.2	11.2017021179199	0
"445"	510773468	"sense"	"V2_0"	"of"	0	0.2	12.1369962692261	0
"446"	510773468	"speculation"	"V2_0"	"of"	0	0.2	11.8918828964233	0
"447"	510773468	"statement"	"V2_0"	"of"	0	0.2	12.9425792694092	0
"448"	510773468	"story"	"V2_0"	"of"	0	0.2	10.9004926681519	0
"449"	510773468	"suggestion"	"V2_0"	"of"	0	0.2	12.3942813873291	0
"450"	510773468	"suspicion"	"V2_0"	"of"	0	0.2	12.7267837524414	0
"451"	510773468	"thought"	"V2_0"	"of"	0	0.2	12.716423034668	0
"452"	510773468	"truth"	"V2_0"	"of"	0	0.2	12.7365245819092	0
"453"	510773468	"understanding"	"V2_0"	"of"	0	0.2	13.8975553512573	0
"454"	510773468	"view"	"V2_0"	"of"	0	0.2	13.9831609725952	0
"455"	532717766	"accusation"	"V2_0"	"of"	0	0.4	12.5770034790039	0.00347222222222222
"456"	532717766	"admission"	"V2_0"	"of"	0	0.4	14.1297760009766	0
"457"	532717766	"allegation"	"V2_0"	"of"	0	0.4	12.565258026123	0
"458"	532717766	"announcement"	"V2_0"	"of"	0	0.4	13.739538192749	0.0208333333333333
"459"	532717766	"arrest"	"V2_0"	"of"	0	0.4	13.4201498031616	0
"460"	532717766	"arrival"	"V2_0"	"of"	0	0.4	11.4448127746582	0
"461"	532717766	"assertion"	"V2_0"	"of"	0	0.4	12.5517683029175	0.0138888888888889
"462"	532717766	"assessment"	"V2_0"	"of"	0	0.4	13.4768218994141	0
"463"	532717766	"assumption"	"V2_0"	"of"	0	0.4	13.1363162994385	0.0451388888888889
"464"	532717766	"assurance"	"V2_0"	"of"	0	0.4	13.6972179412842	0.0104166666666667
"465"	532717766	"belief"	"V2_0"	"of"	0	0.4	13.0010433197021	0.243055555555556
"466"	532717766	"book"	"V2_0"	"of"	0	0.4	13.6909656524658	0.00347222222222222
"467"	532717766	"certainty"	"V2_0"	"of"	0	0.4	13.6373424530029	0.0173611111111111
"468"	532717766	"claim"	"V2_0"	"of"	0	0.4	12.9141912460327	0.00694444444444444
"469"	532717766	"complaint"	"V2_0"	"of"	0	0.4	14.0905055999756	0.0104166666666667
"470"	532717766	"computer"	"V2_0"	"of"	0	0.4	14.1610946655273	0
"471"	532717766	"concern"	"V2_0"	"of"	0	0.4	13.3772506713867	0.00694444444444444
"472"	532717766	"conclusion"	"V2_0"	"of"	0	0.4	12.114860534668	0.0798611111111111
"473"	532717766	"confirmation"	"V2_0"	"of"	0	0.4	14.0841274261475	0.0104166666666667
"474"	532717766	"conjecture"	"V2_0"	"of"	0	0.4	12.7982769012451	0.00347222222222222
"475"	532717766	"contention"	"V2_0"	"of"	0	0.4	12.6063976287842	0.0451388888888889
"476"	532717766	"conviction"	"V2_0"	"of"	0	0.4	13.6989650726318	0.0243055555555556
"477"	532717766	"declaration"	"V2_0"	"of"	0	0.4	13.0652847290039	0
"478"	532717766	"departure"	"V2_0"	"of"	0	0.4	14.3251056671143	0
"479"	532717766	"disclosure"	"V2_0"	"of"	0	0.4	13.6401271820068	0
"480"	532717766	"dismissal"	"V2_0"	"of"	0	0.4	15.1394786834717	0
"481"	532717766	"evidence"	"V2_0"	"of"	0	0.4	12.6490964889526	0.0451388888888889
"482"	532717766	"fact"	"V2_0"	"of"	0	0.4	13.1882705688477	0.111111111111111
"483"	532717766	"feeling"	"V2_0"	"of"	0	0.4	13.4683284759521	0.0208333333333333
"484"	532717766	"finding"	"V2_0"	"of"	0	0.4	11.8870220184326	0.0208333333333333
"485"	532717766	"guess"	"V2_0"	"of"	0	0.4	10.7990674972534	0
"486"	532717766	"house"	"V2_0"	"of"	0	0.4	14.449782371521	0
"487"	532717766	"idea"	"V2_0"	"of"	0	0.4	12.5122528076172	0.00694444444444444
"488"	532717766	"impression"	"V2_0"	"of"	0	0.4	12.6582622528076	0.315972222222222
"489"	532717766	"indication"	"V2_0"	"of"	0	0.4	11.5586452484131	0
"490"	532717766	"information"	"V2_0"	"of"	0	0.4	12.5541868209839	0.00347222222222222
"491"	532717766	"insinuation"	"V2_0"	"of"	0	0.4	12.9093999862671	0
"492"	532717766	"interview"	"V2_0"	"of"	0	0.4	13.5088710784912	0.0104166666666667
"493"	532717766	"intuition"	"V2_0"	"of"	0	0.4	13.3902912139893	0
"494"	532717766	"job"	"V2_0"	"of"	0	0.4	15.9909992218018	0
"495"	532717766	"message"	"V2_0"	"of"	0	0.4	13.636981010437	0.0138888888888889
"496"	532717766	"murder"	"V2_0"	"of"	0	0.4	13.0603618621826	0
"497"	532717766	"myth"	"V2_0"	"of"	0	0.4	13.1397733688354	0.00694444444444444
"498"	532717766	"news"	"V2_0"	"of"	0	0.4	12.9914493560791	0
"499"	532717766	"notion"	"V2_0"	"of"	0	0.4	12.2039928436279	0.00347222222222222
"500"	532717766	"observation"	"V2_0"	"of"	0	0.4	12.8991775512695	0.0451388888888889
"501"	532717766	"opinion"	"V2_0"	"of"	0	0.4	14.2716550827026	0.0104166666666667
"502"	532717766	"perception"	"V2_0"	"of"	0	0.4	13.714506149292	0.0486111111111111
"503"	532717766	"photo"	"V2_0"	"of"	0	0.4	11.0125503540039	0.00347222222222222
"504"	532717766	"prediction"	"V2_0"	"of"	0	0.4	12.8384170532227	0.0243055555555556
"505"	532717766	"presumption"	"V2_0"	"of"	0	0.4	13.9090251922607	0
"506"	532717766	"proof"	"V2_0"	"of"	0	0.4	13.5526990890503	0.00694444444444444
"507"	532717766	"realization"	"V2_0"	"of"	0	0.4	12.6101837158203	0.0243055555555556
"508"	532717766	"recognition"	"V2_0"	"of"	0	0.4	12.9047832489014	0
"509"	532717766	"remark"	"V2_0"	"of"	0	0.4	14.0041923522949	0
"510"	532717766	"reminder"	"V2_0"	"of"	0	0.4	11.571798324585	0.00347222222222222
"511"	532717766	"report"	"V2_0"	"of"	0	0.4	14.2004957199097	0.00347222222222222
"512"	532717766	"revelation"	"V2_0"	"of"	0	0.4	13.2972412109375	0
"513"	532717766	"rumor"	"V2_0"	"of"	0	0.4	11.9438228607178	0
"514"	532717766	"sense"	"V2_0"	"of"	0	0.4	11.7807312011719	0.00347222222222222
"515"	532717766	"speculation"	"V2_0"	"of"	0	0.4	13.1296463012695	0.0555555555555556
"516"	532717766	"statement"	"V2_0"	"of"	0	0.4	12.7757797241211	0
"517"	532717766	"story"	"V2_0"	"of"	0	0.4	13.5807933807373	0
"518"	532717766	"suggestion"	"V2_0"	"of"	0	0.4	11.4988279342651	0.0555555555555556
"519"	532717766	"suspicion"	"V2_0"	"of"	0	0.4	12.9763488769531	0.0416666666666667
"520"	532717766	"thought"	"V2_0"	"of"	0	0.4	11.0598106384277	0.0486111111111111
"521"	532717766	"truth"	"V2_0"	"of"	0	0.4	13.2974920272827	0
"522"	532717766	"understanding"	"V2_0"	"of"	0	0.4	13.3201665878296	0.00694444444444444
"523"	532717766	"video"	"V2_0"	"of"	0	0.4	12.1811599731445	0.0104166666666667
"524"	532717766	"view"	"V2_0"	"of"	0	0.4	13.7948303222656	0.0173611111111111
"525"	586372967	"accusation"	"V2_0"	"of"	0	0.2	12.6768226623535	0.0173611111111111
"526"	586372967	"admission"	"V2_0"	"of"	0	0.2	11.2894115447998	0
"527"	586372967	"allegation"	"V2_0"	"of"	0	0.2	11.4227247238159	0
"528"	586372967	"announcement"	"V2_0"	"of"	0	0.2	13.8451519012451	0.00347222222222222
"529"	586372967	"assertion"	"V2_0"	"of"	0	0.2	13.3910980224609	0.0972222222222222
"530"	586372967	"assessment"	"V2_0"	"of"	0	0.2	13.8510456085205	0
"531"	586372967	"assumption"	"V2_0"	"of"	0	0.2	12.2406578063965	0.0451388888888889
"532"	586372967	"assurance"	"V2_0"	"of"	0	0.2	13.5540924072266	0.00347222222222222
"533"	586372967	"belief"	"V2_0"	"of"	0	0.2	12.4267292022705	0.180555555555556
"534"	586372967	"certainty"	"V2_0"	"of"	0	0.2	14.148344039917	0.0104166666666667
"535"	586372967	"claim"	"V2_0"	"of"	0	0.2	13.2993574142456	0.0659722222222222
"536"	586372967	"complaint"	"V2_0"	"of"	0	0.2	11.9836940765381	0.0208333333333333
"537"	586372967	"concern"	"V2_0"	"of"	0	0.2	13.7791624069214	0.0972222222222222
"538"	586372967	"conclusion"	"V2_0"	"of"	0	0.2	14.7491369247437	0.15625
"539"	586372967	"confirmation"	"V2_0"	"of"	0	0.2	14.2576360702515	0.00694444444444444
"540"	586372967	"conjecture"	"V2_0"	"of"	0	0.2	12.3901205062866	0.00694444444444444
"541"	586372967	"contention"	"V2_0"	"of"	0	0.2	13.9375247955322	0.0381944444444444
"542"	586372967	"conviction"	"V2_0"	"of"	0	0.2	13.9561901092529	0.0243055555555556
"543"	586372967	"declaration"	"V2_0"	"of"	0	0.2	14.12415599823	0.0416666666666667
"544"	586372967	"disclosure"	"V2_0"	"of"	0	0.2	13.524938583374	0
"545"	586372967	"evidence"	"V2_0"	"of"	0	0.2	12.1918277740479	0.0104166666666667
"546"	586372967	"fact"	"V2_0"	"of"	0	0.2	12.0238914489746	0.215277777777778
"547"	586372967	"feeling"	"V2_0"	"of"	0	0.2	12.6739501953125	0.0138888888888889
"548"	586372967	"finding"	"V2_0"	"of"	0	0.2	11.5783996582031	0.09375
"549"	586372967	"guess"	"V2_0"	"of"	0	0.2	11.968222618103	0.00347222222222222
"550"	586372967	"idea"	"V2_0"	"of"	0	0.2	12.7990894317627	0.0347222222222222
"551"	586372967	"impression"	"V2_0"	"of"	0	0.2	11.7082691192627	0.0555555555555556
"552"	586372967	"indication"	"V2_0"	"of"	0	0.2	13.5540037155151	0.00694444444444444
"553"	586372967	"information"	"V2_0"	"of"	0	0.2	11.1813812255859	0.0208333333333333
"554"	586372967	"insinuation"	"V2_0"	"of"	0	0.2	13.8697128295898	0
"555"	586372967	"intuition"	"V2_0"	"of"	0	0.2	12.3559446334839	0
"556"	586372967	"message"	"V2_0"	"of"	0	0.2	12.8289518356323	0.0104166666666667
"557"	586372967	"myth"	"V2_0"	"of"	0	0.2	12.712739944458	0.0173611111111111
"558"	586372967	"news"	"V2_0"	"of"	0	0.2	12.6965360641479	0.00347222222222222
"559"	586372967	"notion"	"V2_0"	"of"	0	0.2	13.2730283737183	0.0347222222222222
"560"	586372967	"observation"	"V2_0"	"of"	0	0.2	12.386999130249	0.00347222222222222
"561"	586372967	"opinion"	"V2_0"	"of"	0	0.2	12.0706968307495	0.00694444444444444
"562"	586372967	"perception"	"V2_0"	"of"	0	0.2	13.2033462524414	0
"563"	586372967	"prediction"	"V2_0"	"of"	0	0.2	13.5468711853027	0.0138888888888889
"564"	586372967	"presumption"	"V2_0"	"of"	0	0.2	12.4072942733765	0
"565"	586372967	"proof"	"V2_0"	"of"	0	0.2	12.8062973022461	0.0104166666666667
"566"	586372967	"realization"	"V2_0"	"of"	0	0.2	12.4607038497925	0
"567"	586372967	"recognition"	"V2_0"	"of"	0	0.2	13.8065719604492	0.00694444444444444
"568"	586372967	"remark"	"V2_0"	"of"	0	0.2	13.8628921508789	0.0138888888888889
"569"	586372967	"reminder"	"V2_0"	"of"	0	0.2	11.3450107574463	0.00347222222222222
"570"	586372967	"report"	"V2_0"	"of"	0	0.2	12.5068168640137	0
"571"	586372967	"revelation"	"V2_0"	"of"	0	0.2	12.7533750534058	0.03125
"572"	586372967	"rumor"	"V2_0"	"of"	0	0.2	12.890079498291	0
"573"	586372967	"sense"	"V2_0"	"of"	0	0.2	12.9607086181641	0.0347222222222222
"574"	586372967	"speculation"	"V2_0"	"of"	0	0.2	12.9468145370483	0.0104166666666667
"575"	586372967	"statement"	"V2_0"	"of"	0	0.2	12.4024353027344	0.0173611111111111
"576"	586372967	"story"	"V2_0"	"of"	0	0.2	13.3908414840698	0.0138888888888889
"577"	586372967	"suggestion"	"V2_0"	"of"	0	0.2	12.5014724731445	0.00347222222222222
"578"	586372967	"suspicion"	"V2_0"	"of"	0	0.2	12.1282110214233	0
"579"	586372967	"thought"	"V2_0"	"of"	0	0.2	12.7986145019531	0
"580"	586372967	"truth"	"V2_0"	"of"	0	0.2	12.8781986236572	0
"581"	586372967	"understanding"	"V2_0"	"of"	0	0.2	13.221960067749	0
"582"	586372967	"view"	"V2_0"	"of"	0	0.2	12.9625387191772	0.0347222222222222
"583"	660144731	"accusation"	"V2_0"	"of"	0	0.4	11.1083784103394	0.0104166666666667
"584"	660144731	"admission"	"V2_0"	"of"	0	0.4	13.9651212692261	0
"585"	660144731	"allegation"	"V2_0"	"of"	0	0.4	12.6597652435303	0.0104166666666667
"586"	660144731	"announcement"	"V2_0"	"of"	0	0.4	13.9060506820679	0.00694444444444444
"587"	660144731	"assertion"	"V2_0"	"of"	0	0.4	13.5431785583496	0.0138888888888889
"588"	660144731	"assessment"	"V2_0"	"of"	0	0.4	13.6522121429443	0
"589"	660144731	"assumption"	"V2_0"	"of"	0	0.4	12.3224439620972	0
"590"	660144731	"assurance"	"V2_0"	"of"	0	0.4	13.3878479003906	0.00347222222222222
"591"	660144731	"belief"	"V2_0"	"of"	0	0.4	13.1361179351807	0.0243055555555556
"592"	660144731	"certainty"	"V2_0"	"of"	0	0.4	11.6992797851562	0
"593"	660144731	"claim"	"V2_0"	"of"	0	0.4	13.3771266937256	0.00347222222222222
"594"	660144731	"complaint"	"V2_0"	"of"	0	0.4	14.3475332260132	0
"595"	660144731	"concern"	"V2_0"	"of"	0	0.4	13.8378782272339	0.00347222222222222
"596"	660144731	"conclusion"	"V2_0"	"of"	0	0.4	12.2088623046875	0.00694444444444444
"597"	660144731	"confirmation"	"V2_0"	"of"	0	0.4	13.9941120147705	0
"598"	660144731	"conjecture"	"V2_0"	"of"	0	0.4	11.7915267944336	0.00347222222222222
"599"	660144731	"contention"	"V2_0"	"of"	0	0.4	12.8614912033081	0.00694444444444444
"600"	660144731	"conviction"	"V2_0"	"of"	0	0.4	13.2535200119019	0
"601"	660144731	"declaration"	"V2_0"	"of"	0	0.4	13.7891407012939	0
"602"	660144731	"disclosure"	"V2_0"	"of"	0	0.4	13.3802013397217	0
"603"	660144731	"evidence"	"V2_0"	"of"	0	0.4	12.3364582061768	0
"604"	660144731	"fact"	"V2_0"	"of"	0	0.4	12.5844869613647	0.0347222222222222
"605"	660144731	"feeling"	"V2_0"	"of"	0	0.4	11.5192289352417	0
"606"	660144731	"finding"	"V2_0"	"of"	0	0.4	12.1495513916016	0
"607"	660144731	"guess"	"V2_0"	"of"	0	0.4	10.8175029754639	0
"608"	660144731	"idea"	"V2_0"	"of"	0	0.4	11.6726179122925	0
"609"	660144731	"impression"	"V2_0"	"of"	0	0.4	12.854640007019	0.00694444444444444
"610"	660144731	"indication"	"V2_0"	"of"	0	0.4	13.0351409912109	0.0104166666666667
"611"	660144731	"information"	"V2_0"	"of"	0	0.4	11.5612449645996	0
"612"	660144731	"insinuation"	"V2_0"	"of"	0	0.4	10.9956760406494	0
"613"	660144731	"intuition"	"V2_0"	"of"	0	0.4	11.2198324203491	0
"614"	660144731	"message"	"V2_0"	"of"	0	0.4	13.055347442627	0
"615"	660144731	"myth"	"V2_0"	"of"	0	0.4	12.7458934783936	0
"616"	660144731	"news"	"V2_0"	"of"	0	0.4	12.6388463973999	0.00347222222222222
"617"	660144731	"notion"	"V2_0"	"of"	0	0.4	12.6174802780151	0.00694444444444444
"618"	660144731	"observation"	"V2_0"	"of"	0	0.4	12.0163688659668	0.00694444444444444
"619"	660144731	"opinion"	"V2_0"	"of"	0	0.4	14.0385074615479	0
"620"	660144731	"perception"	"V2_0"	"of"	0	0.4	13.4575119018555	0.00694444444444444
"621"	660144731	"prediction"	"V2_0"	"of"	0	0.4	12.9943647384644	0.00347222222222222
"622"	660144731	"presumption"	"V2_0"	"of"	0	0.4	13.4909114837646	0.00694444444444444
"623"	660144731	"proof"	"V2_0"	"of"	0	0.4	13.3002042770386	0
"624"	660144731	"realization"	"V2_0"	"of"	0	0.4	12.5742931365967	0
"625"	660144731	"recognition"	"V2_0"	"of"	0	0.4	12.1693067550659	0
"626"	660144731	"remark"	"V2_0"	"of"	0	0.4	13.7447452545166	0.00347222222222222
"627"	660144731	"reminder"	"V2_0"	"of"	0	0.4	13.239161491394	0.00347222222222222
"628"	660144731	"report"	"V2_0"	"of"	0	0.4	13.9197607040405	0
"629"	660144731	"revelation"	"V2_0"	"of"	0	0.4	12.8187618255615	0.00694444444444444
"630"	660144731	"rumor"	"V2_0"	"of"	0	0.4	13.6372671127319	0.0208333333333333
"631"	660144731	"sense"	"V2_0"	"of"	0	0.4	12.0168609619141	0.00347222222222222
"632"	660144731	"speculation"	"V2_0"	"of"	0	0.4	11.6293668746948	0.0208333333333333
"633"	660144731	"statement"	"V2_0"	"of"	0	0.4	13.8125171661377	0.00347222222222222
"634"	660144731	"story"	"V2_0"	"of"	0	0.4	12.796781539917	0
"635"	660144731	"suggestion"	"V2_0"	"of"	0	0.4	13.4028263092041	0.00694444444444444
"636"	660144731	"suspicion"	"V2_0"	"of"	0	0.4	12.8973541259766	0.00694444444444444
"637"	660144731	"thought"	"V2_0"	"of"	0	0.4	12.9900741577148	0.00694444444444444
"638"	660144731	"truth"	"V2_0"	"of"	0	0.4	13.0436124801636	0
"639"	660144731	"understanding"	"V2_0"	"of"	0	0.4	12.8057689666748	0
"640"	660144731	"view"	"V2_0"	"of"	0	0.4	13.4127073287964	0.00347222222222222
"641"	682037488	"accusation"	"V2_0"	"of"	0	0.5	13.3237867355347	0.00347222222222222
"642"	682037488	"admission"	"V2_0"	"of"	0	0.5	14.265025138855	0
"643"	682037488	"allegation"	"V2_0"	"of"	0	0.5	13.3018560409546	0.00694444444444444
"644"	682037488	"announcement"	"V2_0"	"of"	0	0.5	13.4833812713623	0.0138888888888889
"645"	682037488	"assertion"	"V2_0"	"of"	0	0.5	13.3187093734741	0.107638888888889
"646"	682037488	"assessment"	"V2_0"	"of"	0	0.5	13.9170589447021	0
"647"	682037488	"assumption"	"V2_0"	"of"	0	0.5	13.4760589599609	0.0833333333333333
"648"	682037488	"assurance"	"V2_0"	"of"	0	0.5	12.887412071228	0.0486111111111111
"649"	682037488	"belief"	"V2_0"	"of"	0	0.5	12.0333280563354	0.145833333333333
"650"	682037488	"certainty"	"V2_0"	"of"	0	0.5	12.737283706665	0.03125
"651"	682037488	"claim"	"V2_0"	"of"	0	0.5	13.6951370239258	0.0277777777777778
"652"	682037488	"complaint"	"V2_0"	"of"	0	0.5	13.0117893218994	0.0208333333333333
"653"	682037488	"concern"	"V2_0"	"of"	0	0.5	13.2978820800781	0.09375
"654"	682037488	"conclusion"	"V2_0"	"of"	0	0.5	13.8616580963135	0.145833333333333
"655"	682037488	"confirmation"	"V2_0"	"of"	0	0.5	13.2266645431519	0.00694444444444444
"656"	682037488	"conjecture"	"V2_0"	"of"	0	0.5	13.5734519958496	0.0555555555555556
"657"	682037488	"contention"	"V2_0"	"of"	0	0.5	13.8924865722656	0.125
"658"	682037488	"conviction"	"V2_0"	"of"	0	0.5	13.3503293991089	0.0138888888888889
"659"	682037488	"declaration"	"V2_0"	"of"	0	0.5	13.4031476974487	0
"660"	682037488	"disclosure"	"V2_0"	"of"	0	0.5	13.4055957794189	0
"661"	682037488	"evidence"	"V2_0"	"of"	0	0.5	12.6430730819702	0.0381944444444444
"662"	682037488	"fact"	"V2_0"	"of"	0	0.5	13.4906005859375	0.149305555555556
"663"	682037488	"feeling"	"V2_0"	"of"	0	0.5	13.9945249557495	0
"664"	682037488	"finding"	"V2_0"	"of"	0	0.5	12.4804267883301	0.0173611111111111
"665"	682037488	"guess"	"V2_0"	"of"	0	0.5	13.5592908859253	0.0138888888888889
"666"	682037488	"idea"	"V2_0"	"of"	0	0.5	14.0975723266602	0.00347222222222222
"667"	682037488	"impression"	"V2_0"	"of"	0	0.5	12.1926298141479	0.159722222222222
"668"	682037488	"indication"	"V2_0"	"of"	0	0.5	12.3674221038818	0.0243055555555556
"669"	682037488	"information"	"V2_0"	"of"	0	0.5	13.3986759185791	0.00694444444444444
"670"	682037488	"insinuation"	"V2_0"	"of"	0	0.5	14.2830038070679	0
"671"	682037488	"intuition"	"V2_0"	"of"	0	0.5	13.8305311203003	0.00347222222222222
"672"	682037488	"message"	"V2_0"	"of"	0	0.5	13.0093717575073	0.00694444444444444
"673"	682037488	"myth"	"V2_0"	"of"	0	0.5	13.7185020446777	0.00347222222222222
"674"	682037488	"news"	"V2_0"	"of"	0	0.5	13.5524549484253	0
"675"	682037488	"notion"	"V2_0"	"of"	0	0.5	13.8073577880859	0.0208333333333333
"676"	682037488	"observation"	"V2_0"	"of"	0	0.5	12.4998502731323	0.00694444444444444
"677"	682037488	"opinion"	"V2_0"	"of"	0	0.5	14.2126417160034	0.00347222222222222
"678"	682037488	"perception"	"V2_0"	"of"	0	0.5	12.44140625	0.0416666666666667
"679"	682037488	"prediction"	"V2_0"	"of"	0	0.5	14.1449584960938	0
"680"	682037488	"presumption"	"V2_0"	"of"	0	0.5	13.269359588623	0.177083333333333
"681"	682037488	"proof"	"V2_0"	"of"	0	0.5	13.3911037445068	0
"682"	682037488	"realization"	"V2_0"	"of"	0	0.5	13.1246366500854	0.00694444444444444
"683"	682037488	"recognition"	"V2_0"	"of"	0	0.5	13.5140333175659	0.00694444444444444
"684"	682037488	"remark"	"V2_0"	"of"	0	0.5	13.5168914794922	0.0347222222222222
"685"	682037488	"reminder"	"V2_0"	"of"	0	0.5	11.8868064880371	0.0173611111111111
"686"	682037488	"report"	"V2_0"	"of"	0	0.5	13.42005443573	0.0104166666666667
"687"	682037488	"revelation"	"V2_0"	"of"	0	0.5	12.149450302124	0.0763888888888889
"688"	682037488	"rumor"	"V2_0"	"of"	0	0.5	11.7700691223145	0.690972222222222
"689"	682037488	"sense"	"V2_0"	"of"	0	0.5	13.2207517623901	0.00694444444444444
"690"	682037488	"speculation"	"V2_0"	"of"	0	0.5	13.0104541778564	0.100694444444444
"691"	682037488	"statement"	"V2_0"	"of"	0	0.5	11.7707786560059	0.0138888888888889
"692"	682037488	"story"	"V2_0"	"of"	0	0.5	12.9769315719604	0.0138888888888889
"693"	682037488	"suggestion"	"V2_0"	"of"	0	0.5	12.4310331344604	0.0694444444444444
"694"	682037488	"suspicion"	"V2_0"	"of"	0	0.5	12.5126800537109	0.00694444444444444
"695"	682037488	"thought"	"V2_0"	"of"	0	0.5	13.9310550689697	0.00694444444444444
"696"	682037488	"truth"	"V2_0"	"of"	0	0.5	13.1390562057495	0.00347222222222222
"697"	682037488	"understanding"	"V2_0"	"of"	0	0.5	14.210090637207	0.00347222222222222
"698"	682037488	"view"	"V2_0"	"of"	0	0.5	12.6697521209717	0.0277777777777778
"699"	747122075	"accusation"	"V2_0"	"of"	0	0.4	12.9475202560425	0
"700"	747122075	"admission"	"V2_0"	"of"	0	0.4	12.774528503418	0
"701"	747122075	"allegation"	"V2_0"	"of"	0	0.4	12.9319286346436	0
"702"	747122075	"announcement"	"V2_0"	"of"	0	0.4	13.7257442474365	0
"703"	747122075	"assertion"	"V2_0"	"of"	0	0.4	12.5963439941406	0.00347222222222222
"704"	747122075	"assessment"	"V2_0"	"of"	0	0.4	12.60205078125	0
"705"	747122075	"assumption"	"V2_0"	"of"	0	0.4	12.5891227722168	0.0173611111111111
"706"	747122075	"assurance"	"V2_0"	"of"	0	0.4	13.6281967163086	0
"707"	747122075	"belief"	"V2_0"	"of"	0	0.4	12.9891757965088	0.00347222222222222
"708"	747122075	"certainty"	"V2_0"	"of"	0	0.4	14.1930112838745	0.00347222222222222
"709"	747122075	"claim"	"V2_0"	"of"	0	0.4	11.9961004257202	0
"710"	747122075	"complaint"	"V2_0"	"of"	0	0.4	14.3102865219116	0
"711"	747122075	"concern"	"V2_0"	"of"	0	0.4	13.888614654541	0.00694444444444444
"712"	747122075	"conclusion"	"V2_0"	"of"	0	0.4	13.5310697555542	0.00347222222222222
"713"	747122075	"confirmation"	"V2_0"	"of"	0	0.4	12.1736555099487	0.00347222222222222
"714"	747122075	"conjecture"	"V2_0"	"of"	0	0.4	12.748477935791	0
"715"	747122075	"contention"	"V2_0"	"of"	0	0.4	14.4685039520264	0.03125
"716"	747122075	"conviction"	"V2_0"	"of"	0	0.4	13.4211263656616	0
"717"	747122075	"declaration"	"V2_0"	"of"	0	0.4	12.8723373413086	0
"718"	747122075	"disclosure"	"V2_0"	"of"	0	0.4	12.0006666183472	0
"719"	747122075	"evidence"	"V2_0"	"of"	0	0.4	13.1392049789429	0.00347222222222222
"720"	747122075	"fact"	"V2_0"	"of"	0	0.4	12.2712459564209	0.0972222222222222
"721"	747122075	"feeling"	"V2_0"	"of"	0	0.4	13.4418411254883	0.00347222222222222
"722"	747122075	"finding"	"V2_0"	"of"	0	0.4	12.1799345016479	0.0347222222222222
"723"	747122075	"guess"	"V2_0"	"of"	0	0.4	10.9032764434814	0
"724"	747122075	"idea"	"V2_0"	"of"	0	0.4	11.1924953460693	0.0104166666666667
"725"	747122075	"impression"	"V2_0"	"of"	0	0.4	10.9923610687256	0.0277777777777778
"726"	747122075	"indication"	"V2_0"	"of"	0	0.4	13.5437536239624	0.00694444444444444
"727"	747122075	"information"	"V2_0"	"of"	0	0.4	12.9612598419189	0
"728"	747122075	"insinuation"	"V2_0"	"of"	0	0.4	13.3566741943359	0
"729"	747122075	"intuition"	"V2_0"	"of"	0	0.4	11.3170347213745	0
"730"	747122075	"message"	"V2_0"	"of"	0	0.4	12.4224376678467	0
"731"	747122075	"myth"	"V2_0"	"of"	0	0.4	12.9823179244995	0.00347222222222222
"732"	747122075	"news"	"V2_0"	"of"	0	0.4	13.3698558807373	0.00347222222222222
"733"	747122075	"notion"	"V2_0"	"of"	0	0.4	12.8257427215576	0.00694444444444444
"734"	747122075	"observation"	"V2_0"	"of"	0	0.4	12.8014888763428	0
"735"	747122075	"opinion"	"V2_0"	"of"	0	0.4	12.2198238372803	0.00347222222222222
"736"	747122075	"perception"	"V2_0"	"of"	0	0.4	13.4422025680542	0
"737"	747122075	"prediction"	"V2_0"	"of"	0	0.4	13.2604751586914	0.00347222222222222
"738"	747122075	"presumption"	"V2_0"	"of"	0	0.4	13.3735847473145	0
"739"	747122075	"proof"	"V2_0"	"of"	0	0.4	13.1250600814819	0.00694444444444444
"740"	747122075	"realization"	"V2_0"	"of"	0	0.4	13.2071323394775	0.00694444444444444
"741"	747122075	"recognition"	"V2_0"	"of"	0	0.4	14.0648326873779	0
"742"	747122075	"remark"	"V2_0"	"of"	0	0.4	12.1491918563843	0.0104166666666667
"743"	747122075	"reminder"	"V2_0"	"of"	0	0.4	13.4632320404053	0
"744"	747122075	"report"	"V2_0"	"of"	0	0.4	14.2283096313477	0.00347222222222222
"745"	747122075	"revelation"	"V2_0"	"of"	0	0.4	12.0351181030273	0
"746"	747122075	"rumor"	"V2_0"	"of"	0	0.4	13.3840713500977	0
"747"	747122075	"sense"	"V2_0"	"of"	0	0.4	11.632474899292	0
"748"	747122075	"speculation"	"V2_0"	"of"	0	0.4	13.0344009399414	0.0104166666666667
"749"	747122075	"statement"	"V2_0"	"of"	0	0.4	12.9440288543701	0.00347222222222222
"750"	747122075	"story"	"V2_0"	"of"	0	0.4	12.7513608932495	0
"751"	747122075	"suggestion"	"V2_0"	"of"	0	0.4	13.8455152511597	0.00347222222222222
"752"	747122075	"suspicion"	"V2_0"	"of"	0	0.4	12.8573141098022	0.0138888888888889
"753"	747122075	"thought"	"V2_0"	"of"	0	0.4	13.2841796875	0.00347222222222222
"754"	747122075	"truth"	"V2_0"	"of"	0	0.4	13.3813877105713	0
"755"	747122075	"understanding"	"V2_0"	"of"	0	0.4	13.2955379486084	0
"756"	747122075	"view"	"V2_0"	"of"	0	0.4	13.5853986740112	0.0208333333333333
"757"	824464023	"accusation"	"V2_0"	"of"	0	0.7	16.4472713470459	0.125
"758"	824464023	"admission"	"V2_0"	"of"	0	0.7	16.7537841796875	0.00694444444444444
"759"	824464023	"allegation"	"V2_0"	"of"	0	0.7	15.8852043151855	0.135416666666667
"760"	824464023	"announcement"	"V2_0"	"of"	0	0.7	18.0476970672607	0.0416666666666667
"761"	824464023	"arrest"	"V2_0"	"of"	0	0.7	16.335973739624	0.00347222222222222
"762"	824464023	"arrival"	"V2_0"	"of"	0	0.7	15.6762428283691	0.00347222222222222
"763"	824464023	"assertion"	"V2_0"	"of"	0	0.7	16.1592292785645	0.0868055555555556
"764"	824464023	"assessment"	"V2_0"	"of"	0	0.7	17.4574718475342	0.00694444444444444
"765"	824464023	"assumption"	"V2_0"	"of"	0	0.7	15.7884559631348	0.236111111111111
"766"	824464023	"assurance"	"V2_0"	"of"	0	0.7	18.3844566345215	0.0590277777777778
"767"	824464023	"belief"	"V2_0"	"of"	0	0.7	17.5245742797852	0.0902777777777778
"768"	824464023	"book"	"V2_0"	"of"	0	0.7	16.8531227111816	0.0277777777777778
"769"	824464023	"certainty"	"V2_0"	"of"	0	0.7	15.4228391647339	0.125
"770"	824464023	"claim"	"V2_0"	"of"	0	0.7	15.6476278305054	0.190972222222222
"771"	824464023	"complaint"	"V2_0"	"of"	0	0.7	17.2413673400879	0.03125
"772"	824464023	"computer"	"V2_0"	"of"	0	0.7	16.2372074127197	0.0381944444444444
"773"	824464023	"concern"	"V2_0"	"of"	0	0.7	17.6815967559814	0.0555555555555556
"774"	824464023	"conclusion"	"V2_0"	"of"	0	0.7	16.2253952026367	0.159722222222222
"775"	824464023	"confirmation"	"V2_0"	"of"	0	0.7	16.9562740325928	0.0173611111111111
"776"	824464023	"conjecture"	"V2_0"	"of"	0	0.7	16.7699432373047	0.0347222222222222
"777"	824464023	"contention"	"V2_0"	"of"	0	0.7	16.1978797912598	0.336805555555556
"778"	824464023	"conviction"	"V2_0"	"of"	0	0.7	16.6178321838379	0.190972222222222
"779"	824464023	"declaration"	"V2_0"	"of"	0	0.7	17.1188869476318	0.00694444444444444
"780"	824464023	"departure"	"V2_0"	"of"	0	0.7	16.6507034301758	0.00347222222222222
"781"	824464023	"disclosure"	"V2_0"	"of"	0	0.7	16.640438079834	0.0173611111111111
"782"	824464023	"dismissal"	"V2_0"	"of"	0	0.7	17.1147022247314	0
"783"	824464023	"evidence"	"V2_0"	"of"	0	0.7	15.5524244308472	0.0590277777777778
"784"	824464023	"fact"	"V2_0"	"of"	0	0.7	16.177770614624	0.208333333333333
"785"	824464023	"feeling"	"V2_0"	"of"	0	0.7	15.7335004806519	0.0277777777777778
"786"	824464023	"finding"	"V2_0"	"of"	0	0.7	15.163631439209	0.09375
"787"	824464023	"guess"	"V2_0"	"of"	0	0.7	15.9091262817383	0.0138888888888889
"788"	824464023	"house"	"V2_0"	"of"	0	0.7	15.2893400192261	0.0104166666666667
"789"	824464023	"idea"	"V2_0"	"of"	0	0.7	15.7197093963623	0.100694444444444
"790"	824464023	"impression"	"V2_0"	"of"	0	0.7	15.6962270736694	0.0902777777777778
"791"	824464023	"indication"	"V2_0"	"of"	0	0.7	15.8890104293823	0.0277777777777778
"792"	824464023	"information"	"V2_0"	"of"	0	0.7	16.6170616149902	0.0173611111111111
"793"	824464023	"insinuation"	"V2_0"	"of"	0	0.7	17.2417430877686	0
"794"	824464023	"interview"	"V2_0"	"of"	0	0.7	17.2557430267334	0.0173611111111111
"795"	824464023	"intuition"	"V2_0"	"of"	0	0.7	17.1942729949951	0.0138888888888889
"796"	824464023	"job"	"V2_0"	"of"	0	0.7	16.7705230712891	0.00347222222222222
"797"	824464023	"message"	"V2_0"	"of"	0	0.7	15.8057022094727	0.0486111111111111
"798"	824464023	"murder"	"V2_0"	"of"	0	0.7	15.8938426971436	0.00694444444444444
"799"	824464023	"myth"	"V2_0"	"of"	0	0.7	16.3524341583252	0.0173611111111111
"800"	824464023	"news"	"V2_0"	"of"	0	0.7	16.6108551025391	0.138888888888889
"801"	824464023	"notion"	"V2_0"	"of"	0	0.7	16.0708923339844	0.131944444444444
"802"	824464023	"observation"	"V2_0"	"of"	0	0.7	16.5343627929688	0.0208333333333333
"803"	824464023	"opinion"	"V2_0"	"of"	0	0.7	17.3214321136475	0.190972222222222
"804"	824464023	"perception"	"V2_0"	"of"	0	0.7	15.8505916595459	0.0208333333333333
"805"	824464023	"photo"	"V2_0"	"of"	0	0.7	15.5980052947998	0.00694444444444444
"806"	824464023	"prediction"	"V2_0"	"of"	0	0.7	16.5804634094238	0.03125
"807"	824464023	"presumption"	"V2_0"	"of"	0	0.7	15.965970993042	0.21875
"808"	824464023	"proof"	"V2_0"	"of"	0	0.7	15.9284648895264	0.0173611111111111
"809"	824464023	"realization"	"V2_0"	"of"	0	0.7	16.0124092102051	0.0590277777777778
"810"	824464023	"recognition"	"V2_0"	"of"	0	0.7	16.94580078125	0
"811"	824464023	"remark"	"V2_0"	"of"	0	0.7	16.5358810424805	0.0208333333333333
"812"	824464023	"reminder"	"V2_0"	"of"	0	0.7	15.2326698303223	0.0347222222222222
"813"	824464023	"report"	"V2_0"	"of"	0	0.7	16.7421035766602	0.0833333333333333
"814"	824464023	"revelation"	"V2_0"	"of"	0	0.7	17.6130847930908	0.0729166666666667
"815"	824464023	"rumor"	"V2_0"	"of"	0	0.7	15.7441997528076	0.222222222222222
"816"	824464023	"sense"	"V2_0"	"of"	0	0.7	15.6254005432129	0.0208333333333333
"817"	824464023	"speculation"	"V2_0"	"of"	0	0.7	16.3237419128418	0.256944444444444
"818"	824464023	"statement"	"V2_0"	"of"	0	0.7	16.1957111358643	0.0555555555555556
"819"	824464023	"story"	"V2_0"	"of"	0	0.7	17.6847915649414	0
"820"	824464023	"suggestion"	"V2_0"	"of"	0	0.7	15.5804080963135	0.204861111111111
"821"	824464023	"suspicion"	"V2_0"	"of"	0	0.7	15.945873260498	0.03125
"822"	824464023	"thought"	"V2_0"	"of"	0	0.7	16.3654098510742	0.0416666666666667
"823"	824464023	"truth"	"V2_0"	"of"	0	0.7	15.6911878585815	0.0347222222222222
"824"	824464023	"understanding"	"V2_0"	"of"	0	0.7	16.4223480224609	0.0173611111111111
"825"	824464023	"video"	"V2_0"	"of"	0	0.7	16.8551330566406	0.0138888888888889
"826"	824464023	"view"	"V2_0"	"of"	0	0.7	15.3283338546753	0.111111111111111
"827"	913590423	"accusation"	"V2_0"	"of"	0	0.6	12.3623733520508	0.329861111111111
"828"	913590423	"admission"	"V2_0"	"of"	0	0.6	14.1606903076172	0.03125
"829"	913590423	"allegation"	"V2_0"	"of"	0	0.6	12.365385055542	0.177083333333333
"830"	913590423	"announcement"	"V2_0"	"of"	0	0.6	12.58327293396	0.15625
"831"	913590423	"arrest"	"V2_0"	"of"	0	0.6	12.4499645233154	0.00347222222222222
"832"	913590423	"arrival"	"V2_0"	"of"	0	0.6	13.416841506958	0.00694444444444444
"833"	913590423	"assertion"	"V2_0"	"of"	0	0.6	12.1260147094727	0.788194444444444
"834"	913590423	"assessment"	"V2_0"	"of"	0	0.6	13.6235790252686	0.00694444444444444
"835"	913590423	"assumption"	"V2_0"	"of"	0	0.6	13.0581731796265	0.482638888888889
"836"	913590423	"assurance"	"V2_0"	"of"	0	0.6	13.6687164306641	0.0798611111111111
"837"	913590423	"belief"	"V2_0"	"of"	0	0.6	12.0636320114136	0.611111111111111
"838"	913590423	"book"	"V2_0"	"of"	0	0.6	13.6357755661011	0.0173611111111111
"839"	913590423	"certainty"	"V2_0"	"of"	0	0.6	13.1714859008789	0.0729166666666667
"840"	913590423	"claim"	"V2_0"	"of"	0	0.6	12.2787208557129	0.381944444444444
"841"	913590423	"complaint"	"V2_0"	"of"	0	0.6	12.6320171356201	0.0625
"842"	913590423	"computer"	"V2_0"	"of"	0	0.6	13.5952453613281	0.0104166666666667
"843"	913590423	"concern"	"V2_0"	"of"	0	0.6	12.6479873657227	0.135416666666667
"844"	913590423	"conclusion"	"V2_0"	"of"	0	0.6	13.7684011459351	0.177083333333333
"845"	913590423	"confirmation"	"V2_0"	"of"	0	0.6	13.0732803344727	0.0590277777777778
"846"	913590423	"conjecture"	"V2_0"	"of"	0	0.6	13.7907009124756	0.0347222222222222
"847"	913590423	"contention"	"V2_0"	"of"	0	0.6	13.1370391845703	0.34375
"848"	913590423	"conviction"	"V2_0"	"of"	0	0.6	13.2753829956055	0.0659722222222222
"849"	913590423	"declaration"	"V2_0"	"of"	0	0.6	12.7733945846558	0.159722222222222
"850"	913590423	"departure"	"V2_0"	"of"	0	0.6	13.6214084625244	0.00347222222222222
"851"	913590423	"disclosure"	"V2_0"	"of"	0	0.6	13.2631254196167	0.0277777777777778
"852"	913590423	"dismissal"	"V2_0"	"of"	0	0.6	13.4981098175049	0.00347222222222222
"853"	913590423	"evidence"	"V2_0"	"of"	0	0.6	12.3765525817871	0.149305555555556
"854"	913590423	"fact"	"V2_0"	"of"	0	0.6	12.1613616943359	0.631944444444444
"855"	913590423	"feeling"	"V2_0"	"of"	0	0.6	13.0278816223145	0.152777777777778
"856"	913590423	"finding"	"V2_0"	"of"	0	0.6	12.6215515136719	0.0277777777777778
"857"	913590423	"guess"	"V2_0"	"of"	0	0.6	12.7550182342529	0.0833333333333333
"858"	913590423	"house"	"V2_0"	"of"	0	0.6	13.1248092651367	0.00694444444444444
"859"	913590423	"idea"	"V2_0"	"of"	0	0.6	12.49587059021	0.472222222222222
"860"	913590423	"impression"	"V2_0"	"of"	0	0.6	11.6411113739014	0.611111111111111
"861"	913590423	"indication"	"V2_0"	"of"	0	0.6	12.6389713287354	0.440972222222222
"862"	913590423	"information"	"V2_0"	"of"	0	0.6	13.2994728088379	0.0208333333333333
"863"	913590423	"insinuation"	"V2_0"	"of"	0	0.6	13.7566328048706	0
"864"	913590423	"interview"	"V2_0"	"of"	0	0.6	14.1019201278687	0.0138888888888889
"865"	913590423	"intuition"	"V2_0"	"of"	0	0.6	13.5541143417358	0.0277777777777778
"866"	913590423	"job"	"V2_0"	"of"	0	0.6	14.3206481933594	0.0173611111111111
"867"	913590423	"message"	"V2_0"	"of"	0	0.6	12.6372051239014	0.149305555555556
"868"	913590423	"murder"	"V2_0"	"of"	0	0.6	13.0551815032959	0.0138888888888889
"869"	913590423	"myth"	"V2_0"	"of"	0	0.6	12.7927007675171	0.135416666666667
"870"	913590423	"news"	"V2_0"	"of"	0	0.6	12.8671092987061	0.163194444444444
"871"	913590423	"notion"	"V2_0"	"of"	0	0.6	13.0764904022217	0.53125
"872"	913590423	"observation"	"V2_0"	"of"	0	0.6	13.0522060394287	0.128472222222222
"873"	913590423	"opinion"	"V2_0"	"of"	0	0.6	13.0271778106689	0.263888888888889
"874"	913590423	"perception"	"V2_0"	"of"	0	0.6	13.2722883224487	0.0868055555555556
"875"	913590423	"photo"	"V2_0"	"of"	0	0.6	12.7514495849609	0.00694444444444444
"876"	913590423	"prediction"	"V2_0"	"of"	0	0.6	13.5436706542969	0.0173611111111111
"877"	913590423	"presumption"	"V2_0"	"of"	0	0.6	12.8964309692383	0.475694444444444
"878"	913590423	"proof"	"V2_0"	"of"	0	0.6	12.8492383956909	0.413194444444444
"879"	913590423	"realization"	"V2_0"	"of"	0	0.6	12.4469909667969	0.572916666666667
"880"	913590423	"recognition"	"V2_0"	"of"	0	0.6	13.8663816452026	0.0555555555555556
"881"	913590423	"remark"	"V2_0"	"of"	0	0.6	12.9613361358643	0.159722222222222
"882"	913590423	"reminder"	"V2_0"	"of"	0	0.6	12.2666168212891	0.194444444444444
"883"	913590423	"report"	"V2_0"	"of"	0	0.6	12.7102527618408	0.0173611111111111
"884"	913590423	"revelation"	"V2_0"	"of"	0	0.6	13.384238243103	0.173611111111111
"885"	913590423	"rumor"	"V2_0"	"of"	0	0.6	11.8204488754272	0.336805555555556
"886"	913590423	"sense"	"V2_0"	"of"	0	0.6	12.6536674499512	0.204861111111111
"887"	913590423	"speculation"	"V2_0"	"of"	0	0.6	12.6511707305908	0.479166666666667
"888"	913590423	"statement"	"V2_0"	"of"	0	0.6	11.9511489868164	0.270833333333333
"889"	913590423	"story"	"V2_0"	"of"	0	0.6	12.7889251708984	0.0208333333333333
"890"	913590423	"suggestion"	"V2_0"	"of"	0	0.6	12.4615621566772	0.527777777777778
"891"	913590423	"suspicion"	"V2_0"	"of"	0	0.6	12.690092086792	0.236111111111111
"892"	913590423	"thought"	"V2_0"	"of"	0	0.6	13.5501899719238	0.0416666666666667
"893"	913590423	"truth"	"V2_0"	"of"	0	0.6	13.1436262130737	0.0173611111111111
"894"	913590423	"understanding"	"V2_0"	"of"	0	0.6	13.8568677902222	0.0729166666666667
"895"	913590423	"video"	"V2_0"	"of"	0	0.6	13.8878774642944	0.00694444444444444
"896"	913590423	"view"	"V2_0"	"of"	0	0.6	12.2368907928467	0.291666666666667
"897"	942210964	"accusation"	"V2_0"	"of"	0	0.2	12.8326177597046	0.0173611111111111
"898"	942210964	"admission"	"V2_0"	"of"	0	0.2	14.195032119751	0
"899"	942210964	"allegation"	"V2_0"	"of"	0	0.2	11.877311706543	0.0763888888888889
"900"	942210964	"announcement"	"V2_0"	"of"	0	0.2	12.963770866394	0.0138888888888889
"901"	942210964	"assertion"	"V2_0"	"of"	0	0.2	12.2660503387451	0.125
"902"	942210964	"assessment"	"V2_0"	"of"	0	0.2	12.6565074920654	0.00347222222222222
"903"	942210964	"assumption"	"V2_0"	"of"	0	0.2	13.1286697387695	0
"904"	942210964	"assurance"	"V2_0"	"of"	0	0.2	12.6935424804688	0.0486111111111111
"905"	942210964	"belief"	"V2_0"	"of"	0	0.2	12.1057281494141	0.197916666666667
"906"	942210964	"certainty"	"V2_0"	"of"	0	0.2	12.2087116241455	0.0138888888888889
"907"	942210964	"claim"	"V2_0"	"of"	0	0.2	12.3637533187866	0.0729166666666667
"908"	942210964	"complaint"	"V2_0"	"of"	0	0.2	12.3632869720459	0
"909"	942210964	"concern"	"V2_0"	"of"	0	0.2	12.6549987792969	0.0104166666666667
"910"	942210964	"conclusion"	"V2_0"	"of"	0	0.2	12.8056163787842	0.0416666666666667
"911"	942210964	"confirmation"	"V2_0"	"of"	0	0.2	11.9154491424561	0.0138888888888889
"912"	942210964	"conjecture"	"V2_0"	"of"	0	0.2	13.7043218612671	0.0277777777777778
"913"	942210964	"contention"	"V2_0"	"of"	0	0.2	13.394118309021	0
"914"	942210964	"conviction"	"V2_0"	"of"	0	0.2	12.2388763427734	0.0173611111111111
"915"	942210964	"declaration"	"V2_0"	"of"	0	0.2	12.3189086914062	0
"916"	942210964	"disclosure"	"V2_0"	"of"	0	0.2	14.0492162704468	0.0104166666666667
"917"	942210964	"evidence"	"V2_0"	"of"	0	0.2	11.300498008728	0.0763888888888889
"918"	942210964	"fact"	"V2_0"	"of"	0	0.2	12.1160087585449	0.163194444444444
"919"	942210964	"feeling"	"V2_0"	"of"	0	0.2	12.2301330566406	0.0208333333333333
"920"	942210964	"finding"	"V2_0"	"of"	0	0.2	11.7609615325928	0.0138888888888889
"921"	942210964	"guess"	"V2_0"	"of"	0	0.2	11.3535709381104	0.00347222222222222
"922"	942210964	"idea"	"V2_0"	"of"	0	0.2	12.3639278411865	0.0104166666666667
"923"	942210964	"impression"	"V2_0"	"of"	0	0.2	12.3891849517822	0.121527777777778
"924"	942210964	"indication"	"V2_0"	"of"	0	0.2	11.7552719116211	0.0486111111111111
"925"	942210964	"information"	"V2_0"	"of"	0	0.2	11.7745513916016	0.0659722222222222
"926"	942210964	"insinuation"	"V2_0"	"of"	0	0.2	12.7629928588867	0
"927"	942210964	"intuition"	"V2_0"	"of"	0	0.2	13.0178508758545	0.00347222222222222
"928"	942210964	"message"	"V2_0"	"of"	0	0.2	11.9350872039795	0.0104166666666667
"929"	942210964	"myth"	"V2_0"	"of"	0	0.2	12.4443664550781	0
"930"	942210964	"news"	"V2_0"	"of"	0	0.2	10.4472684860229	0.00694444444444444
"931"	942210964	"notion"	"V2_0"	"of"	0	0.2	12.2157726287842	0
"932"	942210964	"observation"	"V2_0"	"of"	0	0.2	12.3843307495117	0.0208333333333333
"933"	942210964	"opinion"	"V2_0"	"of"	0	0.2	13.4760513305664	0.0138888888888889
"934"	942210964	"perception"	"V2_0"	"of"	0	0.2	12.6890888214111	0.0243055555555556
"935"	942210964	"prediction"	"V2_0"	"of"	0	0.2	12.92458152771	0.00694444444444444
"936"	942210964	"presumption"	"V2_0"	"of"	0	0.2	12.8338260650635	0.138888888888889
"937"	942210964	"proof"	"V2_0"	"of"	0	0.2	13.3930988311768	0
"938"	942210964	"realization"	"V2_0"	"of"	0	0.2	13.0405025482178	0.0138888888888889
"939"	942210964	"recognition"	"V2_0"	"of"	0	0.2	14.1633358001709	0
"940"	942210964	"remark"	"V2_0"	"of"	0	0.2	12.8737621307373	0.03125
"941"	942210964	"reminder"	"V2_0"	"of"	0	0.2	11.594913482666	0.0138888888888889
"942"	942210964	"report"	"V2_0"	"of"	0	0.2	11.271632194519	0.00694444444444444
"943"	942210964	"revelation"	"V2_0"	"of"	0	0.2	12.3467559814453	0.0277777777777778
"944"	942210964	"rumor"	"V2_0"	"of"	0	0.2	11.2377166748047	0.0798611111111111
"945"	942210964	"sense"	"V2_0"	"of"	0	0.2	12.1839637756348	0.0173611111111111
"946"	942210964	"speculation"	"V2_0"	"of"	0	0.2	12.1456604003906	0.03125
"947"	942210964	"statement"	"V2_0"	"of"	0	0.2	12.0019674301147	0.0381944444444444
"948"	942210964	"story"	"V2_0"	"of"	0	0.2	11.8077011108398	0
"949"	942210964	"suggestion"	"V2_0"	"of"	0	0.2	11.7370405197144	0.0104166666666667
"950"	942210964	"suspicion"	"V2_0"	"of"	0	0.2	12.6752223968506	0.0104166666666667
"951"	942210964	"thought"	"V2_0"	"of"	0	0.2	12.4723691940308	0
"952"	942210964	"truth"	"V2_0"	"of"	0	0.2	12.6780033111572	0.00347222222222222
"953"	942210964	"understanding"	"V2_0"	"of"	0	0.2	14.034538269043	0.0173611111111111
"954"	942210964	"view"	"V2_0"	"of"	0	0.2	13.8043203353882	0.0451388888888889
"955"	944898832	"accusation"	"V2_0"	"of"	0	0.2	11.6235837936401	0.0972222222222222
"956"	944898832	"admission"	"V2_0"	"of"	0	0.2	14.142972946167	0
"957"	944898832	"allegation"	"V2_0"	"of"	0	0.2	11.5124435424805	0.0277777777777778
"958"	944898832	"announcement"	"V2_0"	"of"	0	0.2	12.9671020507812	0
"959"	944898832	"arrest"	"V2_0"	"of"	0	0.2	12.4554691314697	0
"960"	944898832	"arrival"	"V2_0"	"of"	0	0.2	13.3621740341187	0
"961"	944898832	"assertion"	"V2_0"	"of"	0	0.2	11.7215957641602	0.121527777777778
"962"	944898832	"assessment"	"V2_0"	"of"	0	0.2	13.8113584518433	0
"963"	944898832	"assumption"	"V2_0"	"of"	0	0.2	12.735502243042	0.0555555555555556
"964"	944898832	"assurance"	"V2_0"	"of"	0	0.2	12.38059425354	0.0243055555555556
"965"	944898832	"belief"	"V2_0"	"of"	0	0.2	12.3463115692139	0
"966"	944898832	"book"	"V2_0"	"of"	0	0.2	12.5610179901123	0.00347222222222222
"967"	944898832	"certainty"	"V2_0"	"of"	0	0.2	11.7024440765381	0.0451388888888889
"968"	944898832	"claim"	"V2_0"	"of"	0	0.2	11.5799322128296	0
"969"	944898832	"complaint"	"V2_0"	"of"	0	0.2	12.1610488891602	0.00347222222222222
"970"	944898832	"computer"	"V2_0"	"of"	0	0.2	12.8552532196045	0
"971"	944898832	"concern"	"V2_0"	"of"	0	0.2	12.5812644958496	0.0347222222222222
"972"	944898832	"conclusion"	"V2_0"	"of"	0	0.2	12.89759349823	0.0590277777777778
"973"	944898832	"confirmation"	"V2_0"	"of"	0	0.2	12.4921216964722	0.00347222222222222
"974"	944898832	"conjecture"	"V2_0"	"of"	0	0.2	13.897762298584	0
"975"	944898832	"contention"	"V2_0"	"of"	0	0.2	12.877477645874	0.0763888888888889
"976"	944898832	"conviction"	"V2_0"	"of"	0	0.2	12.8271026611328	0.0138888888888889
"977"	944898832	"declaration"	"V2_0"	"of"	0	0.2	13.1886978149414	0
"978"	944898832	"departure"	"V2_0"	"of"	0	0.2	13.4823713302612	0
"979"	944898832	"disclosure"	"V2_0"	"of"	0	0.2	13.165620803833	0
"980"	944898832	"dismissal"	"V2_0"	"of"	0	0.2	14.0862379074097	0
"981"	944898832	"evidence"	"V2_0"	"of"	0	0.2	10.7793645858765	0.0173611111111111
"982"	944898832	"fact"	"V2_0"	"of"	0	0.2	11.2091522216797	0
"983"	944898832	"feeling"	"V2_0"	"of"	0	0.2	12.2269430160522	0.0277777777777778
"984"	944898832	"finding"	"V2_0"	"of"	0	0.2	11.8728437423706	0
"985"	944898832	"guess"	"V2_0"	"of"	0	0.2	12.7127437591553	0.00694444444444444
"986"	944898832	"house"	"V2_0"	"of"	0	0.2	11.8636198043823	0
"987"	944898832	"idea"	"V2_0"	"of"	0	0.2	11.6908674240112	0.0104166666666667
"988"	944898832	"impression"	"V2_0"	"of"	0	0.2	12.668493270874	0.03125
"989"	944898832	"indication"	"V2_0"	"of"	0	0.2	12.2433376312256	0.0625
"990"	944898832	"information"	"V2_0"	"of"	0	0.2	11.570876121521	0
"991"	944898832	"insinuation"	"V2_0"	"of"	0	0.2	13.3965530395508	0
"992"	944898832	"interview"	"V2_0"	"of"	0	0.2	13.5061817169189	0
"993"	944898832	"intuition"	"V2_0"	"of"	0	0.2	13.4932279586792	0.00347222222222222
"994"	944898832	"job"	"V2_0"	"of"	0	0.2	13.3744487762451	0.00347222222222222
"995"	944898832	"message"	"V2_0"	"of"	0	0.2	11.4839458465576	0.0104166666666667
"996"	944898832	"murder"	"V2_0"	"of"	0	0.2	12.6298274993896	0
"997"	944898832	"myth"	"V2_0"	"of"	0	0.2	11.5112743377686	0.0347222222222222
"998"	944898832	"news"	"V2_0"	"of"	0	0.2	10.9883556365967	0.0243055555555556
"999"	944898832	"notion"	"V2_0"	"of"	0	0.2	12.7733221054077	0.0138888888888889
"1000"	944898832	"observation"	"V2_0"	"of"	0	0.2	12.2699842453003	0.0555555555555556
"1001"	944898832	"opinion"	"V2_0"	"of"	0	0.2	13.4586782455444	0
"1002"	944898832	"perception"	"V2_0"	"of"	0	0.2	12.7484035491943	0.0208333333333333
"1003"	944898832	"photo"	"V2_0"	"of"	0	0.2	11.3561248779297	0
"1004"	944898832	"prediction"	"V2_0"	"of"	0	0.2	13.9949569702148	0.00347222222222222
"1005"	944898832	"presumption"	"V2_0"	"of"	0	0.2	12.902738571167	0.0138888888888889
"1006"	944898832	"proof"	"V2_0"	"of"	0	0.2	12.6473388671875	0.0104166666666667
"1007"	944898832	"realization"	"V2_0"	"of"	0	0.2	13.0553359985352	0.00694444444444444
"1008"	944898832	"recognition"	"V2_0"	"of"	0	0.2	12.7032070159912	0.0208333333333333
"1009"	944898832	"remark"	"V2_0"	"of"	0	0.2	12.0857763290405	0.0451388888888889
"1010"	944898832	"reminder"	"V2_0"	"of"	0	0.2	12.3100605010986	0.0173611111111111
"1011"	944898832	"report"	"V2_0"	"of"	0	0.2	11.550726890564	0
"1012"	944898832	"revelation"	"V2_0"	"of"	0	0.2	11.5618619918823	0.0659722222222222
"1013"	944898832	"rumor"	"V2_0"	"of"	0	0.2	11.3806018829346	0.0833333333333333
"1014"	944898832	"sense"	"V2_0"	"of"	0	0.2	11.9920196533203	0.0173611111111111
"1015"	944898832	"speculation"	"V2_0"	"of"	0	0.2	12.2944622039795	0.0138888888888889
"1016"	944898832	"statement"	"V2_0"	"of"	0	0.2	12.7439804077148	0.0243055555555556
"1017"	944898832	"story"	"V2_0"	"of"	0	0.2	11.0942153930664	0
"1018"	944898832	"suggestion"	"V2_0"	"of"	0	0.2	11.9913997650146	0.0659722222222222
"1019"	944898832	"suspicion"	"V2_0"	"of"	0	0.2	12.5031814575195	0.138888888888889
"1020"	944898832	"thought"	"V2_0"	"of"	0	0.2	13.4978103637695	0
"1021"	944898832	"truth"	"V2_0"	"of"	0	0.2	12.1026096343994	0
"1022"	944898832	"understanding"	"V2_0"	"of"	0	0.2	13.8994216918945	0.0138888888888889
"1023"	944898832	"video"	"V2_0"	"of"	0	0.2	12.5943298339844	0
"1024"	944898832	"view"	"V2_0"	"of"	0	0.2	12.6214017868042	0.0416666666666667
