Noun	Region	Condition	Surprisal	ThatFraction	ID	predictability_weight	deletion_rate	autoencoder	lm
report	V2_0	of	16.65643310546875	0.08680555555555555	161055217	0.0	0.7	709961927	27553360
story	V2_0	of	17.100364685058594	0.003472222222222222	161055217	0.0	0.7	709961927	27553360
admission	V2_0	of	16.622501373291016	0.006944444444444444	161055217	0.0	0.7	709961927	27553360
complaint	V2_0	of	15.459261894226074	0.0625	161055217	0.0	0.7	709961927	27553360
truth	V2_0	of	15.8511962890625	0.020833333333333332	161055217	0.0	0.7	709961927	27553360
assessment	V2_0	of	15.89692497253418	0.010416666666666666	161055217	0.0	0.7	709961927	27553360
declaration	V2_0	of	16.368497848510742	0.013888888888888888	161055217	0.0	0.7	709961927	27553360
guess	V2_0	of	16.63998031616211	0.027777777777777776	161055217	0.0	0.7	709961927	27553360
disclosure	V2_0	of	16.453201293945312	0.024305555555555556	161055217	0.0	0.7	709961927	27553360
remark	V2_0	of	17.45686912536621	0.13541666666666666	161055217	0.0	0.7	709961927	27553360
confirmation	V2_0	of	15.855422019958496	0.08333333333333333	161055217	0.0	0.7	709961927	27553360
myth	V2_0	of	15.952825546264648	0.25	161055217	0.0	0.7	709961927	27553360
news	V2_0	of	16.79328155517578	0.11458333333333333	161055217	0.0	0.7	709961927	27553360
allegation	V2_0	of	16.219388961791992	0.2986111111111111	161055217	0.0	0.7	709961927	27553360
information	V2_0	of	16.557096481323242	0.10069444444444445	161055217	0.0	0.7	709961927	27553360
evidence	V2_0	of	15.514381408691406	0.1840277777777778	161055217	0.0	0.7	709961927	27553360
prediction	V2_0	of	16.095333099365234	0.1076388888888889	161055217	0.0	0.7	709961927	27553360
finding	V2_0	of	15.164190292358398	0.1388888888888889	161055217	0.0	0.7	709961927	27553360
proof	V2_0	of	16.689420700073242	0.09722222222222222	161055217	0.0	0.7	709961927	27553360
accusation	V2_0	of	15.692520141601562	0.18055555555555555	161055217	0.0	0.7	709961927	27553360
message	V2_0	of	16.064733505249023	0.1284722222222222	161055217	0.0	0.7	709961927	27553360
recognition	V2_0	of	16.224254608154297	0.024305555555555556	161055217	0.0	0.7	709961927	27553360
indication	V2_0	of	16.117637634277344	0.1736111111111111	161055217	0.0	0.7	709961927	27553360
concern	V2_0	of	16.17931365966797	0.1527777777777778	161055217	0.0	0.7	709961927	27553360
reminder	V2_0	of	14.772120475769043	0.22916666666666666	161055217	0.0	0.7	709961927	27553360
announcement	V2_0	of	16.8680419921875	0.12152777777777778	161055217	0.0	0.7	709961927	27553360
rumor	V2_0	of	15.404731750488281	0.3368055555555556	161055217	0.0	0.7	709961927	27553360
statement	V2_0	of	15.949396133422852	0.08680555555555555	161055217	0.0	0.7	709961927	27553360
thought	V2_0	of	16.022340774536133	0.04513888888888889	161055217	0.0	0.7	709961927	27553360
conviction	V2_0	of	16.118026733398438	0.25	161055217	0.0	0.7	709961927	27553360
conjecture	V2_0	of	16.256267547607422	0.24305555555555555	161055217	0.0	0.7	709961927	27553360
feeling	V2_0	of	16.10651397705078	0.1111111111111111	161055217	0.0	0.7	709961927	27553360
idea	V2_0	of	15.949572563171387	0.10416666666666667	161055217	0.0	0.7	709961927	27553360
claim	V2_0	of	15.710604667663574	0.14583333333333334	161055217	0.0	0.7	709961927	27553360
conclusion	V2_0	of	17.756561279296875	0.15625	161055217	0.0	0.7	709961927	27553360
view	V2_0	of	16.15191650390625	0.1875	161055217	0.0	0.7	709961927	27553360
speculation	V2_0	of	16.493799209594727	0.2777777777777778	161055217	0.0	0.7	709961927	27553360
certainty	V2_0	of	15.654475212097168	0.15625	161055217	0.0	0.7	709961927	27553360
suggestion	V2_0	of	16.87629508972168	0.15625	161055217	0.0	0.7	709961927	27553360
perception	V2_0	of	15.412683486938477	0.1527777777777778	161055217	0.0	0.7	709961927	27553360
intuition	V2_0	of	16.89069938659668	0.03819444444444445	161055217	0.0	0.7	709961927	27553360
observation	V2_0	of	15.817564010620117	0.10069444444444445	161055217	0.0	0.7	709961927	27553360
suspicion	V2_0	of	15.870014190673828	0.1701388888888889	161055217	0.0	0.7	709961927	27553360
revelation	V2_0	of	16.61786651611328	0.12152777777777778	161055217	0.0	0.7	709961927	27553360
understanding	V2_0	of	16.355712890625	0.04513888888888889	161055217	0.0	0.7	709961927	27553360
insinuation	V2_0	of	16.7912654876709	0.0	161055217	0.0	0.7	709961927	27553360
notion	V2_0	of	15.517803192138672	0.3819444444444444	161055217	0.0	0.7	709961927	27553360
opinion	V2_0	of	16.791236877441406	0.04861111111111111	161055217	0.0	0.7	709961927	27553360
sense	V2_0	of	15.112920761108398	0.04861111111111111	161055217	0.0	0.7	709961927	27553360
presumption	V2_0	of	14.94658088684082	0.3958333333333333	161055217	0.0	0.7	709961927	27553360
assurance	V2_0	of	15.929315567016602	0.16666666666666666	161055217	0.0	0.7	709961927	27553360
realization	V2_0	of	14.841424942016602	0.3576388888888889	161055217	0.0	0.7	709961927	27553360
impression	V2_0	of	15.066753387451172	0.5	161055217	0.0	0.7	709961927	27553360
assertion	V2_0	of	15.323009490966797	0.6493055555555556	161055217	0.0	0.7	709961927	27553360
contention	V2_0	of	16.23371696472168	0.18055555555555555	161055217	0.0	0.7	709961927	27553360
assumption	V2_0	of	16.700504302978516	0.2743055555555556	161055217	0.0	0.7	709961927	27553360
belief	V2_0	of	15.725820541381836	0.3819444444444444	161055217	0.0	0.7	709961927	27553360
fact	V2_0	of	15.421542167663574	0.5277777777777778	161055217	0.0	0.7	709961927	27553360
report	V2_0	of	13.42005443572998	0.010416666666666666	682037488	0.0	0.5	647336050	27553360
story	V2_0	of	12.97693157196045	0.013888888888888888	682037488	0.0	0.5	647336050	27553360
admission	V2_0	of	14.26502513885498	0.0	682037488	0.0	0.5	647336050	27553360
complaint	V2_0	of	13.011789321899414	0.020833333333333332	682037488	0.0	0.5	647336050	27553360
truth	V2_0	of	13.139056205749512	0.003472222222222222	682037488	0.0	0.5	647336050	27553360
assessment	V2_0	of	13.917058944702148	0.0	682037488	0.0	0.5	647336050	27553360
declaration	V2_0	of	13.40314769744873	0.0	682037488	0.0	0.5	647336050	27553360
guess	V2_0	of	13.559290885925293	0.013888888888888888	682037488	0.0	0.5	647336050	27553360
disclosure	V2_0	of	13.405595779418945	0.0	682037488	0.0	0.5	647336050	27553360
remark	V2_0	of	13.516891479492188	0.034722222222222224	682037488	0.0	0.5	647336050	27553360
confirmation	V2_0	of	13.226664543151855	0.006944444444444444	682037488	0.0	0.5	647336050	27553360
myth	V2_0	of	13.718502044677734	0.003472222222222222	682037488	0.0	0.5	647336050	27553360
news	V2_0	of	13.552454948425293	0.0	682037488	0.0	0.5	647336050	27553360
allegation	V2_0	of	13.30185604095459	0.006944444444444444	682037488	0.0	0.5	647336050	27553360
information	V2_0	of	13.398675918579102	0.006944444444444444	682037488	0.0	0.5	647336050	27553360
evidence	V2_0	of	12.643073081970215	0.03819444444444445	682037488	0.0	0.5	647336050	27553360
prediction	V2_0	of	14.14495849609375	0.0	682037488	0.0	0.5	647336050	27553360
finding	V2_0	of	12.480426788330078	0.017361111111111112	682037488	0.0	0.5	647336050	27553360
proof	V2_0	of	13.391103744506836	0.0	682037488	0.0	0.5	647336050	27553360
accusation	V2_0	of	13.323786735534668	0.003472222222222222	682037488	0.0	0.5	647336050	27553360
message	V2_0	of	13.009371757507324	0.006944444444444444	682037488	0.0	0.5	647336050	27553360
recognition	V2_0	of	13.514033317565918	0.006944444444444444	682037488	0.0	0.5	647336050	27553360
indication	V2_0	of	12.367422103881836	0.024305555555555556	682037488	0.0	0.5	647336050	27553360
concern	V2_0	of	13.297882080078125	0.09375	682037488	0.0	0.5	647336050	27553360
reminder	V2_0	of	11.88680648803711	0.017361111111111112	682037488	0.0	0.5	647336050	27553360
announcement	V2_0	of	13.483381271362305	0.013888888888888888	682037488	0.0	0.5	647336050	27553360
rumor	V2_0	of	11.770069122314453	0.6909722222222222	682037488	0.0	0.5	647336050	27553360
statement	V2_0	of	11.77077865600586	0.013888888888888888	682037488	0.0	0.5	647336050	27553360
thought	V2_0	of	13.931055068969727	0.006944444444444444	682037488	0.0	0.5	647336050	27553360
conviction	V2_0	of	13.350329399108887	0.013888888888888888	682037488	0.0	0.5	647336050	27553360
conjecture	V2_0	of	13.57345199584961	0.05555555555555555	682037488	0.0	0.5	647336050	27553360
feeling	V2_0	of	13.994524955749512	0.0	682037488	0.0	0.5	647336050	27553360
idea	V2_0	of	14.097572326660156	0.003472222222222222	682037488	0.0	0.5	647336050	27553360
claim	V2_0	of	13.695137023925781	0.027777777777777776	682037488	0.0	0.5	647336050	27553360
conclusion	V2_0	of	13.861658096313477	0.14583333333333334	682037488	0.0	0.5	647336050	27553360
view	V2_0	of	12.66975212097168	0.027777777777777776	682037488	0.0	0.5	647336050	27553360
speculation	V2_0	of	13.010454177856445	0.10069444444444445	682037488	0.0	0.5	647336050	27553360
certainty	V2_0	of	12.737283706665039	0.03125	682037488	0.0	0.5	647336050	27553360
suggestion	V2_0	of	12.43103313446045	0.06944444444444445	682037488	0.0	0.5	647336050	27553360
perception	V2_0	of	12.44140625	0.041666666666666664	682037488	0.0	0.5	647336050	27553360
intuition	V2_0	of	13.830531120300293	0.003472222222222222	682037488	0.0	0.5	647336050	27553360
observation	V2_0	of	12.499850273132324	0.006944444444444444	682037488	0.0	0.5	647336050	27553360
suspicion	V2_0	of	12.512680053710938	0.006944444444444444	682037488	0.0	0.5	647336050	27553360
revelation	V2_0	of	12.149450302124023	0.0763888888888889	682037488	0.0	0.5	647336050	27553360
understanding	V2_0	of	14.210090637207031	0.003472222222222222	682037488	0.0	0.5	647336050	27553360
insinuation	V2_0	of	14.283003807067871	0.0	682037488	0.0	0.5	647336050	27553360
notion	V2_0	of	13.807357788085938	0.020833333333333332	682037488	0.0	0.5	647336050	27553360
opinion	V2_0	of	14.212641716003418	0.003472222222222222	682037488	0.0	0.5	647336050	27553360
sense	V2_0	of	13.220751762390137	0.006944444444444444	682037488	0.0	0.5	647336050	27553360
presumption	V2_0	of	13.269359588623047	0.17708333333333334	682037488	0.0	0.5	647336050	27553360
assurance	V2_0	of	12.887412071228027	0.04861111111111111	682037488	0.0	0.5	647336050	27553360
realization	V2_0	of	13.12463665008545	0.006944444444444444	682037488	0.0	0.5	647336050	27553360
impression	V2_0	of	12.19262981414795	0.1597222222222222	682037488	0.0	0.5	647336050	27553360
assertion	V2_0	of	13.318709373474121	0.1076388888888889	682037488	0.0	0.5	647336050	27553360
contention	V2_0	of	13.892486572265625	0.125	682037488	0.0	0.5	647336050	27553360
assumption	V2_0	of	13.476058959960938	0.08333333333333333	682037488	0.0	0.5	647336050	27553360
belief	V2_0	of	12.03332805633545	0.14583333333333334	682037488	0.0	0.5	647336050	27553360
fact	V2_0	of	13.4906005859375	0.14930555555555555	682037488	0.0	0.5	647336050	27553360
myth	V2_0	of	12.79270076751709	0.13541666666666666	913590423	0.0	0.6	516252642	27553360
confirmation	V2_0	of	13.073280334472656	0.059027777777777776	913590423	0.0	0.6	516252642	27553360
video	V2_0	of	13.887877464294434	0.006944444444444444	913590423	0.0	0.6	516252642	27553360
notion	V2_0	of	13.07649040222168	0.53125	913590423	0.0	0.6	516252642	27553360
sense	V2_0	of	12.653667449951172	0.2048611111111111	913590423	0.0	0.6	516252642	27553360
evidence	V2_0	of	12.37655258178711	0.14930555555555555	913590423	0.0	0.6	516252642	27553360
contention	V2_0	of	13.137039184570312	0.34375	913590423	0.0	0.6	516252642	27553360
dismissal	V2_0	of	13.498109817504883	0.003472222222222222	913590423	0.0	0.6	516252642	27553360
murder	V2_0	of	13.055181503295898	0.013888888888888888	913590423	0.0	0.6	516252642	27553360
assessment	V2_0	of	13.623579025268555	0.006944444444444444	913590423	0.0	0.6	516252642	27553360
suggestion	V2_0	of	12.461562156677246	0.5277777777777778	913590423	0.0	0.6	516252642	27553360
disclosure	V2_0	of	13.2631254196167	0.027777777777777776	913590423	0.0	0.6	516252642	27553360
insinuation	V2_0	of	13.756632804870605	0.0	913590423	0.0	0.6	516252642	27553360
reminder	V2_0	of	12.266616821289062	0.19444444444444445	913590423	0.0	0.6	516252642	27553360
understanding	V2_0	of	13.856867790222168	0.07291666666666667	913590423	0.0	0.6	516252642	27553360
observation	V2_0	of	13.052206039428711	0.1284722222222222	913590423	0.0	0.6	516252642	27553360
realization	V2_0	of	12.446990966796875	0.5729166666666666	913590423	0.0	0.6	516252642	27553360
story	V2_0	of	12.788925170898438	0.020833333333333332	913590423	0.0	0.6	516252642	27553360
guess	V2_0	of	12.75501823425293	0.08333333333333333	913590423	0.0	0.6	516252642	27553360
job	V2_0	of	14.320648193359375	0.017361111111111112	913590423	0.0	0.6	516252642	27553360
declaration	V2_0	of	12.773394584655762	0.1597222222222222	913590423	0.0	0.6	516252642	27553360
message	V2_0	of	12.637205123901367	0.14930555555555555	913590423	0.0	0.6	516252642	27553360
intuition	V2_0	of	13.55411434173584	0.027777777777777776	913590423	0.0	0.6	516252642	27553360
conclusion	V2_0	of	13.768401145935059	0.17708333333333334	913590423	0.0	0.6	516252642	27553360
proof	V2_0	of	12.849238395690918	0.4131944444444444	913590423	0.0	0.6	516252642	27553360
interview	V2_0	of	14.101920127868652	0.013888888888888888	913590423	0.0	0.6	516252642	27553360
accusation	V2_0	of	12.362373352050781	0.3298611111111111	913590423	0.0	0.6	516252642	27553360
rumor	V2_0	of	11.820448875427246	0.3368055555555556	913590423	0.0	0.6	516252642	27553360
feeling	V2_0	of	13.027881622314453	0.1527777777777778	913590423	0.0	0.6	516252642	27553360
assumption	V2_0	of	13.058173179626465	0.4826388888888889	913590423	0.0	0.6	516252642	27553360
opinion	V2_0	of	13.027177810668945	0.2638888888888889	913590423	0.0	0.6	516252642	27553360
speculation	V2_0	of	12.65117073059082	0.4791666666666667	913590423	0.0	0.6	516252642	27553360
report	V2_0	of	12.71025276184082	0.017361111111111112	913590423	0.0	0.6	516252642	27553360
photo	V2_0	of	12.751449584960938	0.006944444444444444	913590423	0.0	0.6	516252642	27553360
impression	V2_0	of	11.641111373901367	0.6111111111111112	913590423	0.0	0.6	516252642	27553360
perception	V2_0	of	13.27228832244873	0.08680555555555555	913590423	0.0	0.6	516252642	27553360
thought	V2_0	of	13.550189971923828	0.041666666666666664	913590423	0.0	0.6	516252642	27553360
idea	V2_0	of	12.495870590209961	0.4722222222222222	913590423	0.0	0.6	516252642	27553360
conviction	V2_0	of	13.275382995605469	0.06597222222222222	913590423	0.0	0.6	516252642	27553360
certainty	V2_0	of	13.171485900878906	0.07291666666666667	913590423	0.0	0.6	516252642	27553360
truth	V2_0	of	13.14362621307373	0.017361111111111112	913590423	0.0	0.6	516252642	27553360
arrest	V2_0	of	12.44996452331543	0.003472222222222222	913590423	0.0	0.6	516252642	27553360
information	V2_0	of	13.29947280883789	0.020833333333333332	913590423	0.0	0.6	516252642	27553360
assertion	V2_0	of	12.126014709472656	0.7881944444444444	913590423	0.0	0.6	516252642	27553360
conjecture	V2_0	of	13.790700912475586	0.034722222222222224	913590423	0.0	0.6	516252642	27553360
concern	V2_0	of	12.647987365722656	0.13541666666666666	913590423	0.0	0.6	516252642	27553360
departure	V2_0	of	13.621408462524414	0.003472222222222222	913590423	0.0	0.6	516252642	27553360
house	V2_0	of	13.124809265136719	0.006944444444444444	913590423	0.0	0.6	516252642	27553360
computer	V2_0	of	13.595245361328125	0.010416666666666666	913590423	0.0	0.6	516252642	27553360
belief	V2_0	of	12.063632011413574	0.6111111111111112	913590423	0.0	0.6	516252642	27553360
statement	V2_0	of	11.951148986816406	0.2708333333333333	913590423	0.0	0.6	516252642	27553360
arrival	V2_0	of	13.416841506958008	0.006944444444444444	913590423	0.0	0.6	516252642	27553360
announcement	V2_0	of	12.583272933959961	0.15625	913590423	0.0	0.6	516252642	27553360
prediction	V2_0	of	13.543670654296875	0.017361111111111112	913590423	0.0	0.6	516252642	27553360
allegation	V2_0	of	12.365385055541992	0.17708333333333334	913590423	0.0	0.6	516252642	27553360
remark	V2_0	of	12.961336135864258	0.1597222222222222	913590423	0.0	0.6	516252642	27553360
recognition	V2_0	of	13.866381645202637	0.05555555555555555	913590423	0.0	0.6	516252642	27553360
view	V2_0	of	12.23689079284668	0.2916666666666667	913590423	0.0	0.6	516252642	27553360
presumption	V2_0	of	12.896430969238281	0.4756944444444444	913590423	0.0	0.6	516252642	27553360
assurance	V2_0	of	13.668716430664062	0.0798611111111111	913590423	0.0	0.6	516252642	27553360
book	V2_0	of	13.635775566101074	0.017361111111111112	913590423	0.0	0.6	516252642	27553360
claim	V2_0	of	12.27872085571289	0.3819444444444444	913590423	0.0	0.6	516252642	27553360
indication	V2_0	of	12.638971328735352	0.4409722222222222	913590423	0.0	0.6	516252642	27553360
complaint	V2_0	of	12.632017135620117	0.0625	913590423	0.0	0.6	516252642	27553360
finding	V2_0	of	12.621551513671875	0.027777777777777776	913590423	0.0	0.6	516252642	27553360
suspicion	V2_0	of	12.690092086791992	0.2361111111111111	913590423	0.0	0.6	516252642	27553360
revelation	V2_0	of	13.384238243103027	0.1736111111111111	913590423	0.0	0.6	516252642	27553360
news	V2_0	of	12.867109298706055	0.16319444444444445	913590423	0.0	0.6	516252642	27553360
fact	V2_0	of	12.161361694335938	0.6319444444444444	913590423	0.0	0.6	516252642	27553360
admission	V2_0	of	14.160690307617188	0.03125	913590423	0.0	0.6	516252642	27553360
report	V2_0	of	11.271632194519043	0.006944444444444444	942210964	0.0	0.2	709961927	27553360
story	V2_0	of	11.807701110839844	0.0	942210964	0.0	0.2	709961927	27553360
admission	V2_0	of	14.195032119750977	0.0	942210964	0.0	0.2	709961927	27553360
complaint	V2_0	of	12.363286972045898	0.0	942210964	0.0	0.2	709961927	27553360
truth	V2_0	of	12.678003311157227	0.003472222222222222	942210964	0.0	0.2	709961927	27553360
assessment	V2_0	of	12.65650749206543	0.003472222222222222	942210964	0.0	0.2	709961927	27553360
declaration	V2_0	of	12.31890869140625	0.0	942210964	0.0	0.2	709961927	27553360
guess	V2_0	of	11.353570938110352	0.003472222222222222	942210964	0.0	0.2	709961927	27553360
disclosure	V2_0	of	14.049216270446777	0.010416666666666666	942210964	0.0	0.2	709961927	27553360
remark	V2_0	of	12.873762130737305	0.03125	942210964	0.0	0.2	709961927	27553360
confirmation	V2_0	of	11.915449142456055	0.013888888888888888	942210964	0.0	0.2	709961927	27553360
myth	V2_0	of	12.444366455078125	0.0	942210964	0.0	0.2	709961927	27553360
news	V2_0	of	10.44726848602295	0.006944444444444444	942210964	0.0	0.2	709961927	27553360
allegation	V2_0	of	11.877311706542969	0.0763888888888889	942210964	0.0	0.2	709961927	27553360
information	V2_0	of	11.774551391601562	0.06597222222222222	942210964	0.0	0.2	709961927	27553360
evidence	V2_0	of	11.300498008728027	0.0763888888888889	942210964	0.0	0.2	709961927	27553360
prediction	V2_0	of	12.924581527709961	0.006944444444444444	942210964	0.0	0.2	709961927	27553360
finding	V2_0	of	11.760961532592773	0.013888888888888888	942210964	0.0	0.2	709961927	27553360
proof	V2_0	of	13.393098831176758	0.0	942210964	0.0	0.2	709961927	27553360
accusation	V2_0	of	12.83261775970459	0.017361111111111112	942210964	0.0	0.2	709961927	27553360
message	V2_0	of	11.935087203979492	0.010416666666666666	942210964	0.0	0.2	709961927	27553360
recognition	V2_0	of	14.163335800170898	0.0	942210964	0.0	0.2	709961927	27553360
indication	V2_0	of	11.755271911621094	0.04861111111111111	942210964	0.0	0.2	709961927	27553360
concern	V2_0	of	12.654998779296875	0.010416666666666666	942210964	0.0	0.2	709961927	27553360
reminder	V2_0	of	11.594913482666016	0.013888888888888888	942210964	0.0	0.2	709961927	27553360
announcement	V2_0	of	12.963770866394043	0.013888888888888888	942210964	0.0	0.2	709961927	27553360
rumor	V2_0	of	11.237716674804688	0.0798611111111111	942210964	0.0	0.2	709961927	27553360
statement	V2_0	of	12.001967430114746	0.03819444444444445	942210964	0.0	0.2	709961927	27553360
thought	V2_0	of	12.472369194030762	0.0	942210964	0.0	0.2	709961927	27553360
conviction	V2_0	of	12.238876342773438	0.017361111111111112	942210964	0.0	0.2	709961927	27553360
conjecture	V2_0	of	13.70432186126709	0.027777777777777776	942210964	0.0	0.2	709961927	27553360
feeling	V2_0	of	12.230133056640625	0.020833333333333332	942210964	0.0	0.2	709961927	27553360
idea	V2_0	of	12.363927841186523	0.010416666666666666	942210964	0.0	0.2	709961927	27553360
claim	V2_0	of	12.363753318786621	0.07291666666666667	942210964	0.0	0.2	709961927	27553360
conclusion	V2_0	of	12.80561637878418	0.041666666666666664	942210964	0.0	0.2	709961927	27553360
view	V2_0	of	13.804320335388184	0.04513888888888889	942210964	0.0	0.2	709961927	27553360
speculation	V2_0	of	12.145660400390625	0.03125	942210964	0.0	0.2	709961927	27553360
certainty	V2_0	of	12.208711624145508	0.013888888888888888	942210964	0.0	0.2	709961927	27553360
suggestion	V2_0	of	11.737040519714355	0.010416666666666666	942210964	0.0	0.2	709961927	27553360
perception	V2_0	of	12.689088821411133	0.024305555555555556	942210964	0.0	0.2	709961927	27553360
intuition	V2_0	of	13.017850875854492	0.003472222222222222	942210964	0.0	0.2	709961927	27553360
observation	V2_0	of	12.384330749511719	0.020833333333333332	942210964	0.0	0.2	709961927	27553360
suspicion	V2_0	of	12.675222396850586	0.010416666666666666	942210964	0.0	0.2	709961927	27553360
revelation	V2_0	of	12.346755981445312	0.027777777777777776	942210964	0.0	0.2	709961927	27553360
understanding	V2_0	of	14.034538269042969	0.017361111111111112	942210964	0.0	0.2	709961927	27553360
insinuation	V2_0	of	12.762992858886719	0.0	942210964	0.0	0.2	709961927	27553360
notion	V2_0	of	12.21577262878418	0.0	942210964	0.0	0.2	709961927	27553360
opinion	V2_0	of	13.476051330566406	0.013888888888888888	942210964	0.0	0.2	709961927	27553360
sense	V2_0	of	12.183963775634766	0.017361111111111112	942210964	0.0	0.2	709961927	27553360
presumption	V2_0	of	12.833826065063477	0.1388888888888889	942210964	0.0	0.2	709961927	27553360
assurance	V2_0	of	12.69354248046875	0.04861111111111111	942210964	0.0	0.2	709961927	27553360
realization	V2_0	of	13.040502548217773	0.013888888888888888	942210964	0.0	0.2	709961927	27553360
impression	V2_0	of	12.389184951782227	0.12152777777777778	942210964	0.0	0.2	709961927	27553360
assertion	V2_0	of	12.266050338745117	0.125	942210964	0.0	0.2	709961927	27553360
contention	V2_0	of	13.394118309020996	0.0	942210964	0.0	0.2	709961927	27553360
assumption	V2_0	of	13.128669738769531	0.0	942210964	0.0	0.2	709961927	27553360
belief	V2_0	of	12.105728149414062	0.19791666666666666	942210964	0.0	0.2	709961927	27553360
fact	V2_0	of	12.116008758544922	0.16319444444444445	942210964	0.0	0.2	709961927	27553360
report	V2_0	of	12.506816864013672	0.0	586372967	0.0	0.2	727001672	935649231
story	V2_0	of	13.390841484069824	0.013888888888888888	586372967	0.0	0.2	727001672	935649231
admission	V2_0	of	11.289411544799805	0.0	586372967	0.0	0.2	727001672	935649231
complaint	V2_0	of	11.983694076538086	0.020833333333333332	586372967	0.0	0.2	727001672	935649231
truth	V2_0	of	12.878198623657227	0.0	586372967	0.0	0.2	727001672	935649231
assessment	V2_0	of	13.851045608520508	0.0	586372967	0.0	0.2	727001672	935649231
declaration	V2_0	of	14.12415599822998	0.041666666666666664	586372967	0.0	0.2	727001672	935649231
guess	V2_0	of	11.968222618103027	0.003472222222222222	586372967	0.0	0.2	727001672	935649231
disclosure	V2_0	of	13.524938583374023	0.0	586372967	0.0	0.2	727001672	935649231
remark	V2_0	of	13.862892150878906	0.013888888888888888	586372967	0.0	0.2	727001672	935649231
confirmation	V2_0	of	14.257636070251465	0.006944444444444444	586372967	0.0	0.2	727001672	935649231
myth	V2_0	of	12.712739944458008	0.017361111111111112	586372967	0.0	0.2	727001672	935649231
news	V2_0	of	12.69653606414795	0.003472222222222222	586372967	0.0	0.2	727001672	935649231
allegation	V2_0	of	11.422724723815918	0.0	586372967	0.0	0.2	727001672	935649231
information	V2_0	of	11.181381225585938	0.020833333333333332	586372967	0.0	0.2	727001672	935649231
evidence	V2_0	of	12.191827774047852	0.010416666666666666	586372967	0.0	0.2	727001672	935649231
prediction	V2_0	of	13.546871185302734	0.013888888888888888	586372967	0.0	0.2	727001672	935649231
finding	V2_0	of	11.578399658203125	0.09375	586372967	0.0	0.2	727001672	935649231
proof	V2_0	of	12.806297302246094	0.010416666666666666	586372967	0.0	0.2	727001672	935649231
accusation	V2_0	of	12.676822662353516	0.017361111111111112	586372967	0.0	0.2	727001672	935649231
message	V2_0	of	12.828951835632324	0.010416666666666666	586372967	0.0	0.2	727001672	935649231
recognition	V2_0	of	13.806571960449219	0.006944444444444444	586372967	0.0	0.2	727001672	935649231
indication	V2_0	of	13.554003715515137	0.006944444444444444	586372967	0.0	0.2	727001672	935649231
concern	V2_0	of	13.779162406921387	0.09722222222222222	586372967	0.0	0.2	727001672	935649231
reminder	V2_0	of	11.345010757446289	0.003472222222222222	586372967	0.0	0.2	727001672	935649231
announcement	V2_0	of	13.845151901245117	0.003472222222222222	586372967	0.0	0.2	727001672	935649231
rumor	V2_0	of	12.890079498291016	0.0	586372967	0.0	0.2	727001672	935649231
statement	V2_0	of	12.402435302734375	0.017361111111111112	586372967	0.0	0.2	727001672	935649231
thought	V2_0	of	12.798614501953125	0.0	586372967	0.0	0.2	727001672	935649231
conviction	V2_0	of	13.95619010925293	0.024305555555555556	586372967	0.0	0.2	727001672	935649231
conjecture	V2_0	of	12.390120506286621	0.006944444444444444	586372967	0.0	0.2	727001672	935649231
feeling	V2_0	of	12.6739501953125	0.013888888888888888	586372967	0.0	0.2	727001672	935649231
idea	V2_0	of	12.799089431762695	0.034722222222222224	586372967	0.0	0.2	727001672	935649231
claim	V2_0	of	13.299357414245605	0.06597222222222222	586372967	0.0	0.2	727001672	935649231
conclusion	V2_0	of	14.749136924743652	0.15625	586372967	0.0	0.2	727001672	935649231
view	V2_0	of	12.962538719177246	0.034722222222222224	586372967	0.0	0.2	727001672	935649231
speculation	V2_0	of	12.94681453704834	0.010416666666666666	586372967	0.0	0.2	727001672	935649231
certainty	V2_0	of	14.148344039916992	0.010416666666666666	586372967	0.0	0.2	727001672	935649231
suggestion	V2_0	of	12.501472473144531	0.003472222222222222	586372967	0.0	0.2	727001672	935649231
perception	V2_0	of	13.203346252441406	0.0	586372967	0.0	0.2	727001672	935649231
intuition	V2_0	of	12.355944633483887	0.0	586372967	0.0	0.2	727001672	935649231
observation	V2_0	of	12.386999130249023	0.003472222222222222	586372967	0.0	0.2	727001672	935649231
suspicion	V2_0	of	12.12821102142334	0.0	586372967	0.0	0.2	727001672	935649231
revelation	V2_0	of	12.753375053405762	0.03125	586372967	0.0	0.2	727001672	935649231
understanding	V2_0	of	13.221960067749023	0.0	586372967	0.0	0.2	727001672	935649231
insinuation	V2_0	of	13.869712829589844	0.0	586372967	0.0	0.2	727001672	935649231
notion	V2_0	of	13.273028373718262	0.034722222222222224	586372967	0.0	0.2	727001672	935649231
opinion	V2_0	of	12.070696830749512	0.006944444444444444	586372967	0.0	0.2	727001672	935649231
sense	V2_0	of	12.960708618164062	0.034722222222222224	586372967	0.0	0.2	727001672	935649231
presumption	V2_0	of	12.407294273376465	0.0	586372967	0.0	0.2	727001672	935649231
assurance	V2_0	of	13.554092407226562	0.003472222222222222	586372967	0.0	0.2	727001672	935649231
realization	V2_0	of	12.46070384979248	0.0	586372967	0.0	0.2	727001672	935649231
impression	V2_0	of	11.708269119262695	0.05555555555555555	586372967	0.0	0.2	727001672	935649231
assertion	V2_0	of	13.391098022460938	0.09722222222222222	586372967	0.0	0.2	727001672	935649231
contention	V2_0	of	13.937524795532227	0.03819444444444445	586372967	0.0	0.2	727001672	935649231
assumption	V2_0	of	12.240657806396484	0.04513888888888889	586372967	0.0	0.2	727001672	935649231
belief	V2_0	of	12.426729202270508	0.18055555555555555	586372967	0.0	0.2	727001672	935649231
fact	V2_0	of	12.02389144897461	0.2152777777777778	586372967	0.0	0.2	727001672	935649231
report	V2_0	of	13.919760704040527	0.0	660144731	0.0	0.4	709961927	935649231
story	V2_0	of	12.796781539916992	0.0	660144731	0.0	0.4	709961927	935649231
admission	V2_0	of	13.965121269226074	0.0	660144731	0.0	0.4	709961927	935649231
complaint	V2_0	of	14.347533226013184	0.0	660144731	0.0	0.4	709961927	935649231
truth	V2_0	of	13.043612480163574	0.0	660144731	0.0	0.4	709961927	935649231
assessment	V2_0	of	13.652212142944336	0.0	660144731	0.0	0.4	709961927	935649231
declaration	V2_0	of	13.789140701293945	0.0	660144731	0.0	0.4	709961927	935649231
guess	V2_0	of	10.817502975463867	0.0	660144731	0.0	0.4	709961927	935649231
disclosure	V2_0	of	13.38020133972168	0.0	660144731	0.0	0.4	709961927	935649231
remark	V2_0	of	13.744745254516602	0.003472222222222222	660144731	0.0	0.4	709961927	935649231
confirmation	V2_0	of	13.994112014770508	0.0	660144731	0.0	0.4	709961927	935649231
myth	V2_0	of	12.745893478393555	0.0	660144731	0.0	0.4	709961927	935649231
news	V2_0	of	12.638846397399902	0.003472222222222222	660144731	0.0	0.4	709961927	935649231
allegation	V2_0	of	12.659765243530273	0.010416666666666666	660144731	0.0	0.4	709961927	935649231
information	V2_0	of	11.56124496459961	0.0	660144731	0.0	0.4	709961927	935649231
evidence	V2_0	of	12.336458206176758	0.0	660144731	0.0	0.4	709961927	935649231
prediction	V2_0	of	12.994364738464355	0.003472222222222222	660144731	0.0	0.4	709961927	935649231
finding	V2_0	of	12.149551391601562	0.0	660144731	0.0	0.4	709961927	935649231
proof	V2_0	of	13.300204277038574	0.0	660144731	0.0	0.4	709961927	935649231
accusation	V2_0	of	11.108378410339355	0.010416666666666666	660144731	0.0	0.4	709961927	935649231
message	V2_0	of	13.055347442626953	0.0	660144731	0.0	0.4	709961927	935649231
recognition	V2_0	of	12.169306755065918	0.0	660144731	0.0	0.4	709961927	935649231
indication	V2_0	of	13.035140991210938	0.010416666666666666	660144731	0.0	0.4	709961927	935649231
concern	V2_0	of	13.837878227233887	0.003472222222222222	660144731	0.0	0.4	709961927	935649231
reminder	V2_0	of	13.239161491394043	0.003472222222222222	660144731	0.0	0.4	709961927	935649231
announcement	V2_0	of	13.906050682067871	0.006944444444444444	660144731	0.0	0.4	709961927	935649231
rumor	V2_0	of	13.637267112731934	0.020833333333333332	660144731	0.0	0.4	709961927	935649231
statement	V2_0	of	13.812517166137695	0.003472222222222222	660144731	0.0	0.4	709961927	935649231
thought	V2_0	of	12.990074157714844	0.006944444444444444	660144731	0.0	0.4	709961927	935649231
conviction	V2_0	of	13.253520011901855	0.0	660144731	0.0	0.4	709961927	935649231
conjecture	V2_0	of	11.791526794433594	0.003472222222222222	660144731	0.0	0.4	709961927	935649231
feeling	V2_0	of	11.5192289352417	0.0	660144731	0.0	0.4	709961927	935649231
idea	V2_0	of	11.67261791229248	0.0	660144731	0.0	0.4	709961927	935649231
claim	V2_0	of	13.377126693725586	0.003472222222222222	660144731	0.0	0.4	709961927	935649231
conclusion	V2_0	of	12.2088623046875	0.006944444444444444	660144731	0.0	0.4	709961927	935649231
view	V2_0	of	13.412707328796387	0.003472222222222222	660144731	0.0	0.4	709961927	935649231
speculation	V2_0	of	11.629366874694824	0.020833333333333332	660144731	0.0	0.4	709961927	935649231
certainty	V2_0	of	11.69927978515625	0.0	660144731	0.0	0.4	709961927	935649231
suggestion	V2_0	of	13.402826309204102	0.006944444444444444	660144731	0.0	0.4	709961927	935649231
perception	V2_0	of	13.457511901855469	0.006944444444444444	660144731	0.0	0.4	709961927	935649231
intuition	V2_0	of	11.219832420349121	0.0	660144731	0.0	0.4	709961927	935649231
observation	V2_0	of	12.016368865966797	0.006944444444444444	660144731	0.0	0.4	709961927	935649231
suspicion	V2_0	of	12.897354125976562	0.006944444444444444	660144731	0.0	0.4	709961927	935649231
revelation	V2_0	of	12.818761825561523	0.006944444444444444	660144731	0.0	0.4	709961927	935649231
understanding	V2_0	of	12.805768966674805	0.0	660144731	0.0	0.4	709961927	935649231
insinuation	V2_0	of	10.995676040649414	0.0	660144731	0.0	0.4	709961927	935649231
notion	V2_0	of	12.617480278015137	0.006944444444444444	660144731	0.0	0.4	709961927	935649231
opinion	V2_0	of	14.038507461547852	0.0	660144731	0.0	0.4	709961927	935649231
sense	V2_0	of	12.016860961914062	0.003472222222222222	660144731	0.0	0.4	709961927	935649231
presumption	V2_0	of	13.490911483764648	0.006944444444444444	660144731	0.0	0.4	709961927	935649231
assurance	V2_0	of	13.387847900390625	0.003472222222222222	660144731	0.0	0.4	709961927	935649231
realization	V2_0	of	12.57429313659668	0.0	660144731	0.0	0.4	709961927	935649231
impression	V2_0	of	12.854640007019043	0.006944444444444444	660144731	0.0	0.4	709961927	935649231
assertion	V2_0	of	13.54317855834961	0.013888888888888888	660144731	0.0	0.4	709961927	935649231
contention	V2_0	of	12.861491203308105	0.006944444444444444	660144731	0.0	0.4	709961927	935649231
assumption	V2_0	of	12.322443962097168	0.0	660144731	0.0	0.4	709961927	935649231
belief	V2_0	of	13.136117935180664	0.024305555555555556	660144731	0.0	0.4	709961927	935649231
fact	V2_0	of	12.584486961364746	0.034722222222222224	660144731	0.0	0.4	709961927	935649231
photo	V2_0	of	12.173864364624023	0.0	405103923	1.0	0.5	709961927	935649231
accusation	V2_0	of	12.085356712341309	0.0	405103923	1.0	0.5	709961927	935649231
evidence	V2_0	of	12.174700736999512	0.0	405103923	1.0	0.5	709961927	935649231
arrival	V2_0	of	11.554319381713867	0.0	405103923	1.0	0.5	709961927	935649231
information	V2_0	of	12.53730583190918	0.0	405103923	1.0	0.5	709961927	935649231
house	V2_0	of	13.866743087768555	0.0	405103923	1.0	0.5	709961927	935649231
rumor	V2_0	of	12.414268493652344	0.0	405103923	1.0	0.5	709961927	935649231
realization	V2_0	of	11.947744369506836	0.0	405103923	1.0	0.5	709961927	935649231
finding	V2_0	of	11.74587631225586	0.0	405103923	1.0	0.5	709961927	935649231
impression	V2_0	of	11.67695426940918	0.0	405103923	1.0	0.5	709961927	935649231
conviction	V2_0	of	13.330199241638184	0.0	405103923	1.0	0.5	709961927	935649231
idea	V2_0	of	12.480537414550781	0.0	405103923	1.0	0.5	709961927	935649231
assumption	V2_0	of	12.610898971557617	0.003472222222222222	405103923	1.0	0.5	709961927	935649231
message	V2_0	of	13.377985954284668	0.0	405103923	1.0	0.5	709961927	935649231
assessment	V2_0	of	13.760454177856445	0.0	405103923	1.0	0.5	709961927	935649231
admission	V2_0	of	13.754088401794434	0.0	405103923	1.0	0.5	709961927	935649231
claim	V2_0	of	13.06587028503418	0.0	405103923	1.0	0.5	709961927	935649231
understanding	V2_0	of	13.32355785369873	0.0	405103923	1.0	0.5	709961927	935649231
departure	V2_0	of	13.906021118164062	0.0	405103923	1.0	0.5	709961927	935649231
thought	V2_0	of	12.699751853942871	0.003472222222222222	405103923	1.0	0.5	709961927	935649231
confirmation	V2_0	of	13.737079620361328	0.0	405103923	1.0	0.5	709961927	935649231
fact	V2_0	of	11.572450637817383	0.017361111111111112	405103923	1.0	0.5	709961927	935649231
myth	V2_0	of	12.484025955200195	0.003472222222222222	405103923	1.0	0.5	709961927	935649231
revelation	V2_0	of	12.605081558227539	0.0	405103923	1.0	0.5	709961927	935649231
disclosure	V2_0	of	13.33198356628418	0.0	405103923	1.0	0.5	709961927	935649231
proof	V2_0	of	12.908405303955078	0.0	405103923	1.0	0.5	709961927	935649231
view	V2_0	of	13.264373779296875	0.0	405103923	1.0	0.5	709961927	935649231
truth	V2_0	of	12.95698356628418	0.0	405103923	1.0	0.5	709961927	935649231
feeling	V2_0	of	11.96186351776123	0.0	405103923	1.0	0.5	709961927	935649231
concern	V2_0	of	13.548545837402344	0.0	405103923	1.0	0.5	709961927	935649231
report	V2_0	of	13.476119041442871	0.0	405103923	1.0	0.5	709961927	935649231
complaint	V2_0	of	13.416097640991211	0.0	405103923	1.0	0.5	709961927	935649231
allegation	V2_0	of	11.44367790222168	0.0	405103923	1.0	0.5	709961927	935649231
announcement	V2_0	of	13.849357604980469	0.0	405103923	1.0	0.5	709961927	935649231
speculation	V2_0	of	12.742961883544922	0.0	405103923	1.0	0.5	709961927	935649231
guess	V2_0	of	12.076144218444824	0.0	405103923	1.0	0.5	709961927	935649231
book	V2_0	of	13.529373168945312	0.0	405103923	1.0	0.5	709961927	935649231
job	V2_0	of	14.795736312866211	0.0	405103923	1.0	0.5	709961927	935649231
perception	V2_0	of	13.558791160583496	0.003472222222222222	405103923	1.0	0.5	709961927	935649231
conclusion	V2_0	of	13.65495491027832	0.0	405103923	1.0	0.5	709961927	935649231
dismissal	V2_0	of	14.419805526733398	0.0	405103923	1.0	0.5	709961927	935649231
certainty	V2_0	of	11.98474407196045	0.0	405103923	1.0	0.5	709961927	935649231
suggestion	V2_0	of	11.704809188842773	0.010416666666666666	405103923	1.0	0.5	709961927	935649231
prediction	V2_0	of	13.133037567138672	0.0	405103923	1.0	0.5	709961927	935649231
statement	V2_0	of	13.366103172302246	0.0	405103923	1.0	0.5	709961927	935649231
sense	V2_0	of	12.279499053955078	0.0	405103923	1.0	0.5	709961927	935649231
declaration	V2_0	of	13.296367645263672	0.0	405103923	1.0	0.5	709961927	935649231
belief	V2_0	of	12.828947067260742	0.05555555555555555	405103923	1.0	0.5	709961927	935649231
news	V2_0	of	11.707107543945312	0.0	405103923	1.0	0.5	709961927	935649231
assertion	V2_0	of	12.698607444763184	0.0	405103923	1.0	0.5	709961927	935649231
recognition	V2_0	of	13.174978256225586	0.0	405103923	1.0	0.5	709961927	935649231
remark	V2_0	of	13.30542278289795	0.0	405103923	1.0	0.5	709961927	935649231
computer	V2_0	of	12.167289733886719	0.0	405103923	1.0	0.5	709961927	935649231
intuition	V2_0	of	12.557676315307617	0.0	405103923	1.0	0.5	709961927	935649231
reminder	V2_0	of	11.758283615112305	0.0	405103923	1.0	0.5	709961927	935649231
arrest	V2_0	of	12.840731620788574	0.0	405103923	1.0	0.5	709961927	935649231
murder	V2_0	of	13.384917259216309	0.0	405103923	1.0	0.5	709961927	935649231
suspicion	V2_0	of	12.442767143249512	0.0	405103923	1.0	0.5	709961927	935649231
video	V2_0	of	12.713035583496094	0.0	405103923	1.0	0.5	709961927	935649231
story	V2_0	of	13.00613021850586	0.0	405103923	1.0	0.5	709961927	935649231
opinion	V2_0	of	13.644325256347656	0.003472222222222222	405103923	1.0	0.5	709961927	935649231
presumption	V2_0	of	13.416282653808594	0.0	405103923	1.0	0.5	709961927	935649231
indication	V2_0	of	12.703834533691406	0.003472222222222222	405103923	1.0	0.5	709961927	935649231
assurance	V2_0	of	13.251887321472168	0.0	405103923	1.0	0.5	709961927	935649231
insinuation	V2_0	of	13.386594772338867	0.0	405103923	1.0	0.5	709961927	935649231
contention	V2_0	of	12.820639610290527	0.0	405103923	1.0	0.5	709961927	935649231
conjecture	V2_0	of	12.025763511657715	0.0	405103923	1.0	0.5	709961927	935649231
notion	V2_0	of	12.920909881591797	0.0	405103923	1.0	0.5	709961927	935649231
interview	V2_0	of	13.455398559570312	0.0	405103923	1.0	0.5	709961927	935649231
observation	V2_0	of	12.495741844177246	0.0	405103923	1.0	0.5	709961927	935649231
report	V2_0	of	11.147380828857422	0.0	510773468	0.0	0.2	727001672	27553360
story	V2_0	of	10.900492668151855	0.0	510773468	0.0	0.2	727001672	27553360
admission	V2_0	of	14.122699737548828	0.0	510773468	0.0	0.2	727001672	27553360
complaint	V2_0	of	12.827845573425293	0.0	510773468	0.0	0.2	727001672	27553360
truth	V2_0	of	12.73652458190918	0.0	510773468	0.0	0.2	727001672	27553360
assessment	V2_0	of	13.793685913085938	0.0	510773468	0.0	0.2	727001672	27553360
declaration	V2_0	of	12.764423370361328	0.0	510773468	0.0	0.2	727001672	27553360
guess	V2_0	of	11.386652946472168	0.0	510773468	0.0	0.2	727001672	27553360
disclosure	V2_0	of	13.855148315429688	0.0	510773468	0.0	0.2	727001672	27553360
remark	V2_0	of	12.856279373168945	0.0	510773468	0.0	0.2	727001672	27553360
confirmation	V2_0	of	12.3783597946167	0.0	510773468	0.0	0.2	727001672	27553360
myth	V2_0	of	11.371784210205078	0.0	510773468	0.0	0.2	727001672	27553360
news	V2_0	of	11.371662139892578	0.0	510773468	0.0	0.2	727001672	27553360
allegation	V2_0	of	12.521774291992188	0.0	510773468	0.0	0.2	727001672	27553360
information	V2_0	of	11.889948844909668	0.0	510773468	0.0	0.2	727001672	27553360
evidence	V2_0	of	11.249717712402344	0.0	510773468	0.0	0.2	727001672	27553360
prediction	V2_0	of	13.557108879089355	0.0	510773468	0.0	0.2	727001672	27553360
finding	V2_0	of	11.419951438903809	0.0	510773468	0.0	0.2	727001672	27553360
proof	V2_0	of	12.609823226928711	0.0	510773468	0.0	0.2	727001672	27553360
accusation	V2_0	of	11.562621116638184	0.0	510773468	0.0	0.2	727001672	27553360
message	V2_0	of	12.064271926879883	0.0	510773468	0.0	0.2	727001672	27553360
recognition	V2_0	of	13.552614212036133	0.0	510773468	0.0	0.2	727001672	27553360
indication	V2_0	of	12.504206657409668	0.0	510773468	0.0	0.2	727001672	27553360
concern	V2_0	of	12.723733901977539	0.0	510773468	0.0	0.2	727001672	27553360
reminder	V2_0	of	11.772018432617188	0.0	510773468	0.0	0.2	727001672	27553360
announcement	V2_0	of	13.026153564453125	0.0	510773468	0.0	0.2	727001672	27553360
rumor	V2_0	of	11.201702117919922	0.0	510773468	0.0	0.2	727001672	27553360
statement	V2_0	of	12.94257926940918	0.0	510773468	0.0	0.2	727001672	27553360
thought	V2_0	of	12.716423034667969	0.0	510773468	0.0	0.2	727001672	27553360
conviction	V2_0	of	12.181811332702637	0.0	510773468	0.0	0.2	727001672	27553360
conjecture	V2_0	of	13.343000411987305	0.0	510773468	0.0	0.2	727001672	27553360
feeling	V2_0	of	11.961904525756836	0.003472222222222222	510773468	0.0	0.2	727001672	27553360
idea	V2_0	of	11.502725601196289	0.0	510773468	0.0	0.2	727001672	27553360
claim	V2_0	of	12.263850212097168	0.003472222222222222	510773468	0.0	0.2	727001672	27553360
conclusion	V2_0	of	13.249613761901855	0.003472222222222222	510773468	0.0	0.2	727001672	27553360
view	V2_0	of	13.983160972595215	0.0	510773468	0.0	0.2	727001672	27553360
speculation	V2_0	of	11.89188289642334	0.0	510773468	0.0	0.2	727001672	27553360
certainty	V2_0	of	11.699374198913574	0.0	510773468	0.0	0.2	727001672	27553360
suggestion	V2_0	of	12.394281387329102	0.0	510773468	0.0	0.2	727001672	27553360
perception	V2_0	of	13.36242961883545	0.0	510773468	0.0	0.2	727001672	27553360
intuition	V2_0	of	12.985994338989258	0.0	510773468	0.0	0.2	727001672	27553360
observation	V2_0	of	11.860980987548828	0.0	510773468	0.0	0.2	727001672	27553360
suspicion	V2_0	of	12.726783752441406	0.0	510773468	0.0	0.2	727001672	27553360
revelation	V2_0	of	11.543757438659668	0.0	510773468	0.0	0.2	727001672	27553360
understanding	V2_0	of	13.897555351257324	0.0	510773468	0.0	0.2	727001672	27553360
insinuation	V2_0	of	12.26926040649414	0.0	510773468	0.0	0.2	727001672	27553360
notion	V2_0	of	12.791804313659668	0.0	510773468	0.0	0.2	727001672	27553360
opinion	V2_0	of	13.748912811279297	0.003472222222222222	510773468	0.0	0.2	727001672	27553360
sense	V2_0	of	12.136996269226074	0.0	510773468	0.0	0.2	727001672	27553360
presumption	V2_0	of	12.872031211853027	0.0	510773468	0.0	0.2	727001672	27553360
assurance	V2_0	of	12.708495140075684	0.0	510773468	0.0	0.2	727001672	27553360
realization	V2_0	of	12.15168285369873	0.0	510773468	0.0	0.2	727001672	27553360
impression	V2_0	of	11.484716415405273	0.0	510773468	0.0	0.2	727001672	27553360
assertion	V2_0	of	12.484045028686523	0.006944444444444444	510773468	0.0	0.2	727001672	27553360
contention	V2_0	of	13.361517906188965	0.0	510773468	0.0	0.2	727001672	27553360
assumption	V2_0	of	13.832901000976562	0.0	510773468	0.0	0.2	727001672	27553360
belief	V2_0	of	12.164717674255371	0.0	510773468	0.0	0.2	727001672	27553360
fact	V2_0	of	11.241087913513184	0.0	510773468	0.0	0.2	727001672	27553360
indication	V2_0	of	15.889010429382324	0.027777777777777776	824464023	0.0	0.7	516252642	27553360
reminder	V2_0	of	15.232669830322266	0.034722222222222224	824464023	0.0	0.7	516252642	27553360
opinion	V2_0	of	17.32143211364746	0.1909722222222222	824464023	0.0	0.7	516252642	27553360
disclosure	V2_0	of	16.640438079833984	0.017361111111111112	824464023	0.0	0.7	516252642	27553360
guess	V2_0	of	15.909126281738281	0.013888888888888888	824464023	0.0	0.7	516252642	27553360
dismissal	V2_0	of	17.114702224731445	0.0	824464023	0.0	0.7	516252642	27553360
conjecture	V2_0	of	16.769943237304688	0.034722222222222224	824464023	0.0	0.7	516252642	27553360
arrest	V2_0	of	16.335973739624023	0.003472222222222222	824464023	0.0	0.7	516252642	27553360
myth	V2_0	of	16.352434158325195	0.017361111111111112	824464023	0.0	0.7	516252642	27553360
complaint	V2_0	of	17.24136734008789	0.03125	824464023	0.0	0.7	516252642	27553360
photo	V2_0	of	15.598005294799805	0.006944444444444444	824464023	0.0	0.7	516252642	27553360
remark	V2_0	of	16.53588104248047	0.020833333333333332	824464023	0.0	0.7	516252642	27553360
recognition	V2_0	of	16.94580078125	0.0	824464023	0.0	0.7	516252642	27553360
accusation	V2_0	of	16.4472713470459	0.125	824464023	0.0	0.7	516252642	27553360
certainty	V2_0	of	15.422839164733887	0.125	824464023	0.0	0.7	516252642	27553360
conviction	V2_0	of	16.61783218383789	0.1909722222222222	824464023	0.0	0.7	516252642	27553360
confirmation	V2_0	of	16.956274032592773	0.017361111111111112	824464023	0.0	0.7	516252642	27553360
revelation	V2_0	of	17.61308479309082	0.07291666666666667	824464023	0.0	0.7	516252642	27553360
declaration	V2_0	of	17.118886947631836	0.006944444444444444	824464023	0.0	0.7	516252642	27553360
news	V2_0	of	16.610855102539062	0.1388888888888889	824464023	0.0	0.7	516252642	27553360
intuition	V2_0	of	17.194272994995117	0.013888888888888888	824464023	0.0	0.7	516252642	27553360
evidence	V2_0	of	15.552424430847168	0.059027777777777776	824464023	0.0	0.7	516252642	27553360
finding	V2_0	of	15.163631439208984	0.09375	824464023	0.0	0.7	516252642	27553360
statement	V2_0	of	16.195711135864258	0.05555555555555555	824464023	0.0	0.7	516252642	27553360
suspicion	V2_0	of	15.945873260498047	0.03125	824464023	0.0	0.7	516252642	27553360
announcement	V2_0	of	18.047697067260742	0.041666666666666664	824464023	0.0	0.7	516252642	27553360
report	V2_0	of	16.742103576660156	0.08333333333333333	824464023	0.0	0.7	516252642	27553360
book	V2_0	of	16.85312271118164	0.027777777777777776	824464023	0.0	0.7	516252642	27553360
rumor	V2_0	of	15.744199752807617	0.2222222222222222	824464023	0.0	0.7	516252642	27553360
prediction	V2_0	of	16.580463409423828	0.03125	824464023	0.0	0.7	516252642	27553360
assumption	V2_0	of	15.788455963134766	0.2361111111111111	824464023	0.0	0.7	516252642	27553360
video	V2_0	of	16.855133056640625	0.013888888888888888	824464023	0.0	0.7	516252642	27553360
realization	V2_0	of	16.012409210205078	0.059027777777777776	824464023	0.0	0.7	516252642	27553360
interview	V2_0	of	17.2557430267334	0.017361111111111112	824464023	0.0	0.7	516252642	27553360
contention	V2_0	of	16.197879791259766	0.3368055555555556	824464023	0.0	0.7	516252642	27553360
truth	V2_0	of	15.691187858581543	0.034722222222222224	824464023	0.0	0.7	516252642	27553360
impression	V2_0	of	15.696227073669434	0.09027777777777778	824464023	0.0	0.7	516252642	27553360
sense	V2_0	of	15.62540054321289	0.020833333333333332	824464023	0.0	0.7	516252642	27553360
presumption	V2_0	of	15.965970993041992	0.21875	824464023	0.0	0.7	516252642	27553360
observation	V2_0	of	16.53436279296875	0.020833333333333332	824464023	0.0	0.7	516252642	27553360
perception	V2_0	of	15.850591659545898	0.020833333333333332	824464023	0.0	0.7	516252642	27553360
computer	V2_0	of	16.237207412719727	0.03819444444444445	824464023	0.0	0.7	516252642	27553360
feeling	V2_0	of	15.733500480651855	0.027777777777777776	824464023	0.0	0.7	516252642	27553360
concern	V2_0	of	17.681596755981445	0.05555555555555555	824464023	0.0	0.7	516252642	27553360
understanding	V2_0	of	16.422348022460938	0.017361111111111112	824464023	0.0	0.7	516252642	27553360
insinuation	V2_0	of	17.241743087768555	0.0	824464023	0.0	0.7	516252642	27553360
view	V2_0	of	15.328333854675293	0.1111111111111111	824464023	0.0	0.7	516252642	27553360
conclusion	V2_0	of	16.22539520263672	0.1597222222222222	824464023	0.0	0.7	516252642	27553360
admission	V2_0	of	16.7537841796875	0.006944444444444444	824464023	0.0	0.7	516252642	27553360
assurance	V2_0	of	18.384456634521484	0.059027777777777776	824464023	0.0	0.7	516252642	27553360
assessment	V2_0	of	17.45747184753418	0.006944444444444444	824464023	0.0	0.7	516252642	27553360
message	V2_0	of	15.805702209472656	0.04861111111111111	824464023	0.0	0.7	516252642	27553360
thought	V2_0	of	16.36540985107422	0.041666666666666664	824464023	0.0	0.7	516252642	27553360
claim	V2_0	of	15.647627830505371	0.1909722222222222	824464023	0.0	0.7	516252642	27553360
suggestion	V2_0	of	15.580408096313477	0.2048611111111111	824464023	0.0	0.7	516252642	27553360
allegation	V2_0	of	15.885204315185547	0.13541666666666666	824464023	0.0	0.7	516252642	27553360
fact	V2_0	of	16.177770614624023	0.20833333333333334	824464023	0.0	0.7	516252642	27553360
notion	V2_0	of	16.070892333984375	0.13194444444444445	824464023	0.0	0.7	516252642	27553360
assertion	V2_0	of	16.159229278564453	0.08680555555555555	824464023	0.0	0.7	516252642	27553360
story	V2_0	of	17.684791564941406	0.0	824464023	0.0	0.7	516252642	27553360
belief	V2_0	of	17.524574279785156	0.09027777777777778	824464023	0.0	0.7	516252642	27553360
job	V2_0	of	16.770523071289062	0.003472222222222222	824464023	0.0	0.7	516252642	27553360
speculation	V2_0	of	16.323741912841797	0.2569444444444444	824464023	0.0	0.7	516252642	27553360
house	V2_0	of	15.289340019226074	0.010416666666666666	824464023	0.0	0.7	516252642	27553360
departure	V2_0	of	16.65070343017578	0.003472222222222222	824464023	0.0	0.7	516252642	27553360
arrival	V2_0	of	15.67624282836914	0.003472222222222222	824464023	0.0	0.7	516252642	27553360
information	V2_0	of	16.617061614990234	0.017361111111111112	824464023	0.0	0.7	516252642	27553360
idea	V2_0	of	15.719709396362305	0.10069444444444445	824464023	0.0	0.7	516252642	27553360
murder	V2_0	of	15.893842697143555	0.006944444444444444	824464023	0.0	0.7	516252642	27553360
proof	V2_0	of	15.928464889526367	0.017361111111111112	824464023	0.0	0.7	516252642	27553360
report	V2_0	of	14.228309631347656	0.003472222222222222	747122075	0.0	0.4	727001672	935649231
story	V2_0	of	12.751360893249512	0.0	747122075	0.0	0.4	727001672	935649231
admission	V2_0	of	12.774528503417969	0.0	747122075	0.0	0.4	727001672	935649231
complaint	V2_0	of	14.310286521911621	0.0	747122075	0.0	0.4	727001672	935649231
truth	V2_0	of	13.381387710571289	0.0	747122075	0.0	0.4	727001672	935649231
assessment	V2_0	of	12.60205078125	0.0	747122075	0.0	0.4	727001672	935649231
declaration	V2_0	of	12.872337341308594	0.0	747122075	0.0	0.4	727001672	935649231
guess	V2_0	of	10.903276443481445	0.0	747122075	0.0	0.4	727001672	935649231
disclosure	V2_0	of	12.000666618347168	0.0	747122075	0.0	0.4	727001672	935649231
remark	V2_0	of	12.149191856384277	0.010416666666666666	747122075	0.0	0.4	727001672	935649231
confirmation	V2_0	of	12.17365550994873	0.003472222222222222	747122075	0.0	0.4	727001672	935649231
myth	V2_0	of	12.982317924499512	0.003472222222222222	747122075	0.0	0.4	727001672	935649231
news	V2_0	of	13.369855880737305	0.003472222222222222	747122075	0.0	0.4	727001672	935649231
allegation	V2_0	of	12.931928634643555	0.0	747122075	0.0	0.4	727001672	935649231
information	V2_0	of	12.961259841918945	0.0	747122075	0.0	0.4	727001672	935649231
evidence	V2_0	of	13.139204978942871	0.003472222222222222	747122075	0.0	0.4	727001672	935649231
prediction	V2_0	of	13.260475158691406	0.003472222222222222	747122075	0.0	0.4	727001672	935649231
finding	V2_0	of	12.17993450164795	0.034722222222222224	747122075	0.0	0.4	727001672	935649231
proof	V2_0	of	13.125060081481934	0.006944444444444444	747122075	0.0	0.4	727001672	935649231
accusation	V2_0	of	12.94752025604248	0.0	747122075	0.0	0.4	727001672	935649231
message	V2_0	of	12.42243766784668	0.0	747122075	0.0	0.4	727001672	935649231
recognition	V2_0	of	14.06483268737793	0.0	747122075	0.0	0.4	727001672	935649231
indication	V2_0	of	13.543753623962402	0.006944444444444444	747122075	0.0	0.4	727001672	935649231
concern	V2_0	of	13.888614654541016	0.006944444444444444	747122075	0.0	0.4	727001672	935649231
reminder	V2_0	of	13.463232040405273	0.0	747122075	0.0	0.4	727001672	935649231
announcement	V2_0	of	13.725744247436523	0.0	747122075	0.0	0.4	727001672	935649231
rumor	V2_0	of	13.384071350097656	0.0	747122075	0.0	0.4	727001672	935649231
statement	V2_0	of	12.944028854370117	0.003472222222222222	747122075	0.0	0.4	727001672	935649231
thought	V2_0	of	13.2841796875	0.003472222222222222	747122075	0.0	0.4	727001672	935649231
conviction	V2_0	of	13.421126365661621	0.0	747122075	0.0	0.4	727001672	935649231
conjecture	V2_0	of	12.748477935791016	0.0	747122075	0.0	0.4	727001672	935649231
feeling	V2_0	of	13.441841125488281	0.003472222222222222	747122075	0.0	0.4	727001672	935649231
idea	V2_0	of	11.192495346069336	0.010416666666666666	747122075	0.0	0.4	727001672	935649231
claim	V2_0	of	11.996100425720215	0.0	747122075	0.0	0.4	727001672	935649231
conclusion	V2_0	of	13.5310697555542	0.003472222222222222	747122075	0.0	0.4	727001672	935649231
view	V2_0	of	13.58539867401123	0.020833333333333332	747122075	0.0	0.4	727001672	935649231
speculation	V2_0	of	13.034400939941406	0.010416666666666666	747122075	0.0	0.4	727001672	935649231
certainty	V2_0	of	14.193011283874512	0.003472222222222222	747122075	0.0	0.4	727001672	935649231
suggestion	V2_0	of	13.845515251159668	0.003472222222222222	747122075	0.0	0.4	727001672	935649231
perception	V2_0	of	13.4422025680542	0.0	747122075	0.0	0.4	727001672	935649231
intuition	V2_0	of	11.317034721374512	0.0	747122075	0.0	0.4	727001672	935649231
observation	V2_0	of	12.801488876342773	0.0	747122075	0.0	0.4	727001672	935649231
suspicion	V2_0	of	12.857314109802246	0.013888888888888888	747122075	0.0	0.4	727001672	935649231
revelation	V2_0	of	12.035118103027344	0.0	747122075	0.0	0.4	727001672	935649231
understanding	V2_0	of	13.295537948608398	0.0	747122075	0.0	0.4	727001672	935649231
insinuation	V2_0	of	13.356674194335938	0.0	747122075	0.0	0.4	727001672	935649231
notion	V2_0	of	12.825742721557617	0.006944444444444444	747122075	0.0	0.4	727001672	935649231
opinion	V2_0	of	12.219823837280273	0.003472222222222222	747122075	0.0	0.4	727001672	935649231
sense	V2_0	of	11.632474899291992	0.0	747122075	0.0	0.4	727001672	935649231
presumption	V2_0	of	13.373584747314453	0.0	747122075	0.0	0.4	727001672	935649231
assurance	V2_0	of	13.628196716308594	0.0	747122075	0.0	0.4	727001672	935649231
realization	V2_0	of	13.207132339477539	0.006944444444444444	747122075	0.0	0.4	727001672	935649231
impression	V2_0	of	10.992361068725586	0.027777777777777776	747122075	0.0	0.4	727001672	935649231
assertion	V2_0	of	12.596343994140625	0.003472222222222222	747122075	0.0	0.4	727001672	935649231
contention	V2_0	of	14.468503952026367	0.03125	747122075	0.0	0.4	727001672	935649231
assumption	V2_0	of	12.589122772216797	0.017361111111111112	747122075	0.0	0.4	727001672	935649231
belief	V2_0	of	12.989175796508789	0.003472222222222222	747122075	0.0	0.4	727001672	935649231
fact	V2_0	of	12.271245956420898	0.09722222222222222	747122075	0.0	0.4	727001672	935649231
report	V2_0	of	12.514826774597168	0.0	247161158	1.0	0.5	647336050	27553360
story	V2_0	of	11.342550277709961	0.0	247161158	1.0	0.5	647336050	27553360
admission	V2_0	of	15.184866905212402	0.0	247161158	1.0	0.5	647336050	27553360
complaint	V2_0	of	12.119483947753906	0.006944444444444444	247161158	1.0	0.5	647336050	27553360
truth	V2_0	of	12.357592582702637	0.0	247161158	1.0	0.5	647336050	27553360
assessment	V2_0	of	13.110610961914062	0.0	247161158	1.0	0.5	647336050	27553360
declaration	V2_0	of	13.440113067626953	0.0	247161158	1.0	0.5	647336050	27553360
guess	V2_0	of	12.644824028015137	0.003472222222222222	247161158	1.0	0.5	647336050	27553360
disclosure	V2_0	of	13.425745964050293	0.003472222222222222	247161158	1.0	0.5	647336050	27553360
remark	V2_0	of	12.477020263671875	0.006944444444444444	247161158	1.0	0.5	647336050	27553360
confirmation	V2_0	of	12.613151550292969	0.0	247161158	1.0	0.5	647336050	27553360
myth	V2_0	of	12.615679740905762	0.003472222222222222	247161158	1.0	0.5	647336050	27553360
news	V2_0	of	11.378993034362793	0.03125	247161158	1.0	0.5	647336050	27553360
allegation	V2_0	of	12.589262008666992	0.017361111111111112	247161158	1.0	0.5	647336050	27553360
information	V2_0	of	12.874715805053711	0.0	247161158	1.0	0.5	647336050	27553360
evidence	V2_0	of	11.504644393920898	0.003472222222222222	247161158	1.0	0.5	647336050	27553360
prediction	V2_0	of	13.6593656539917	0.0	247161158	1.0	0.5	647336050	27553360
finding	V2_0	of	11.820734024047852	0.0	247161158	1.0	0.5	647336050	27553360
proof	V2_0	of	13.245230674743652	0.003472222222222222	247161158	1.0	0.5	647336050	27553360
accusation	V2_0	of	12.599394798278809	0.010416666666666666	247161158	1.0	0.5	647336050	27553360
message	V2_0	of	12.223193168640137	0.0	247161158	1.0	0.5	647336050	27553360
recognition	V2_0	of	13.877670288085938	0.003472222222222222	247161158	1.0	0.5	647336050	27553360
indication	V2_0	of	12.920570373535156	0.0	247161158	1.0	0.5	647336050	27553360
concern	V2_0	of	12.924077987670898	0.0	247161158	1.0	0.5	647336050	27553360
reminder	V2_0	of	12.74692153930664	0.0	247161158	1.0	0.5	647336050	27553360
announcement	V2_0	of	13.158709526062012	0.0	247161158	1.0	0.5	647336050	27553360
rumor	V2_0	of	12.134376525878906	0.0798611111111111	247161158	1.0	0.5	647336050	27553360
statement	V2_0	of	12.744863510131836	0.017361111111111112	247161158	1.0	0.5	647336050	27553360
thought	V2_0	of	13.502950668334961	0.006944444444444444	247161158	1.0	0.5	647336050	27553360
conviction	V2_0	of	13.46533489227295	0.0	247161158	1.0	0.5	647336050	27553360
conjecture	V2_0	of	13.635913848876953	0.003472222222222222	247161158	1.0	0.5	647336050	27553360
feeling	V2_0	of	12.48653793334961	0.020833333333333332	247161158	1.0	0.5	647336050	27553360
idea	V2_0	of	12.682401657104492	0.0	247161158	1.0	0.5	647336050	27553360
claim	V2_0	of	12.639123916625977	0.0	247161158	1.0	0.5	647336050	27553360
conclusion	V2_0	of	13.163703918457031	0.0	247161158	1.0	0.5	647336050	27553360
view	V2_0	of	13.925519943237305	0.003472222222222222	247161158	1.0	0.5	647336050	27553360
speculation	V2_0	of	12.050223350524902	0.0	247161158	1.0	0.5	647336050	27553360
certainty	V2_0	of	11.871451377868652	0.013888888888888888	247161158	1.0	0.5	647336050	27553360
suggestion	V2_0	of	11.857053756713867	0.013888888888888888	247161158	1.0	0.5	647336050	27553360
perception	V2_0	of	12.624720573425293	0.006944444444444444	247161158	1.0	0.5	647336050	27553360
intuition	V2_0	of	12.902328491210938	0.0	247161158	1.0	0.5	647336050	27553360
observation	V2_0	of	12.236818313598633	0.027777777777777776	247161158	1.0	0.5	647336050	27553360
suspicion	V2_0	of	12.753947257995605	0.0	247161158	1.0	0.5	647336050	27553360
revelation	V2_0	of	11.920153617858887	0.017361111111111112	247161158	1.0	0.5	647336050	27553360
understanding	V2_0	of	13.516619682312012	0.017361111111111112	247161158	1.0	0.5	647336050	27553360
insinuation	V2_0	of	13.366320610046387	0.0	247161158	1.0	0.5	647336050	27553360
notion	V2_0	of	13.053218841552734	0.0	247161158	1.0	0.5	647336050	27553360
opinion	V2_0	of	13.323141098022461	0.006944444444444444	247161158	1.0	0.5	647336050	27553360
sense	V2_0	of	12.441490173339844	0.0	247161158	1.0	0.5	647336050	27553360
presumption	V2_0	of	12.810956954956055	0.0	247161158	1.0	0.5	647336050	27553360
assurance	V2_0	of	12.430033683776855	0.010416666666666666	247161158	1.0	0.5	647336050	27553360
realization	V2_0	of	12.600627899169922	0.003472222222222222	247161158	1.0	0.5	647336050	27553360
impression	V2_0	of	11.70826244354248	0.0	247161158	1.0	0.5	647336050	27553360
assertion	V2_0	of	12.438070297241211	0.027777777777777776	247161158	1.0	0.5	647336050	27553360
contention	V2_0	of	12.986845016479492	0.1736111111111111	247161158	1.0	0.5	647336050	27553360
assumption	V2_0	of	13.293127059936523	0.0	247161158	1.0	0.5	647336050	27553360
belief	V2_0	of	12.421558380126953	0.0	247161158	1.0	0.5	647336050	27553360
fact	V2_0	of	12.211366653442383	0.16319444444444445	247161158	1.0	0.5	647336050	27553360
job	V2_0	of	13.374448776245117	0.003472222222222222	944898832	0.0	0.2	647336050	27553360
report	V2_0	of	11.550726890563965	0.0	944898832	0.0	0.2	647336050	27553360
announcement	V2_0	of	12.96710205078125	0.0	944898832	0.0	0.2	647336050	27553360
house	V2_0	of	11.863619804382324	0.0	944898832	0.0	0.2	647336050	27553360
idea	V2_0	of	11.69086742401123	0.010416666666666666	944898832	0.0	0.2	647336050	27553360
accusation	V2_0	of	11.623583793640137	0.09722222222222222	944898832	0.0	0.2	647336050	27553360
assurance	V2_0	of	12.380594253540039	0.024305555555555556	944898832	0.0	0.2	647336050	27553360
belief	V2_0	of	12.346311569213867	0.0	944898832	0.0	0.2	647336050	27553360
fact	V2_0	of	11.209152221679688	0.0	944898832	0.0	0.2	647336050	27553360
observation	V2_0	of	12.269984245300293	0.05555555555555555	944898832	0.0	0.2	647336050	27553360
truth	V2_0	of	12.102609634399414	0.0	944898832	0.0	0.2	647336050	27553360
conjecture	V2_0	of	13.897762298583984	0.0	944898832	0.0	0.2	647336050	27553360
realization	V2_0	of	13.055335998535156	0.006944444444444444	944898832	0.0	0.2	647336050	27553360
complaint	V2_0	of	12.161048889160156	0.003472222222222222	944898832	0.0	0.2	647336050	27553360
guess	V2_0	of	12.712743759155273	0.006944444444444444	944898832	0.0	0.2	647336050	27553360
arrival	V2_0	of	13.362174034118652	0.0	944898832	0.0	0.2	647336050	27553360
proof	V2_0	of	12.6473388671875	0.010416666666666666	944898832	0.0	0.2	647336050	27553360
view	V2_0	of	12.6214017868042	0.041666666666666664	944898832	0.0	0.2	647336050	27553360
rumor	V2_0	of	11.38060188293457	0.08333333333333333	944898832	0.0	0.2	647336050	27553360
concern	V2_0	of	12.58126449584961	0.034722222222222224	944898832	0.0	0.2	647336050	27553360
admission	V2_0	of	14.142972946166992	0.0	944898832	0.0	0.2	647336050	27553360
conviction	V2_0	of	12.827102661132812	0.013888888888888888	944898832	0.0	0.2	647336050	27553360
impression	V2_0	of	12.668493270874023	0.03125	944898832	0.0	0.2	647336050	27553360
book	V2_0	of	12.561017990112305	0.003472222222222222	944898832	0.0	0.2	647336050	27553360
message	V2_0	of	11.483945846557617	0.010416666666666666	944898832	0.0	0.2	647336050	27553360
murder	V2_0	of	12.629827499389648	0.0	944898832	0.0	0.2	647336050	27553360
video	V2_0	of	12.594329833984375	0.0	944898832	0.0	0.2	647336050	27553360
interview	V2_0	of	13.506181716918945	0.0	944898832	0.0	0.2	647336050	27553360
revelation	V2_0	of	11.561861991882324	0.06597222222222222	944898832	0.0	0.2	647336050	27553360
story	V2_0	of	11.094215393066406	0.0	944898832	0.0	0.2	647336050	27553360
thought	V2_0	of	13.497810363769531	0.0	944898832	0.0	0.2	647336050	27553360
suspicion	V2_0	of	12.503181457519531	0.1388888888888889	944898832	0.0	0.2	647336050	27553360
statement	V2_0	of	12.743980407714844	0.024305555555555556	944898832	0.0	0.2	647336050	27553360
assessment	V2_0	of	13.811358451843262	0.0	944898832	0.0	0.2	647336050	27553360
photo	V2_0	of	11.356124877929688	0.0	944898832	0.0	0.2	647336050	27553360
intuition	V2_0	of	13.4932279586792	0.003472222222222222	944898832	0.0	0.2	647336050	27553360
perception	V2_0	of	12.748403549194336	0.020833333333333332	944898832	0.0	0.2	647336050	27553360
information	V2_0	of	11.570876121520996	0.0	944898832	0.0	0.2	647336050	27553360
prediction	V2_0	of	13.994956970214844	0.003472222222222222	944898832	0.0	0.2	647336050	27553360
evidence	V2_0	of	10.779364585876465	0.017361111111111112	944898832	0.0	0.2	647336050	27553360
assumption	V2_0	of	12.735502243041992	0.05555555555555555	944898832	0.0	0.2	647336050	27553360
notion	V2_0	of	12.773322105407715	0.013888888888888888	944898832	0.0	0.2	647336050	27553360
suggestion	V2_0	of	11.991399765014648	0.06597222222222222	944898832	0.0	0.2	647336050	27553360
myth	V2_0	of	11.511274337768555	0.034722222222222224	944898832	0.0	0.2	647336050	27553360
disclosure	V2_0	of	13.165620803833008	0.0	944898832	0.0	0.2	647336050	27553360
departure	V2_0	of	13.48237133026123	0.0	944898832	0.0	0.2	647336050	27553360
finding	V2_0	of	11.872843742370605	0.0	944898832	0.0	0.2	647336050	27553360
conclusion	V2_0	of	12.89759349822998	0.059027777777777776	944898832	0.0	0.2	647336050	27553360
remark	V2_0	of	12.085776329040527	0.04513888888888889	944898832	0.0	0.2	647336050	27553360
recognition	V2_0	of	12.703207015991211	0.020833333333333332	944898832	0.0	0.2	647336050	27553360
allegation	V2_0	of	11.512443542480469	0.027777777777777776	944898832	0.0	0.2	647336050	27553360
insinuation	V2_0	of	13.396553039550781	0.0	944898832	0.0	0.2	647336050	27553360
news	V2_0	of	10.98835563659668	0.024305555555555556	944898832	0.0	0.2	647336050	27553360
speculation	V2_0	of	12.294462203979492	0.013888888888888888	944898832	0.0	0.2	647336050	27553360
computer	V2_0	of	12.855253219604492	0.0	944898832	0.0	0.2	647336050	27553360
understanding	V2_0	of	13.899421691894531	0.013888888888888888	944898832	0.0	0.2	647336050	27553360
arrest	V2_0	of	12.455469131469727	0.0	944898832	0.0	0.2	647336050	27553360
certainty	V2_0	of	11.702444076538086	0.04513888888888889	944898832	0.0	0.2	647336050	27553360
dismissal	V2_0	of	14.086237907409668	0.0	944898832	0.0	0.2	647336050	27553360
reminder	V2_0	of	12.310060501098633	0.017361111111111112	944898832	0.0	0.2	647336050	27553360
opinion	V2_0	of	13.458678245544434	0.0	944898832	0.0	0.2	647336050	27553360
sense	V2_0	of	11.992019653320312	0.017361111111111112	944898832	0.0	0.2	647336050	27553360
presumption	V2_0	of	12.902738571166992	0.013888888888888888	944898832	0.0	0.2	647336050	27553360
confirmation	V2_0	of	12.492121696472168	0.003472222222222222	944898832	0.0	0.2	647336050	27553360
contention	V2_0	of	12.877477645874023	0.0763888888888889	944898832	0.0	0.2	647336050	27553360
declaration	V2_0	of	13.188697814941406	0.0	944898832	0.0	0.2	647336050	27553360
assertion	V2_0	of	11.721595764160156	0.12152777777777778	944898832	0.0	0.2	647336050	27553360
feeling	V2_0	of	12.226943016052246	0.027777777777777776	944898832	0.0	0.2	647336050	27553360
claim	V2_0	of	11.57993221282959	0.0	944898832	0.0	0.2	647336050	27553360
indication	V2_0	of	12.243337631225586	0.0625	944898832	0.0	0.2	647336050	27553360
disclosure	V2_0	of	13.640127182006836	0.0	532717766	0.0	0.4	727001672	935649231
video	V2_0	of	12.181159973144531	0.010416666666666666	532717766	0.0	0.4	727001672	935649231
conviction	V2_0	of	13.698965072631836	0.024305555555555556	532717766	0.0	0.4	727001672	935649231
sense	V2_0	of	11.780731201171875	0.003472222222222222	532717766	0.0	0.4	727001672	935649231
feeling	V2_0	of	13.468328475952148	0.020833333333333332	532717766	0.0	0.4	727001672	935649231
recognition	V2_0	of	12.904783248901367	0.0	532717766	0.0	0.4	727001672	935649231
view	V2_0	of	13.794830322265625	0.017361111111111112	532717766	0.0	0.4	727001672	935649231
myth	V2_0	of	13.13977336883545	0.006944444444444444	532717766	0.0	0.4	727001672	935649231
speculation	V2_0	of	13.129646301269531	0.05555555555555555	532717766	0.0	0.4	727001672	935649231
remark	V2_0	of	14.004192352294922	0.0	532717766	0.0	0.4	727001672	935649231
insinuation	V2_0	of	12.90939998626709	0.0	532717766	0.0	0.4	727001672	935649231
confirmation	V2_0	of	14.084127426147461	0.010416666666666666	532717766	0.0	0.4	727001672	935649231
opinion	V2_0	of	14.271655082702637	0.010416666666666666	532717766	0.0	0.4	727001672	935649231
revelation	V2_0	of	13.2972412109375	0.0	532717766	0.0	0.4	727001672	935649231
belief	V2_0	of	13.001043319702148	0.24305555555555555	532717766	0.0	0.4	727001672	935649231
certainty	V2_0	of	13.63734245300293	0.017361111111111112	532717766	0.0	0.4	727001672	935649231
rumor	V2_0	of	11.943822860717773	0.0	532717766	0.0	0.4	727001672	935649231
indication	V2_0	of	11.558645248413086	0.0	532717766	0.0	0.4	727001672	935649231
concern	V2_0	of	13.377250671386719	0.006944444444444444	532717766	0.0	0.4	727001672	935649231
observation	V2_0	of	12.899177551269531	0.04513888888888889	532717766	0.0	0.4	727001672	935649231
complaint	V2_0	of	14.090505599975586	0.010416666666666666	532717766	0.0	0.4	727001672	935649231
claim	V2_0	of	12.914191246032715	0.006944444444444444	532717766	0.0	0.4	727001672	935649231
accusation	V2_0	of	12.577003479003906	0.003472222222222222	532717766	0.0	0.4	727001672	935649231
computer	V2_0	of	14.161094665527344	0.0	532717766	0.0	0.4	727001672	935649231
understanding	V2_0	of	13.32016658782959	0.006944444444444444	532717766	0.0	0.4	727001672	935649231
thought	V2_0	of	11.059810638427734	0.04861111111111111	532717766	0.0	0.4	727001672	935649231
arrest	V2_0	of	13.420149803161621	0.0	532717766	0.0	0.4	727001672	935649231
statement	V2_0	of	12.775779724121094	0.0	532717766	0.0	0.4	727001672	935649231
admission	V2_0	of	14.129776000976562	0.0	532717766	0.0	0.4	727001672	935649231
photo	V2_0	of	11.012550354003906	0.003472222222222222	532717766	0.0	0.4	727001672	935649231
finding	V2_0	of	11.887022018432617	0.020833333333333332	532717766	0.0	0.4	727001672	935649231
perception	V2_0	of	13.714506149291992	0.04861111111111111	532717766	0.0	0.4	727001672	935649231
realization	V2_0	of	12.610183715820312	0.024305555555555556	532717766	0.0	0.4	727001672	935649231
presumption	V2_0	of	13.909025192260742	0.0	532717766	0.0	0.4	727001672	935649231
assumption	V2_0	of	13.136316299438477	0.04513888888888889	532717766	0.0	0.4	727001672	935649231
idea	V2_0	of	12.512252807617188	0.006944444444444444	532717766	0.0	0.4	727001672	935649231
allegation	V2_0	of	12.565258026123047	0.0	532717766	0.0	0.4	727001672	935649231
information	V2_0	of	12.554186820983887	0.003472222222222222	532717766	0.0	0.4	727001672	935649231
assurance	V2_0	of	13.69721794128418	0.010416666666666666	532717766	0.0	0.4	727001672	935649231
message	V2_0	of	13.636981010437012	0.013888888888888888	532717766	0.0	0.4	727001672	935649231
declaration	V2_0	of	13.065284729003906	0.0	532717766	0.0	0.4	727001672	935649231
intuition	V2_0	of	13.390291213989258	0.0	532717766	0.0	0.4	727001672	935649231
impression	V2_0	of	12.658262252807617	0.3159722222222222	532717766	0.0	0.4	727001672	935649231
contention	V2_0	of	12.60639762878418	0.04513888888888889	532717766	0.0	0.4	727001672	935649231
announcement	V2_0	of	13.739538192749023	0.020833333333333332	532717766	0.0	0.4	727001672	935649231
departure	V2_0	of	14.325105667114258	0.0	532717766	0.0	0.4	727001672	935649231
suspicion	V2_0	of	12.976348876953125	0.041666666666666664	532717766	0.0	0.4	727001672	935649231
prediction	V2_0	of	12.838417053222656	0.024305555555555556	532717766	0.0	0.4	727001672	935649231
notion	V2_0	of	12.20399284362793	0.003472222222222222	532717766	0.0	0.4	727001672	935649231
fact	V2_0	of	13.188270568847656	0.1111111111111111	532717766	0.0	0.4	727001672	935649231
assertion	V2_0	of	12.55176830291748	0.013888888888888888	532717766	0.0	0.4	727001672	935649231
conclusion	V2_0	of	12.114860534667969	0.0798611111111111	532717766	0.0	0.4	727001672	935649231
dismissal	V2_0	of	15.13947868347168	0.0	532717766	0.0	0.4	727001672	935649231
arrival	V2_0	of	11.444812774658203	0.0	532717766	0.0	0.4	727001672	935649231
news	V2_0	of	12.991449356079102	0.0	532717766	0.0	0.4	727001672	935649231
guess	V2_0	of	10.799067497253418	0.0	532717766	0.0	0.4	727001672	935649231
job	V2_0	of	15.990999221801758	0.0	532717766	0.0	0.4	727001672	935649231
murder	V2_0	of	13.060361862182617	0.0	532717766	0.0	0.4	727001672	935649231
proof	V2_0	of	13.552699089050293	0.006944444444444444	532717766	0.0	0.4	727001672	935649231
interview	V2_0	of	13.508871078491211	0.010416666666666666	532717766	0.0	0.4	727001672	935649231
reminder	V2_0	of	11.571798324584961	0.003472222222222222	532717766	0.0	0.4	727001672	935649231
house	V2_0	of	14.449782371520996	0.0	532717766	0.0	0.4	727001672	935649231
report	V2_0	of	14.200495719909668	0.003472222222222222	532717766	0.0	0.4	727001672	935649231
suggestion	V2_0	of	11.498827934265137	0.05555555555555555	532717766	0.0	0.4	727001672	935649231
story	V2_0	of	13.580793380737305	0.0	532717766	0.0	0.4	727001672	935649231
truth	V2_0	of	13.297492027282715	0.0	532717766	0.0	0.4	727001672	935649231
evidence	V2_0	of	12.649096488952637	0.04513888888888889	532717766	0.0	0.4	727001672	935649231
conjecture	V2_0	of	12.798276901245117	0.003472222222222222	532717766	0.0	0.4	727001672	935649231
book	V2_0	of	13.69096565246582	0.003472222222222222	532717766	0.0	0.4	727001672	935649231
assessment	V2_0	of	13.476821899414062	0.0	532717766	0.0	0.4	727001672	935649231
proof	V2_0	of	13.401372909545898	0.013888888888888888	79549350	0.0	0.2	709961927	27553360
murder	V2_0	of	12.774259567260742	0.0	79549350	0.0	0.2	709961927	27553360
interview	V2_0	of	12.984759330749512	0.0	79549350	0.0	0.2	709961927	27553360
evidence	V2_0	of	11.308326721191406	0.006944444444444444	79549350	0.0	0.2	709961927	27553360
finding	V2_0	of	11.476064682006836	0.03125	79549350	0.0	0.2	709961927	27553360
fact	V2_0	of	11.30652904510498	0.1597222222222222	79549350	0.0	0.2	709961927	27553360
prediction	V2_0	of	13.590410232543945	0.017361111111111112	79549350	0.0	0.2	709961927	27553360
certainty	V2_0	of	11.68189525604248	0.06597222222222222	79549350	0.0	0.2	709961927	27553360
assessment	V2_0	of	13.370920181274414	0.0	79549350	0.0	0.2	709961927	27553360
presumption	V2_0	of	12.949949264526367	0.03125	79549350	0.0	0.2	709961927	27553360
conviction	V2_0	of	13.191302299499512	0.003472222222222222	79549350	0.0	0.2	709961927	27553360
declaration	V2_0	of	12.425739288330078	0.0	79549350	0.0	0.2	709961927	27553360
house	V2_0	of	10.88145637512207	0.0	79549350	0.0	0.2	709961927	27553360
view	V2_0	of	12.122196197509766	0.0	79549350	0.0	0.2	709961927	27553360
perception	V2_0	of	12.322218894958496	0.041666666666666664	79549350	0.0	0.2	709961927	27553360
indication	V2_0	of	12.755084991455078	0.04513888888888889	79549350	0.0	0.2	709961927	27553360
assurance	V2_0	of	13.273104667663574	0.0	79549350	0.0	0.2	709961927	27553360
dismissal	V2_0	of	13.330450057983398	0.0	79549350	0.0	0.2	709961927	27553360
remark	V2_0	of	12.333415985107422	0.05555555555555555	79549350	0.0	0.2	709961927	27553360
announcement	V2_0	of	12.502408981323242	0.0625	79549350	0.0	0.2	709961927	27553360
impression	V2_0	of	11.853019714355469	0.0	79549350	0.0	0.2	709961927	27553360
claim	V2_0	of	12.353438377380371	0.003472222222222222	79549350	0.0	0.2	709961927	27553360
video	V2_0	of	11.636045455932617	0.0	79549350	0.0	0.2	709961927	27553360
allegation	V2_0	of	12.285675048828125	0.0	79549350	0.0	0.2	709961927	27553360
statement	V2_0	of	12.138334274291992	0.013888888888888888	79549350	0.0	0.2	709961927	27553360
notion	V2_0	of	12.215375900268555	0.020833333333333332	79549350	0.0	0.2	709961927	27553360
computer	V2_0	of	11.733575820922852	0.003472222222222222	79549350	0.0	0.2	709961927	27553360
confirmation	V2_0	of	12.585822105407715	0.003472222222222222	79549350	0.0	0.2	709961927	27553360
arrest	V2_0	of	12.534564018249512	0.0	79549350	0.0	0.2	709961927	27553360
story	V2_0	of	11.256460189819336	0.003472222222222222	79549350	0.0	0.2	709961927	27553360
rumor	V2_0	of	11.245845794677734	0.0	79549350	0.0	0.2	709961927	27553360
departure	V2_0	of	14.216300964355469	0.0	79549350	0.0	0.2	709961927	27553360
realization	V2_0	of	12.501541137695312	0.013888888888888888	79549350	0.0	0.2	709961927	27553360
suspicion	V2_0	of	12.71973991394043	0.010416666666666666	79549350	0.0	0.2	709961927	27553360
arrival	V2_0	of	12.73983383178711	0.0	79549350	0.0	0.2	709961927	27553360
accusation	V2_0	of	12.588210105895996	0.034722222222222224	79549350	0.0	0.2	709961927	27553360
belief	V2_0	of	11.658668518066406	0.0	79549350	0.0	0.2	709961927	27553360
intuition	V2_0	of	13.015460968017578	0.0	79549350	0.0	0.2	709961927	27553360
contention	V2_0	of	12.894441604614258	0.07291666666666667	79549350	0.0	0.2	709961927	27553360
news	V2_0	of	10.40939712524414	0.020833333333333332	79549350	0.0	0.2	709961927	27553360
myth	V2_0	of	12.481818199157715	0.006944444444444444	79549350	0.0	0.2	709961927	27553360
complaint	V2_0	of	11.785581588745117	0.0	79549350	0.0	0.2	709961927	27553360
observation	V2_0	of	11.210212707519531	0.06944444444444445	79549350	0.0	0.2	709961927	27553360
suggestion	V2_0	of	12.408342361450195	0.04513888888888889	79549350	0.0	0.2	709961927	27553360
message	V2_0	of	11.42417049407959	0.013888888888888888	79549350	0.0	0.2	709961927	27553360
guess	V2_0	of	12.318132400512695	0.0	79549350	0.0	0.2	709961927	27553360
reminder	V2_0	of	11.78686809539795	0.0	79549350	0.0	0.2	709961927	27553360
opinion	V2_0	of	12.985321044921875	0.006944444444444444	79549350	0.0	0.2	709961927	27553360
recognition	V2_0	of	13.583518981933594	0.006944444444444444	79549350	0.0	0.2	709961927	27553360
sense	V2_0	of	12.95954704284668	0.010416666666666666	79549350	0.0	0.2	709961927	27553360
conjecture	V2_0	of	13.347005844116211	0.006944444444444444	79549350	0.0	0.2	709961927	27553360
information	V2_0	of	11.901723861694336	0.0	79549350	0.0	0.2	709961927	27553360
truth	V2_0	of	12.662490844726562	0.006944444444444444	79549350	0.0	0.2	709961927	27553360
assumption	V2_0	of	13.082563400268555	0.04861111111111111	79549350	0.0	0.2	709961927	27553360
thought	V2_0	of	14.090502738952637	0.0	79549350	0.0	0.2	709961927	27553360
report	V2_0	of	11.298210144042969	0.0	79549350	0.0	0.2	709961927	27553360
understanding	V2_0	of	13.966777801513672	0.010416666666666666	79549350	0.0	0.2	709961927	27553360
job	V2_0	of	13.996438980102539	0.0	79549350	0.0	0.2	709961927	27553360
insinuation	V2_0	of	12.899157524108887	0.0	79549350	0.0	0.2	709961927	27553360
feeling	V2_0	of	12.76909065246582	0.0	79549350	0.0	0.2	709961927	27553360
conclusion	V2_0	of	12.898046493530273	0.0	79549350	0.0	0.2	709961927	27553360
admission	V2_0	of	15.526222229003906	0.006944444444444444	79549350	0.0	0.2	709961927	27553360
disclosure	V2_0	of	14.131574630737305	0.0	79549350	0.0	0.2	709961927	27553360
idea	V2_0	of	11.76764965057373	0.017361111111111112	79549350	0.0	0.2	709961927	27553360
speculation	V2_0	of	12.11318588256836	0.027777777777777776	79549350	0.0	0.2	709961927	27553360
photo	V2_0	of	11.387228012084961	0.0	79549350	0.0	0.2	709961927	27553360
revelation	V2_0	of	11.812567710876465	0.03125	79549350	0.0	0.2	709961927	27553360
concern	V2_0	of	12.813815116882324	0.0	79549350	0.0	0.2	709961927	27553360
assertion	V2_0	of	11.673537254333496	0.06597222222222222	79549350	0.0	0.2	709961927	27553360
book	V2_0	of	12.814596176147461	0.0	79549350	0.0	0.2	709961927	27553360
dismissal	V2_0	of	13.396934509277344	0.0	420524375	0.0	0.6	647336050	935649231
reminder	V2_0	of	14.0294828414917	0.034722222222222224	420524375	0.0	0.6	647336050	935649231
declaration	V2_0	of	15.077902793884277	0.003472222222222222	420524375	0.0	0.6	647336050	935649231
departure	V2_0	of	15.144183158874512	0.0	420524375	0.0	0.6	647336050	935649231
speculation	V2_0	of	13.790512084960938	0.19444444444444445	420524375	0.0	0.6	647336050	935649231
recognition	V2_0	of	15.408432006835938	0.027777777777777776	420524375	0.0	0.6	647336050	935649231
notion	V2_0	of	12.960665702819824	0.010416666666666666	420524375	0.0	0.6	647336050	935649231
impression	V2_0	of	13.625652313232422	0.052083333333333336	420524375	0.0	0.6	647336050	935649231
admission	V2_0	of	14.242057800292969	0.003472222222222222	420524375	0.0	0.6	647336050	935649231
prediction	V2_0	of	13.412954330444336	0.010416666666666666	420524375	0.0	0.6	647336050	935649231
thought	V2_0	of	14.05838394165039	0.0	420524375	0.0	0.6	647336050	935649231
idea	V2_0	of	13.453192710876465	0.052083333333333336	420524375	0.0	0.6	647336050	935649231
suggestion	V2_0	of	13.115069389343262	0.14583333333333334	420524375	0.0	0.6	647336050	935649231
assurance	V2_0	of	14.052973747253418	0.11805555555555555	420524375	0.0	0.6	647336050	935649231
arrival	V2_0	of	13.914131164550781	0.0	420524375	0.0	0.6	647336050	935649231
belief	V2_0	of	13.414655685424805	0.2361111111111111	420524375	0.0	0.6	647336050	935649231
fact	V2_0	of	11.674633026123047	0.5243055555555556	420524375	0.0	0.6	647336050	935649231
opinion	V2_0	of	13.214202880859375	0.03819444444444445	420524375	0.0	0.6	647336050	935649231
presumption	V2_0	of	13.037985801696777	0.1840277777777778	420524375	0.0	0.6	647336050	935649231
feeling	V2_0	of	14.42341136932373	0.1111111111111111	420524375	0.0	0.6	647336050	935649231
assessment	V2_0	of	14.662753105163574	0.03125	420524375	0.0	0.6	647336050	935649231
interview	V2_0	of	15.18995189666748	0.027777777777777776	420524375	0.0	0.6	647336050	935649231
perception	V2_0	of	14.674507141113281	0.09375	420524375	0.0	0.6	647336050	935649231
job	V2_0	of	15.468935012817383	0.003472222222222222	420524375	0.0	0.6	647336050	935649231
statement	V2_0	of	13.099715232849121	0.09375	420524375	0.0	0.6	647336050	935649231
contention	V2_0	of	14.605457305908203	0.2534722222222222	420524375	0.0	0.6	647336050	935649231
conjecture	V2_0	of	12.198080062866211	0.13541666666666666	420524375	0.0	0.6	647336050	935649231
report	V2_0	of	14.507164001464844	0.020833333333333332	420524375	0.0	0.6	647336050	935649231
rumor	V2_0	of	13.5655517578125	0.0798611111111111	420524375	0.0	0.6	647336050	935649231
video	V2_0	of	14.280719757080078	0.020833333333333332	420524375	0.0	0.6	647336050	935649231
arrest	V2_0	of	13.28244400024414	0.006944444444444444	420524375	0.0	0.6	647336050	935649231
news	V2_0	of	13.920896530151367	0.013888888888888888	420524375	0.0	0.6	647336050	935649231
view	V2_0	of	13.8827543258667	0.003472222222222222	420524375	0.0	0.6	647336050	935649231
house	V2_0	of	14.503074645996094	0.0	420524375	0.0	0.6	647336050	935649231
accusation	V2_0	of	13.410303115844727	0.04513888888888889	420524375	0.0	0.6	647336050	935649231
murder	V2_0	of	12.720362663269043	0.0	420524375	0.0	0.6	647336050	935649231
suspicion	V2_0	of	13.57471752166748	0.034722222222222224	420524375	0.0	0.6	647336050	935649231
assumption	V2_0	of	13.586395263671875	0.3611111111111111	420524375	0.0	0.6	647336050	935649231
computer	V2_0	of	13.920466423034668	0.010416666666666666	420524375	0.0	0.6	647336050	935649231
truth	V2_0	of	13.848448753356934	0.010416666666666666	420524375	0.0	0.6	647336050	935649231
proof	V2_0	of	12.86138916015625	0.020833333333333332	420524375	0.0	0.6	647336050	935649231
understanding	V2_0	of	13.906383514404297	0.003472222222222222	420524375	0.0	0.6	647336050	935649231
remark	V2_0	of	13.788607597351074	0.017361111111111112	420524375	0.0	0.6	647336050	935649231
story	V2_0	of	13.816076278686523	0.003472222222222222	420524375	0.0	0.6	647336050	935649231
guess	V2_0	of	13.847312927246094	0.027777777777777776	420524375	0.0	0.6	647336050	935649231
information	V2_0	of	13.830238342285156	0.020833333333333332	420524375	0.0	0.6	647336050	935649231
realization	V2_0	of	12.053176879882812	0.020833333333333332	420524375	0.0	0.6	647336050	935649231
message	V2_0	of	14.295710563659668	0.006944444444444444	420524375	0.0	0.6	647336050	935649231
claim	V2_0	of	13.622514724731445	0.0798611111111111	420524375	0.0	0.6	647336050	935649231
myth	V2_0	of	14.302416801452637	0.06944444444444445	420524375	0.0	0.6	647336050	935649231
conclusion	V2_0	of	14.142413139343262	0.03125	420524375	0.0	0.6	647336050	935649231
observation	V2_0	of	12.580492973327637	0.017361111111111112	420524375	0.0	0.6	647336050	935649231
evidence	V2_0	of	11.620478630065918	0.06597222222222222	420524375	0.0	0.6	647336050	935649231
photo	V2_0	of	12.245265007019043	0.024305555555555556	420524375	0.0	0.6	647336050	935649231
certainty	V2_0	of	14.286911010742188	0.041666666666666664	420524375	0.0	0.6	647336050	935649231
assertion	V2_0	of	12.614608764648438	0.034722222222222224	420524375	0.0	0.6	647336050	935649231
conviction	V2_0	of	14.223152160644531	0.06944444444444445	420524375	0.0	0.6	647336050	935649231
insinuation	V2_0	of	14.571678161621094	0.0	420524375	0.0	0.6	647336050	935649231
sense	V2_0	of	14.452985763549805	0.027777777777777776	420524375	0.0	0.6	647336050	935649231
disclosure	V2_0	of	13.484045028686523	0.003472222222222222	420524375	0.0	0.6	647336050	935649231
announcement	V2_0	of	14.292003631591797	0.013888888888888888	420524375	0.0	0.6	647336050	935649231
book	V2_0	of	13.159700393676758	0.024305555555555556	420524375	0.0	0.6	647336050	935649231
complaint	V2_0	of	14.036972045898438	0.020833333333333332	420524375	0.0	0.6	647336050	935649231
indication	V2_0	of	13.998359680175781	0.027777777777777776	420524375	0.0	0.6	647336050	935649231
finding	V2_0	of	11.059036254882812	0.041666666666666664	420524375	0.0	0.6	647336050	935649231
allegation	V2_0	of	12.405357360839844	0.08680555555555555	420524375	0.0	0.6	647336050	935649231
concern	V2_0	of	14.508563041687012	0.0763888888888889	420524375	0.0	0.6	647336050	935649231
intuition	V2_0	of	13.954344749450684	0.027777777777777776	420524375	0.0	0.6	647336050	935649231
revelation	V2_0	of	13.911044120788574	0.09722222222222222	420524375	0.0	0.6	647336050	935649231
confirmation	V2_0	of	14.699567794799805	0.017361111111111112	420524375	0.0	0.6	647336050	935649231
idea	V2_0	of	16.478466033935547	0.0	175802439	0.0	0.7	516252642	935649231
guess	V2_0	of	16.20977020263672	0.0	175802439	0.0	0.7	516252642	935649231
announcement	V2_0	of	16.940101623535156	0.0	175802439	0.0	0.7	516252642	935649231
indication	V2_0	of	16.811307907104492	0.0	175802439	0.0	0.7	516252642	935649231
arrival	V2_0	of	16.013357162475586	0.0	175802439	0.0	0.7	516252642	935649231
report	V2_0	of	16.039649963378906	0.0	175802439	0.0	0.7	516252642	935649231
perception	V2_0	of	16.3178768157959	0.0	175802439	0.0	0.7	516252642	935649231
allegation	V2_0	of	16.459794998168945	0.0	175802439	0.0	0.7	516252642	935649231
presumption	V2_0	of	16.627479553222656	0.0	175802439	0.0	0.7	516252642	935649231
evidence	V2_0	of	16.27136993408203	0.0	175802439	0.0	0.7	516252642	935649231
certainty	V2_0	of	15.67341136932373	0.0	175802439	0.0	0.7	516252642	935649231
video	V2_0	of	15.641563415527344	0.0	175802439	0.0	0.7	516252642	935649231
suspicion	V2_0	of	16.62019157409668	0.0	175802439	0.0	0.7	516252642	935649231
job	V2_0	of	17.091176986694336	0.0	175802439	0.0	0.7	516252642	935649231
opinion	V2_0	of	15.775928497314453	0.0	175802439	0.0	0.7	516252642	935649231
feeling	V2_0	of	16.06145668029785	0.0	175802439	0.0	0.7	516252642	935649231
departure	V2_0	of	16.328418731689453	0.0	175802439	0.0	0.7	516252642	935649231
dismissal	V2_0	of	15.993223190307617	0.0	175802439	0.0	0.7	516252642	935649231
disclosure	V2_0	of	16.808162689208984	0.0	175802439	0.0	0.7	516252642	935649231
message	V2_0	of	16.385034561157227	0.0	175802439	0.0	0.7	516252642	935649231
myth	V2_0	of	17.376455307006836	0.0	175802439	0.0	0.7	516252642	935649231
confirmation	V2_0	of	15.820241928100586	0.010416666666666666	175802439	0.0	0.7	516252642	935649231
finding	V2_0	of	15.239901542663574	0.0	175802439	0.0	0.7	516252642	935649231
interview	V2_0	of	16.3819580078125	0.0	175802439	0.0	0.7	516252642	935649231
concern	V2_0	of	16.382596969604492	0.0	175802439	0.0	0.7	516252642	935649231
computer	V2_0	of	17.22157859802246	0.0	175802439	0.0	0.7	516252642	935649231
claim	V2_0	of	16.202621459960938	0.0	175802439	0.0	0.7	516252642	935649231
conviction	V2_0	of	16.352127075195312	0.0	175802439	0.0	0.7	516252642	935649231
book	V2_0	of	17.0511474609375	0.0	175802439	0.0	0.7	516252642	935649231
observation	V2_0	of	16.952482223510742	0.0	175802439	0.0	0.7	516252642	935649231
conjecture	V2_0	of	16.540929794311523	0.0	175802439	0.0	0.7	516252642	935649231
assessment	V2_0	of	17.44333839416504	0.0	175802439	0.0	0.7	516252642	935649231
impression	V2_0	of	16.40118408203125	0.0	175802439	0.0	0.7	516252642	935649231
prediction	V2_0	of	17.10625648498535	0.0	175802439	0.0	0.7	516252642	935649231
assurance	V2_0	of	17.455827713012695	0.0	175802439	0.0	0.7	516252642	935649231
insinuation	V2_0	of	16.145511627197266	0.0	175802439	0.0	0.7	516252642	935649231
statement	V2_0	of	16.375303268432617	0.0	175802439	0.0	0.7	516252642	935649231
proof	V2_0	of	17.006328582763672	0.0	175802439	0.0	0.7	516252642	935649231
suggestion	V2_0	of	17.284156799316406	0.0	175802439	0.0	0.7	516252642	935649231
arrest	V2_0	of	16.762813568115234	0.0	175802439	0.0	0.7	516252642	935649231
revelation	V2_0	of	16.425636291503906	0.0	175802439	0.0	0.7	516252642	935649231
fact	V2_0	of	16.56946563720703	0.003472222222222222	175802439	0.0	0.7	516252642	935649231
recognition	V2_0	of	16.25438117980957	0.0	175802439	0.0	0.7	516252642	935649231
understanding	V2_0	of	15.79658317565918	0.0	175802439	0.0	0.7	516252642	935649231
realization	V2_0	of	16.851032257080078	0.0	175802439	0.0	0.7	516252642	935649231
assertion	V2_0	of	15.816459655761719	0.0	175802439	0.0	0.7	516252642	935649231
speculation	V2_0	of	16.97728729248047	0.0	175802439	0.0	0.7	516252642	935649231
notion	V2_0	of	17.04279899597168	0.0	175802439	0.0	0.7	516252642	935649231
news	V2_0	of	16.730554580688477	0.0	175802439	0.0	0.7	516252642	935649231
accusation	V2_0	of	16.65198516845703	0.0	175802439	0.0	0.7	516252642	935649231
belief	V2_0	of	17.346084594726562	0.0	175802439	0.0	0.7	516252642	935649231
declaration	V2_0	of	15.083765983581543	0.0	175802439	0.0	0.7	516252642	935649231
intuition	V2_0	of	16.51289939880371	0.0	175802439	0.0	0.7	516252642	935649231
complaint	V2_0	of	17.934926986694336	0.0	175802439	0.0	0.7	516252642	935649231
photo	V2_0	of	17.591501235961914	0.0	175802439	0.0	0.7	516252642	935649231
assumption	V2_0	of	16.641773223876953	0.0	175802439	0.0	0.7	516252642	935649231
view	V2_0	of	17.325870513916016	0.0	175802439	0.0	0.7	516252642	935649231
house	V2_0	of	16.56649398803711	0.0	175802439	0.0	0.7	516252642	935649231
thought	V2_0	of	16.45059585571289	0.0	175802439	0.0	0.7	516252642	935649231
reminder	V2_0	of	16.380226135253906	0.0	175802439	0.0	0.7	516252642	935649231
remark	V2_0	of	16.55219078063965	0.0	175802439	0.0	0.7	516252642	935649231
story	V2_0	of	16.976694107055664	0.0	175802439	0.0	0.7	516252642	935649231
murder	V2_0	of	16.163244247436523	0.0	175802439	0.0	0.7	516252642	935649231
sense	V2_0	of	17.647380828857422	0.0	175802439	0.0	0.7	516252642	935649231
contention	V2_0	of	16.380407333374023	0.0	175802439	0.0	0.7	516252642	935649231
admission	V2_0	of	16.017051696777344	0.0	175802439	0.0	0.7	516252642	935649231
rumor	V2_0	of	16.27854347229004	0.0	175802439	0.0	0.7	516252642	935649231
information	V2_0	of	15.150890350341797	0.0	175802439	0.0	0.7	516252642	935649231
truth	V2_0	of	16.906333923339844	0.0	175802439	0.0	0.7	516252642	935649231
conclusion	V2_0	of	16.46185302734375	0.0	175802439	0.0	0.7	516252642	935649231
