Noun	Region	Condition	Surprisal	SurprisalReweighted	ThatFraction	ThatFractionReweighted	Script	ID	predictability_weight	deletion_rate	autoencoder	lm
certainty	V1_0	SC_compatible	7.745334941148758	6.9850550353527066	0.9509548611240461	0.9513638926669955	script__VN2Stims_3_W_GPT2M_OnlyLoc	906073156	0.5	0.5	647336050	935649231
certainty	V1_0	NoSC_incompatible	7.647093772888184	7.647094345092773	NA	NA	script__VN2Stims_3_W_GPT2M_OnlyLoc	906073156	0.5	0.5	647336050	935649231
certainty	V1_0	SC_incompatible	7.662246495485306	7.000291448831558	0.9004340277984738	0.9018163384869695	script__VN2Stims_3_W_GPT2M_OnlyLoc	906073156	0.5	0.5	647336050	935649231
certainty	V1_0	SCRC_compatible	9.495240688323975	9.251353800296783	0.21102430643513798	0.32063201947603376	script__VN2Stims_3_W_GPT2M_OnlyLoc	906073156	0.5	0.5	647336050	935649231
certainty	V1_0	SCRC_incompatible	9.08253891468048	8.615151238441467	0.16414930687751622	0.3046216777525842	script__VN2Stims_3_W_GPT2M_OnlyLoc	906073156	0.5	0.5	647336050	935649231
suspicion	V1_0	SC_compatible	7.3418062150478365	6.724213355779648	1.0	0.9999999701976776	script__VN2Stims_3_W_GPT2M_OnlyLoc	906073156	0.5	0.5	647336050	935649231
suspicion	V1_0	NoSC_incompatible	6.199347686767578	6.199348258972168	NA	NA	script__VN2Stims_3_W_GPT2M_OnlyLoc	906073156	0.5	0.5	647336050	935649231
suspicion	V1_0	SC_incompatible	7.747256249189377	7.120536768436432	0.9257812500116416	0.9267593279142602	script__VN2Stims_3_W_GPT2M_OnlyLoc	906073156	0.5	0.5	647336050	935649231
suspicion	V1_0	SCRC_compatible	9.361013197898865	9.148389267921448	0.2352430566214025	0.2500245027509663	script__VN2Stims_3_W_GPT2M_OnlyLoc	906073156	0.5	0.5	647336050	935649231
suspicion	V1_0	SCRC_incompatible	9.226575171947479	8.493853557109833	0.13211805656319484	0.23260096940211952	script__VN2Stims_3_W_GPT2M_OnlyLoc	906073156	0.5	0.5	647336050	935649231
complaint	V1_0	SC_compatible	7.515835380554199	6.8156650304794315	0.9258680555620231	0.9280673798013254	script__VN2Stims_3_W_GPT2M_OnlyLoc	906073156	0.5	0.5	647336050	935649231
complaint	V1_0	NoSC_incompatible	6.6385066390037535	6.612795579433441	NA	NA	script__VN2Stims_3_W_GPT2M_OnlyLoc	906073156	0.5	0.5	647336050	935649231
complaint	V1_0	SC_incompatible	7.526287770271301	6.906167936325073	1.0	1.0000000581145287	script__VN2Stims_3_W_GPT2M_OnlyLoc	906073156	0.5	0.5	647336050	935649231
complaint	V1_0	SCRC_compatible	9.975502860546111	9.308492302894592	0.0844618060044013	0.10040000507488003	script__VN2Stims_3_W_GPT2M_OnlyLoc	906073156	0.5	0.5	647336050	935649231
complaint	V1_0	SCRC_incompatible	9.61338564157486	8.867464196681976	0.13246527821756898	0.13512370761745843	script__VN2Stims_3_W_GPT2M_OnlyLoc	906073156	0.5	0.5	647336050	935649231
conclusion	V1_0	SC_compatible	7.73181414604187	7.022909384965897	0.95069444446126	0.9501370092343222	script__VN2Stims_3_W_GPT2M_OnlyLoc	906073156	0.5	0.5	647336050	935649231
conclusion	V1_0	NoSC_incompatible	7.1200460433959964	7.1200460433959964	NA	NA	script__VN2Stims_3_W_GPT2M_OnlyLoc	906073156	0.5	0.5	647336050	935649231
conclusion	V1_0	SC_incompatible	8.0193703353405	7.370262223482132	0.9259548611298669	0.9306600655778311	script__VN2Stims_3_W_GPT2M_OnlyLoc	906073156	0.5	0.5	647336050	935649231
conclusion	V1_0	SCRC_compatible	9.672248804569245	9.089697551727294	0.2489583353046328	0.2859139322812553	script__VN2Stims_3_W_GPT2M_OnlyLoc	906073156	0.5	0.5	647336050	935649231
conclusion	V1_0	SCRC_incompatible	9.122506868839263	8.029388028383256	0.313454860332422	0.3867703509284183	script__VN2Stims_3_W_GPT2M_OnlyLoc	906073156	0.5	0.5	647336050	935649231
presumption	V1_0	SC_compatible	7.809276676177978	7.103138750791549	0.9019097222480923	0.9062309821310919	script__VN2Stims_3_W_GPT2M_OnlyLoc	906073156	0.5	0.5	647336050	935649231
presumption	V1_0	NoSC_incompatible	8.321054077148437	8.321054077148437	NA	NA	script__VN2Stims_3_W_GPT2M_OnlyLoc	906073156	0.5	0.5	647336050	935649231
presumption	V1_0	SC_incompatible	7.465272235870361	6.878377169370651	0.9751736111124046	0.9765754569321871	script__VN2Stims_3_W_GPT2M_OnlyLoc	906073156	0.5	0.5	647336050	935649231
presumption	V1_0	SCRC_compatible	9.9569722533226	9.066344356536865	0.1478298617643304	0.43969765305519104	script__VN2Stims_3_W_GPT2M_OnlyLoc	906073156	0.5	0.5	647336050	935649231
presumption	V1_0	SCRC_incompatible	9.141558504104614	8.022757232189178	0.19505208410555497	0.4546411732211709	script__VN2Stims_3_W_GPT2M_OnlyLoc	906073156	0.5	0.5	647336050	935649231
contention	V1_0	SC_compatible	7.726650995016098	7.118284296989441	0.925781250023283	0.9287516582013978	script__VN2Stims_3_W_GPT2M_OnlyLoc	906073156	0.5	0.5	647336050	935649231
contention	V1_0	NoSC_incompatible	6.969779586791992	6.969780158996582	NA	NA	script__VN2Stims_3_W_GPT2M_OnlyLoc	906073156	0.5	0.5	647336050	935649231
contention	V1_0	SC_incompatible	7.48072504401207	6.813818001747132	0.9255208333546762	0.9259883291873848	script__VN2Stims_3_W_GPT2M_OnlyLoc	906073156	0.5	0.5	647336050	935649231
contention	V1_0	SCRC_compatible	9.476420748233796	8.849349510669708	0.21475694577675314	0.2751694353646599	script__VN2Stims_3_W_GPT2M_OnlyLoc	906073156	0.5	0.5	647336050	935649231
contention	V1_0	SCRC_incompatible	9.10895985364914	8.359669572114944	0.13289930634200572	0.23499514145369177	script__VN2Stims_3_W_GPT2M_OnlyLoc	906073156	0.5	0.5	647336050	935649231
assertion	V1_0	SC_compatible	7.803633242845535	7.072194701433181	0.975607638899237	0.9752055069897324	script__VN2Stims_3_W_GPT2M_OnlyLoc	906073156	0.5	0.5	647336050	935649231
assertion	V1_0	NoSC_incompatible	7.111837863922119	7.111838436126709	NA	NA	script__VN2Stims_3_W_GPT2M_OnlyLoc	906073156	0.5	0.5	647336050	935649231
assertion	V1_0	SC_incompatible	7.76525250673294	6.932366847991943	0.9255208333372138	0.9269618710502983	script__VN2Stims_3_W_GPT2M_OnlyLoc	906073156	0.5	0.5	647336050	935649231
assertion	V1_0	SCRC_compatible	10.112701797485352	8.605657809972763	0.42881944654509424	0.4305730677209795	script__VN2Stims_3_W_GPT2M_OnlyLoc	906073156	0.5	0.5	647336050	935649231
assertion	V1_0	SCRC_incompatible	9.07612223625183	7.456368213891983	0.43211805894970895	0.44971165657043455	script__VN2Stims_3_W_GPT2M_OnlyLoc	906073156	0.5	0.5	647336050	935649231
recognition	V1_0	SC_compatible	7.398676174879074	6.6401228368282315	1.0	0.9999999776482582	script__VN2Stims_3_W_GPT2M_OnlyLoc	906073156	0.5	0.5	647336050	935649231
recognition	V1_0	NoSC_incompatible	8.026429080963135	8.026429080963135	NA	NA	script__VN2Stims_3_W_GPT2M_OnlyLoc	906073156	0.5	0.5	647336050	935649231
recognition	V1_0	SC_incompatible	7.6748652219772335	6.960222166776657	1.0	1.0000000178813935	script__VN2Stims_3_W_GPT2M_OnlyLoc	906073156	0.5	0.5	647336050	935649231
recognition	V1_0	SCRC_compatible	9.286407792568207	8.698237478733063	0.0789930555911269	0.09289030685758917	script__VN2Stims_3_W_GPT2M_OnlyLoc	906073156	0.5	0.5	647336050	935649231
recognition	V1_0	SCRC_incompatible	9.395182967185974	8.881788396835328	0.15243055557948537	0.16457800435611514	script__VN2Stims_3_W_GPT2M_OnlyLoc	906073156	0.5	0.5	647336050	935649231
guess	V1_0	SC_compatible	7.763162738084793	7.109970277547836	0.9253472222248093	0.9269171469146386	script__VN2Stims_3_W_GPT2M_OnlyLoc	906073156	0.5	0.5	647336050	935649231
guess	V1_0	NoSC_incompatible	6.3739519119262695	6.373951959609985	NA	NA	script__VN2Stims_3_W_GPT2M_OnlyLoc	906073156	0.5	0.5	647336050	935649231
guess	V1_0	SC_incompatible	7.5246507823467255	6.866908854246139	0.9504340277810115	0.9501146633789176	script__VN2Stims_3_W_GPT2M_OnlyLoc	906073156	0.5	0.5	647336050	935649231
guess	V1_0	SCRC_compatible	9.208236461877823	8.60385634303093	0.3452256986463908	0.41471964979718906	script__VN2Stims_3_W_GPT2M_OnlyLoc	906073156	0.5	0.5	647336050	935649231
guess	V1_0	SCRC_incompatible	8.942047786712646	8.290444791316986	0.34487847483251244	0.38947693426162006	script__VN2Stims_3_W_GPT2M_OnlyLoc	906073156	0.5	0.5	647336050	935649231
rumor	V1_0	SC_compatible	7.561903262138367	6.845695877075196	1.0	1.0000000447034836	script__VN2Stims_3_W_GPT2M_OnlyLoc	906073156	0.5	0.5	647336050	935649231
rumor	V1_0	NoSC_incompatible	7.072499942779541	7.072499942779541	NA	NA	script__VN2Stims_3_W_GPT2M_OnlyLoc	906073156	0.5	0.5	647336050	935649231
rumor	V1_0	SC_incompatible	7.7235399842262265	7.038667291402817	0.9752604166744276	0.975624264869839	script__VN2Stims_3_W_GPT2M_OnlyLoc	906073156	0.5	0.5	647336050	935649231
rumor	V1_0	SCRC_compatible	9.778040492534638	8.646089965105057	0.27326389017980546	0.38460123566910626	script__VN2Stims_3_W_GPT2M_OnlyLoc	906073156	0.5	0.5	647336050	935649231
rumor	V1_0	SCRC_incompatible	9.180086946487426	7.9558706164360045	0.2572916690260172	0.3647267924621701	script__VN2Stims_3_W_GPT2M_OnlyLoc	906073156	0.5	0.5	647336050	935649231
allegation	V1_0	SC_compatible	7.71921716928482	7.071853709220886	0.8768229166802485	0.8799383134952222	script__VN2Stims_3_W_GPT2M_OnlyLoc	906073156	0.5	0.5	647336050	935649231
allegation	V1_0	NoSC_incompatible	6.562927627563477	6.562928247451782	NA	NA	script__VN2Stims_3_W_GPT2M_OnlyLoc	906073156	0.5	0.5	647336050	935649231
allegation	V1_0	SC_incompatible	7.6126398086547855	7.050118458271027	0.975	0.9749999299645424	script__VN2Stims_3_W_GPT2M_OnlyLoc	906073156	0.5	0.5	647336050	935649231
allegation	V1_0	SCRC_compatible	10.041719853878021	8.884054613113403	0.11493055606260896	0.22739937910810112	script__VN2Stims_3_W_GPT2M_OnlyLoc	906073156	0.5	0.5	647336050	935649231
allegation	V1_0	SCRC_incompatible	9.183125960826874	8.086855566501617	0.12282986189238727	0.20964664607163286	script__VN2Stims_3_W_GPT2M_OnlyLoc	906073156	0.5	0.5	647336050	935649231
report	V1_0	SC_compatible	7.5576173722743984	6.906037455797195	0.975	0.975000062584877	script__VN2Stims_3_W_GPT2M_OnlyLoc	906073156	0.5	0.5	647336050	935649231
report	V1_0	NoSC_incompatible	6.890635871887207	6.8906364917755125	NA	NA	script__VN2Stims_3_W_GPT2M_OnlyLoc	906073156	0.5	0.5	647336050	935649231
report	V1_0	SC_incompatible	7.712400299310684	7.071977990865707	0.9017361111124046	0.9063337416097056	script__VN2Stims_3_W_GPT2M_OnlyLoc	906073156	0.5	0.5	647336050	935649231
report	V1_0	SCRC_compatible	9.791748404502869	9.273244243860244	0.07447916700039059	0.0872451891696528	script__VN2Stims_3_W_GPT2M_OnlyLoc	906073156	0.5	0.5	647336050	935649231
report	V1_0	SCRC_incompatible	9.614646601676942	8.994014871120452	0.1519965280953329	0.18450838413432394	script__VN2Stims_3_W_GPT2M_OnlyLoc	906073156	0.5	0.5	647336050	935649231
statement	V1_0	SC_compatible	7.827707535028457	7.085832613706589	0.9017361111124046	0.901997417027087	script__VN2Stims_3_W_GPT2M_OnlyLoc	906073156	0.5	0.5	647336050	935649231
statement	V1_0	NoSC_incompatible	5.89356746673584	5.8935681819915775	NA	NA	script__VN2Stims_3_W_GPT2M_OnlyLoc	906073156	0.5	0.5	647336050	935649231
statement	V1_0	SC_incompatible	7.773802173137665	7.095385044813156	0.955208333209157	0.9546043660491705	script__VN2Stims_3_W_GPT2M_OnlyLoc	906073156	0.5	0.5	647336050	935649231
statement	V1_0	SCRC_compatible	10.030171048641204	9.328873282670974	0.1520833344082348	0.2066147671182989	script__VN2Stims_3_W_GPT2M_OnlyLoc	906073156	0.5	0.5	647336050	935649231
statement	V1_0	SCRC_incompatible	9.419777488708496	8.38783655166626	0.16137152843293734	0.18170258817481227	script__VN2Stims_3_W_GPT2M_OnlyLoc	906073156	0.5	0.5	647336050	935649231
confirmation	V1_0	SC_compatible	7.519045215845108	6.87333493232727	0.9750868055562023	0.9750336263212376	script__VN2Stims_3_W_GPT2M_OnlyLoc	906073156	0.5	0.5	647336050	935649231
confirmation	V1_0	NoSC_incompatible	8.368443202972411	8.321589505672454	NA	NA	script__VN2Stims_3_W_GPT2M_OnlyLoc	906073156	0.5	0.5	647336050	935649231
confirmation	V1_0	SC_incompatible	7.497358047962189	6.742680609226227	0.9750868055562023	0.9749999485049556	script__VN2Stims_3_W_GPT2M_OnlyLoc	906073156	0.5	0.5	647336050	935649231
confirmation	V1_0	SCRC_compatible	9.899057233333588	9.315491259098053	0.10512152824085205	0.149208940513131	script__VN2Stims_3_W_GPT2M_OnlyLoc	906073156	0.5	0.5	647336050	935649231
confirmation	V1_0	SCRC_incompatible	9.414173412322999	8.54641762971878	0.13038194478140214	0.217132613427151	script__VN2Stims_3_W_GPT2M_OnlyLoc	906073156	0.5	0.5	647336050	935649231
myth	V1_0	SC_compatible	7.682244616746902	6.980034691095352	0.9008680555853061	0.9054510995745659	script__VN2Stims_3_W_GPT2M_OnlyLoc	906073156	0.5	0.5	647336050	935649231
myth	V1_0	NoSC_incompatible	8.960277605056763	8.960278129577636	NA	NA	script__VN2Stims_3_W_GPT2M_OnlyLoc	906073156	0.5	0.5	647336050	935649231
myth	V1_0	SC_incompatible	7.996212410926819	7.340106254816055	0.9255208333372138	0.9266436716075986	script__VN2Stims_3_W_GPT2M_OnlyLoc	906073156	0.5	0.5	647336050	935649231
myth	V1_0	SCRC_compatible	10.059257125854492	9.491064500808715	0.1872395837912336	0.2181152005214244	script__VN2Stims_3_W_GPT2M_OnlyLoc	906073156	0.5	0.5	647336050	935649231
myth	V1_0	SCRC_incompatible	9.38937451839447	8.680941998958588	0.11519097276614047	0.16470914720048313	script__VN2Stims_3_W_GPT2M_OnlyLoc	906073156	0.5	0.5	647336050	935649231
feeling	V1_0	SC_compatible	7.661419343948364	7.042151856422424	0.8763020833779592	0.8796325220479048	script__VN2Stims_3_W_GPT2M_OnlyLoc	906073156	0.5	0.5	647336050	935649231
feeling	V1_0	NoSC_incompatible	7.024543190002442	7.024543762207031	NA	NA	script__VN2Stims_3_W_GPT2M_OnlyLoc	906073156	0.5	0.5	647336050	935649231
feeling	V1_0	SC_incompatible	7.56129350066185	6.941731983423233	0.9001736111124046	0.900020523594867	script__VN2Stims_3_W_GPT2M_OnlyLoc	906073156	0.5	0.5	647336050	935649231
feeling	V1_0	SCRC_compatible	9.615392255783082	9.156996774673463	0.2094618073082529	0.2954449151249719	script__VN2Stims_3_W_GPT2M_OnlyLoc	906073156	0.5	0.5	647336050	935649231
feeling	V1_0	SCRC_incompatible	9.088667142391206	8.229282653331756	0.19505208460614085	0.31382714193314315	script__VN2Stims_3_W_GPT2M_OnlyLoc	906073156	0.5	0.5	647336050	935649231
concern	V1_0	SC_compatible	7.53719248175621	6.872359448671341	1.0	1.0000000879168511	script__VN2Stims_3_W_GPT2M_OnlyLoc	906073156	0.5	0.5	647336050	935649231
concern	V1_0	NoSC_incompatible	6.744483947753906	6.744484519958496	NA	NA	script__VN2Stims_3_W_GPT2M_OnlyLoc	906073156	0.5	0.5	647336050	935649231
concern	V1_0	SC_incompatible	7.830248832702637	7.153938066959381	0.9503472222248093	0.9511406434699893	script__VN2Stims_3_W_GPT2M_OnlyLoc	906073156	0.5	0.5	647336050	935649231
concern	V1_0	SCRC_compatible	9.626441109180451	8.952365899085999	0.16571180666796864	0.12321938391105505	script__VN2Stims_3_W_GPT2M_OnlyLoc	906073156	0.5	0.5	647336050	935649231
concern	V1_0	SCRC_incompatible	9.16557002067566	8.35486991405487	0.23819444505497814	0.23841376387281343	script__VN2Stims_3_W_GPT2M_OnlyLoc	906073156	0.5	0.5	647336050	935649231
declaration	V1_0	SC_compatible	7.849377751350403	7.158445435762405	0.9006944444670808	0.9059764129502582	script__VN2Stims_3_W_GPT2M_OnlyLoc	906073156	0.5	0.5	647336050	935649231
declaration	V1_0	NoSC_incompatible	6.603413724899292	6.603414154052734	NA	NA	script__VN2Stims_3_W_GPT2M_OnlyLoc	906073156	0.5	0.5	647336050	935649231
declaration	V1_0	SC_incompatible	7.733773869276047	7.060101705789566	0.9751736111124046	0.9777140256017447	script__VN2Stims_3_W_GPT2M_OnlyLoc	906073156	0.5	0.5	647336050	935649231
declaration	V1_0	SCRC_compatible	10.105021381378174	9.777810001373291	0.07699652831070125	0.11096635916413788	script__VN2Stims_3_W_GPT2M_OnlyLoc	906073156	0.5	0.5	647336050	935649231
declaration	V1_0	SCRC_incompatible	9.557558667659759	8.823060822486877	0.07725694483378902	0.10348897370471492	script__VN2Stims_3_W_GPT2M_OnlyLoc	906073156	0.5	0.5	647336050	935649231
speculation	V1_0	SC_compatible	7.806130307912826	6.974929916858673	0.9025173611240461	0.9029973324504681	script__VN2Stims_3_W_GPT2M_OnlyLoc	906073156	0.5	0.5	647336050	935649231
speculation	V1_0	NoSC_incompatible	6.829455757141114	6.829456329345703	NA	NA	script__VN2Stims_3_W_GPT2M_OnlyLoc	906073156	0.5	0.5	647336050	935649231
speculation	V1_0	SC_incompatible	7.61183670759201	6.87799282670021	0.9262152777810115	0.9331625921467435	script__VN2Stims_3_W_GPT2M_OnlyLoc	906073156	0.5	0.5	647336050	935649231
speculation	V1_0	SCRC_compatible	9.557250255346299	9.031469333171845	0.11788194494438357	0.21139098691637628	script__VN2Stims_3_W_GPT2M_OnlyLoc	906073156	0.5	0.5	647336050	935649231
speculation	V1_0	SCRC_incompatible	9.280797958374023	8.422880864143371	0.12395833351183683	0.26290392858645645	script__VN2Stims_3_W_GPT2M_OnlyLoc	906073156	0.5	0.5	647336050	935649231
indication	V1_0	SC_compatible	7.714887708425522	7.054793292284012	0.9507812500058208	0.9508469805121422	script__VN2Stims_3_W_GPT2M_OnlyLoc	906073156	0.5	0.5	647336050	935649231
indication	V1_0	NoSC_incompatible	7.071028995513916	7.071028995513916	NA	NA	script__VN2Stims_3_W_GPT2M_OnlyLoc	906073156	0.5	0.5	647336050	935649231
indication	V1_0	SC_incompatible	7.822169554233551	7.172706997394561	0.8512152778101154	0.8570598816069832	script__VN2Stims_3_W_GPT2M_OnlyLoc	906073156	0.5	0.5	647336050	935649231
indication	V1_0	SCRC_compatible	9.66749610900879	8.727289140224457	0.17821180671453477	0.38128101797774433	script__VN2Stims_3_W_GPT2M_OnlyLoc	906073156	0.5	0.5	647336050	935649231
indication	V1_0	SCRC_incompatible	9.222998881340027	8.113853949308396	0.2240451396733988	0.4025727840876584	script__VN2Stims_3_W_GPT2M_OnlyLoc	906073156	0.5	0.5	647336050	935649231
story	V1_0	SC_compatible	7.978758382797241	7.095812457799911	0.9759548611007631	0.9775085635483265	script__VN2Stims_3_W_GPT2M_OnlyLoc	906073156	0.5	0.5	647336050	935649231
story	V1_0	NoSC_incompatible	7.434903717041015	7.434903717041015	NA	NA	script__VN2Stims_3_W_GPT2M_OnlyLoc	906073156	0.5	0.5	647336050	935649231
story	V1_0	SC_incompatible	7.628803771734238	6.869896012544632	0.9507812500232831	0.9542967217043042	script__VN2Stims_3_W_GPT2M_OnlyLoc	906073156	0.5	0.5	647336050	935649231
story	V1_0	SCRC_compatible	9.864386308193207	9.56437109708786	0.08107638900983147	0.10107612899107607	script__VN2Stims_3_W_GPT2M_OnlyLoc	906073156	0.5	0.5	647336050	935649231
story	V1_0	SCRC_incompatible	9.49552229642868	8.902276504039765	0.15633680568425917	0.17849265162474443	script__VN2Stims_3_W_GPT2M_OnlyLoc	906073156	0.5	0.5	647336050	935649231
news	V1_0	SC_compatible	7.460874027013778	6.875629985332489	0.9505208333372138	0.9512060604058206	script__VN2Stims_3_W_GPT2M_OnlyLoc	906073156	0.5	0.5	647336050	935649231
news	V1_0	NoSC_incompatible	6.464536857604981	6.464537525177002	NA	NA	script__VN2Stims_3_W_GPT2M_OnlyLoc	906073156	0.5	0.5	647336050	935649231
news	V1_0	SC_incompatible	7.526270622015	6.971633505821228	0.9750868055562023	0.9749998599537051	script__VN2Stims_3_W_GPT2M_OnlyLoc	906073156	0.5	0.5	647336050	935649231
news	V1_0	SCRC_compatible	9.609381228685379	9.129295897483825	0.14973958355840294	0.19455277779211427	script__VN2Stims_3_W_GPT2M_OnlyLoc	906073156	0.5	0.5	647336050	935649231
news	V1_0	SCRC_incompatible	9.246868979930877	8.391720628738403	0.09991319478140212	0.15771249444508717	script__VN2Stims_3_W_GPT2M_OnlyLoc	906073156	0.5	0.5	647336050	935649231
observation	V1_0	SC_compatible	7.50001870393753	6.8847133100032805	0.9513888888584916	0.9554092061238407	script__VN2Stims_3_W_GPT2M_OnlyLoc	906073156	0.5	0.5	647336050	935649231
observation	V1_0	NoSC_incompatible	7.1157347679138185	7.037593984603882	NA	NA	script__VN2Stims_3_W_GPT2M_OnlyLoc	906073156	0.5	0.5	647336050	935649231
observation	V1_0	SC_incompatible	7.814907968044281	7.1390647172927855	0.9004340277810116	0.9026156210020417	script__VN2Stims_3_W_GPT2M_OnlyLoc	906073156	0.5	0.5	647336050	935649231
observation	V1_0	SCRC_compatible	9.935766005516053	9.486204385757446	0.14661458372138442	0.2064239612664096	script__VN2Stims_3_W_GPT2M_OnlyLoc	906073156	0.5	0.5	647336050	935649231
observation	V1_0	SCRC_incompatible	9.408487045764923	8.46966644525528	0.1644097235868685	0.226304538531258	script__VN2Stims_3_W_GPT2M_OnlyLoc	906073156	0.5	0.5	647336050	935649231
understanding	V1_0	SC_compatible	7.465619117021561	6.835743814706802	0.9259548611356877	0.9264963660389185	script__VN2Stims_3_W_GPT2M_OnlyLoc	906073156	0.5	0.5	647336050	935649231
understanding	V1_0	NoSC_incompatible	8.77761526107788	8.77761526107788	NA	NA	script__VN2Stims_3_W_GPT2M_OnlyLoc	906073156	0.5	0.5	647336050	935649231
understanding	V1_0	SC_incompatible	7.46976352930069	6.934516531229019	0.975	0.9749999731779099	script__VN2Stims_3_W_GPT2M_OnlyLoc	906073156	0.5	0.5	647336050	935649231
understanding	V1_0	SCRC_compatible	9.912679767608642	9.552714157104493	0.16388888915535063	0.1945217242515355	script__VN2Stims_3_W_GPT2M_OnlyLoc	906073156	0.5	0.5	647336050	935649231
understanding	V1_0	SCRC_incompatible	9.233314752578735	8.604423367977143	0.12309027806622908	0.20448740160791204	script__VN2Stims_3_W_GPT2M_OnlyLoc	906073156	0.5	0.5	647336050	935649231
prediction	V1_0	SC_compatible	7.987741106748581	7.228805249929428	0.8766493055969476	0.8768100435299857	script__VN2Stims_3_W_GPT2M_OnlyLoc	906073156	0.5	0.5	647336050	935649231
prediction	V1_0	NoSC_incompatible	6.2435506820678714	6.243551445007324	NA	NA	script__VN2Stims_3_W_GPT2M_OnlyLoc	906073156	0.5	0.5	647336050	935649231
prediction	V1_0	SC_incompatible	7.708900791406632	7.032830613851547	0.9263020833313931	0.9269519012130332	script__VN2Stims_3_W_GPT2M_OnlyLoc	906073156	0.5	0.5	647336050	935649231
prediction	V1_0	SCRC_compatible	9.939126622676849	9.441458678245544	0.12230902817100286	0.1221384470420844	script__VN2Stims_3_W_GPT2M_OnlyLoc	906073156	0.5	0.5	647336050	935649231
prediction	V1_0	SCRC_incompatible	9.134524285793304	8.319938683509827	0.10442708354676142	0.1201134741975693	script__VN2Stims_3_W_GPT2M_OnlyLoc	906073156	0.5	0.5	647336050	935649231
assumption	V1_0	SC_compatible	7.594815939664841	6.863210541009903	0.975	0.9749999657273293	script__VN2Stims_3_W_GPT2M_OnlyLoc	906073156	0.5	0.5	647336050	935649231
assumption	V1_0	NoSC_incompatible	7.187128794193268	7.151099812984467	NA	NA	script__VN2Stims_3_W_GPT2M_OnlyLoc	906073156	0.5	0.5	647336050	935649231
assumption	V1_0	SC_incompatible	7.787879502773285	7.148535567522049	0.95	0.9500000163912773	script__VN2Stims_3_W_GPT2M_OnlyLoc	906073156	0.5	0.5	647336050	935649231
assumption	V1_0	SCRC_compatible	10.037573146820069	8.75500590801239	0.17526041809469461	0.34035118110477924	script__VN2Stims_3_W_GPT2M_OnlyLoc	906073156	0.5	0.5	647336050	935649231
assumption	V1_0	SCRC_incompatible	9.093520903587342	7.8778835237026215	0.20546875093132258	0.37450346229597925	script__VN2Stims_3_W_GPT2M_OnlyLoc	906073156	0.5	0.5	647336050	935649231
revelation	V1_0	SC_compatible	7.636830198764801	6.980433171987533	0.9013020833372138	0.9035945448908024	script__VN2Stims_3_W_GPT2M_OnlyLoc	906073156	0.5	0.5	647336050	935649231
revelation	V1_0	NoSC_incompatible	7.155193138122558	7.155193233489991	NA	NA	script__VN2Stims_3_W_GPT2M_OnlyLoc	906073156	0.5	0.5	647336050	935649231
revelation	V1_0	SC_incompatible	7.776346033811569	6.987611937522888	0.9751736111124046	0.9759070444852114	script__VN2Stims_3_W_GPT2M_OnlyLoc	906073156	0.5	0.5	647336050	935649231
revelation	V1_0	SCRC_compatible	9.806742417812348	9.06199553012848	0.21059027798473834	0.32697738201823084	script__VN2Stims_3_W_GPT2M_OnlyLoc	906073156	0.5	0.5	647336050	935649231
revelation	V1_0	SCRC_incompatible	9.339174354076386	8.257235145568847	0.12343750060535967	0.29915630480099936	script__VN2Stims_3_W_GPT2M_OnlyLoc	906073156	0.5	0.5	647336050	935649231
intuition	V1_0	SC_compatible	7.692123532295227	6.968293398618698	0.9012152778217569	0.902677555102855	script__VN2Stims_3_W_GPT2M_OnlyLoc	906073156	0.5	0.5	647336050	935649231
intuition	V1_0	NoSC_incompatible	7.586845397949219	7.586845397949219	NA	NA	script__VN2Stims_3_W_GPT2M_OnlyLoc	906073156	0.5	0.5	647336050	935649231
intuition	V1_0	SC_incompatible	7.629961323738098	6.947195506095886	0.9501736111124046	0.9520381746813655	script__VN2Stims_3_W_GPT2M_OnlyLoc	906073156	0.5	0.5	647336050	935649231
intuition	V1_0	SCRC_compatible	9.94617440700531	9.703814733028413	0.07517361147911288	0.11209444102568256	script__VN2Stims_3_W_GPT2M_OnlyLoc	906073156	0.5	0.5	647336050	935649231
intuition	V1_0	SCRC_incompatible	9.308060669898987	8.81032898426056	0.09982638924266211	0.14880621002739644	script__VN2Stims_3_W_GPT2M_OnlyLoc	906073156	0.5	0.5	647336050	935649231
insinuation	V1_0	SC_compatible	7.5755785524845125	6.786595672369003	0.9003472222248092	0.900035776180448	script__VN2Stims_3_W_GPT2M_OnlyLoc	906073156	0.5	0.5	647336050	935649231
insinuation	V1_0	NoSC_incompatible	8.360888671875	8.360888671875	NA	NA	script__VN2Stims_3_W_GPT2M_OnlyLoc	906073156	0.5	0.5	647336050	935649231
insinuation	V1_0	SC_incompatible	7.472685128450394	7.079394721984864	0.9252604166686069	0.9251299656112678	script__VN2Stims_3_W_GPT2M_OnlyLoc	906073156	0.5	0.5	647336050	935649231
insinuation	V1_0	SCRC_compatible	8.865347212553024	8.367168623209	0.10494791672681458	0.1106919103673357	script__VN2Stims_3_W_GPT2M_OnlyLoc	906073156	0.5	0.5	647336050	935649231
insinuation	V1_0	SCRC_incompatible	9.305031967163085	8.839386439323425	0.10442708340706304	0.11268765345243063	script__VN2Stims_3_W_GPT2M_OnlyLoc	906073156	0.5	0.5	647336050	935649231
claim	V1_0	SC_compatible	7.7301451623439785	6.91912590265274	0.9750868055562023	0.9749999692273785	script__VN2Stims_3_W_GPT2M_OnlyLoc	906073156	0.5	0.5	647336050	935649231
claim	V1_0	NoSC_incompatible	6.971219730377197	6.971219730377197	NA	NA	script__VN2Stims_3_W_GPT2M_OnlyLoc	906073156	0.5	0.5	647336050	935649231
claim	V1_0	SC_incompatible	7.478371286392212	6.725491172075271	1.0	0.9999999344348908	script__VN2Stims_3_W_GPT2M_OnlyLoc	906073156	0.5	0.5	647336050	935649231
claim	V1_0	SCRC_compatible	9.757510554790496	8.839010059833527	0.41423611240461466	0.5036224646493792	script__VN2Stims_3_W_GPT2M_OnlyLoc	906073156	0.5	0.5	647336050	935649231
claim	V1_0	SCRC_incompatible	9.127639305591583	8.114107519388199	0.38663195008412005	0.5465558457188309	script__VN2Stims_3_W_GPT2M_OnlyLoc	906073156	0.5	0.5	647336050	935649231
announcement	V1_0	SC_compatible	7.7894998550415036	7.118807852268219	0.9007812500116416	0.902867911523208	script__VN2Stims_3_W_GPT2M_OnlyLoc	906073156	0.5	0.5	647336050	935649231
announcement	V1_0	NoSC_incompatible	6.224633741378784	6.224634170532227	NA	NA	script__VN2Stims_3_W_GPT2M_OnlyLoc	906073156	0.5	0.5	647336050	935649231
announcement	V1_0	SC_incompatible	7.901197808980942	7.20599028468132	0.9259548611298669	0.9272781112231314	script__VN2Stims_3_W_GPT2M_OnlyLoc	906073156	0.5	0.5	647336050	935649231
announcement	V1_0	SCRC_compatible	10.076420843601227	9.630851006507873	0.09861111146747134	0.13226035990851998	script__VN2Stims_3_W_GPT2M_OnlyLoc	906073156	0.5	0.5	647336050	935649231
announcement	V1_0	SCRC_incompatible	9.206246280670166	8.094208765029908	0.08289930605678819	0.13457236106054885	script__VN2Stims_3_W_GPT2M_OnlyLoc	906073156	0.5	0.5	647336050	935649231
evidence	V1_0	SC_compatible	7.59649076461792	6.855419778823853	0.9264756944496184	0.9262462567770854	script__VN2Stims_3_W_GPT2M_OnlyLoc	906073156	0.5	0.5	647336050	935649231
evidence	V1_0	NoSC_incompatible	7.743194198608398	7.743194198608398	NA	NA	script__VN2Stims_3_W_GPT2M_OnlyLoc	906073156	0.5	0.5	647336050	935649231
evidence	V1_0	SC_incompatible	7.640872901678085	6.945448523759842	0.9504340277810115	0.9533149214461446	script__VN2Stims_3_W_GPT2M_OnlyLoc	906073156	0.5	0.5	647336050	935649231
evidence	V1_0	SCRC_compatible	9.899330735206604	9.179458498954773	0.14062500027939678	0.24588114452199078	script__VN2Stims_3_W_GPT2M_OnlyLoc	906073156	0.5	0.5	647336050	935649231
evidence	V1_0	SCRC_incompatible	9.332685220241547	8.523410826921463	0.1427083336515352	0.25722422111070953	script__VN2Stims_3_W_GPT2M_OnlyLoc	906073156	0.5	0.5	647336050	935649231
accusation	V1_0	SC_compatible	7.827246707677841	7.056193417310714	0.9502604166686069	0.951675132883247	script__VN2Stims_3_W_GPT2M_OnlyLoc	906073156	0.5	0.5	647336050	935649231
accusation	V1_0	NoSC_incompatible	6.103360748291015	6.103360939025879	NA	NA	script__VN2Stims_3_W_GPT2M_OnlyLoc	906073156	0.5	0.5	647336050	935649231
accusation	V1_0	SC_incompatible	7.652411335706711	6.9032375574111935	0.9501736111124046	0.9500000723209666	script__VN2Stims_3_W_GPT2M_OnlyLoc	906073156	0.5	0.5	647336050	935649231
accusation	V1_0	SCRC_compatible	9.902328205108642	8.743335402011871	0.20156250129221007	0.2907635649185977	script__VN2Stims_3_W_GPT2M_OnlyLoc	906073156	0.5	0.5	647336050	935649231
accusation	V1_0	SCRC_incompatible	9.1758007645607	7.9631481051445006	0.17847222385462375	0.26602966248756277	script__VN2Stims_3_W_GPT2M_OnlyLoc	906073156	0.5	0.5	647336050	935649231
finding	V1_0	SC_compatible	7.495562928915024	6.89160584807396	0.9753472222248092	0.9751217261771672	script__VN2Stims_3_W_GPT2M_OnlyLoc	906073156	0.5	0.5	647336050	935649231
finding	V1_0	NoSC_incompatible	6.493365812301636	6.493366289138794	NA	NA	script__VN2Stims_3_W_GPT2M_OnlyLoc	906073156	0.5	0.5	647336050	935649231
finding	V1_0	SC_incompatible	7.917889499664307	7.182071667909622	0.9502604166744277	0.9502597821410745	script__VN2Stims_3_W_GPT2M_OnlyLoc	906073156	0.5	0.5	647336050	935649231
finding	V1_0	SCRC_compatible	9.4046013712883	8.625069975852966	0.18637152994051576	0.3565475900206366	script__VN2Stims_3_W_GPT2M_OnlyLoc	906073156	0.5	0.5	647336050	935649231
finding	V1_0	SCRC_incompatible	9.074454605579376	8.300794470310212	0.22335069549735637	0.4081287425942719	script__VN2Stims_3_W_GPT2M_OnlyLoc	906073156	0.5	0.5	647336050	935649231
information	V1_0	SC_compatible	7.487104928493499	6.890825873613357	1.0	1.000000001490116	script__VN2Stims_3_W_GPT2M_OnlyLoc	906073156	0.5	0.5	647336050	935649231
information	V1_0	NoSC_incompatible	8.522137069702149	8.522137069702149	NA	NA	script__VN2Stims_3_W_GPT2M_OnlyLoc	906073156	0.5	0.5	647336050	935649231
information	V1_0	SC_incompatible	7.482790917158127	6.929782915115356	0.9750868055562023	0.9750414483598433	script__VN2Stims_3_W_GPT2M_OnlyLoc	906073156	0.5	0.5	647336050	935649231
information	V1_0	SCRC_compatible	9.670649230480194	9.286527967453003	0.1077256946475245	0.11822584261087435	script__VN2Stims_3_W_GPT2M_OnlyLoc	906073156	0.5	0.5	647336050	935649231
information	V1_0	SCRC_incompatible	9.22579882144928	8.765208220481872	0.10989583344198764	0.13676439187571532	script__VN2Stims_3_W_GPT2M_OnlyLoc	906073156	0.5	0.5	647336050	935649231
sense	V1_0	SC_compatible	7.355131298303604	6.626160836219787	1.0	0.9999999821186065	script__VN2Stims_3_W_GPT2M_OnlyLoc	906073156	0.5	0.5	647336050	935649231
sense	V1_0	NoSC_incompatible	9.390609645843506	9.390610361099244	NA	NA	script__VN2Stims_3_W_GPT2M_OnlyLoc	906073156	0.5	0.5	647336050	935649231
sense	V1_0	SC_incompatible	7.863360935449601	7.200448578596115	0.9012152777868323	0.9050021165981889	script__VN2Stims_3_W_GPT2M_OnlyLoc	906073156	0.5	0.5	647336050	935649231
sense	V1_0	SCRC_compatible	9.774261665344238	9.386516290903092	0.20651041809469461	0.2644805314252153	script__VN2Stims_3_W_GPT2M_OnlyLoc	906073156	0.5	0.5	647336050	935649231
sense	V1_0	SCRC_incompatible	9.283857715129852	8.528255379199981	0.2067708340473473	0.25178970998968	script__VN2Stims_3_W_GPT2M_OnlyLoc	906073156	0.5	0.5	647336050	935649231
assessment	V1_0	SC_compatible	7.585675776004791	6.8971040606498715	0.9252604166686069	0.9255401610163971	script__VN2Stims_3_W_GPT2M_OnlyLoc	906073156	0.5	0.5	647336050	935649231
assessment	V1_0	NoSC_incompatible	6.852724075317383	6.852724647521972	NA	NA	script__VN2Stims_3_W_GPT2M_OnlyLoc	906073156	0.5	0.5	647336050	935649231
assessment	V1_0	SC_incompatible	8.044462406635285	7.245590037107467	0.9012152778101153	0.9058733570855111	script__VN2Stims_3_W_GPT2M_OnlyLoc	906073156	0.5	0.5	647336050	935649231
assessment	V1_0	SCRC_compatible	9.846130311489105	9.39575582742691	0.10642361122299918	0.10902475920973509	script__VN2Stims_3_W_GPT2M_OnlyLoc	906073156	0.5	0.5	647336050	935649231
assessment	V1_0	SCRC_incompatible	9.186515343189239	8.536382299661636	0.13324652792070993	0.13621610978718762	script__VN2Stims_3_W_GPT2M_OnlyLoc	906073156	0.5	0.5	647336050	935649231
opinion	V1_0	SC_compatible	7.367308467626572	6.658864969015122	0.9753472222248092	0.9752167427679523	script__VN2Stims_3_W_GPT2M_OnlyLoc	906073156	0.5	0.5	647336050	935649231
opinion	V1_0	NoSC_incompatible	7.09049015045166	7.09049072265625	NA	NA	script__VN2Stims_3_W_GPT2M_OnlyLoc	906073156	0.5	0.5	647336050	935649231
opinion	V1_0	SC_incompatible	7.559151417016983	6.7588931858539585	0.9751736111124046	0.9783368676900863	script__VN2Stims_3_W_GPT2M_OnlyLoc	906073156	0.5	0.5	647336050	935649231
opinion	V1_0	SCRC_compatible	9.573811829090118	9.29017769098282	0.14852430634782648	0.16112654041492788	script__VN2Stims_3_W_GPT2M_OnlyLoc	906073156	0.5	0.5	647336050	935649231
opinion	V1_0	SCRC_incompatible	9.271567642688751	8.732105070352555	0.17039930606260895	0.1684597081605716	script__VN2Stims_3_W_GPT2M_OnlyLoc	906073156	0.5	0.5	647336050	935649231
fact	V1_0	SC_compatible	7.576932322978974	6.877196532487869	0.975	0.9750000298023224	script__VN2Stims_3_W_GPT2M_OnlyLoc	906073156	0.5	0.5	647336050	935649231
fact	V1_0	NoSC_incompatible	10.270037651062012	10.270039081573486	NA	NA	script__VN2Stims_3_W_GPT2M_OnlyLoc	906073156	0.5	0.5	647336050	935649231
fact	V1_0	SC_incompatible	7.937574309110642	7.054260259866714	0.9016493056085892	0.9083595530013554	script__VN2Stims_3_W_GPT2M_OnlyLoc	906073156	0.5	0.5	647336050	935649231
fact	V1_0	SCRC_compatible	9.382494366168975	8.375763165950776	0.3313368063652888	0.8139786872023251	script__VN2Stims_3_W_GPT2M_OnlyLoc	906073156	0.5	0.5	647336050	935649231
fact	V1_0	SCRC_incompatible	8.85325255393982	7.632121109962464	0.37821180863538756	0.7436776014748829	script__VN2Stims_3_W_GPT2M_OnlyLoc	906073156	0.5	0.5	647336050	935649231
message	V1_0	SC_compatible	7.389813649654388	6.7552275359630585	0.9502604166744277	0.9500117679788673	script__VN2Stims_3_W_GPT2M_OnlyLoc	906073156	0.5	0.5	647336050	935649231
message	V1_0	NoSC_incompatible	5.884520626068115	5.80214786529541	NA	NA	script__VN2Stims_3_W_GPT2M_OnlyLoc	906073156	0.5	0.5	647336050	935649231
message	V1_0	SC_incompatible	7.510982555150986	6.862907063961029	0.975	0.9750000089406967	script__VN2Stims_3_W_GPT2M_OnlyLoc	906073156	0.5	0.5	647336050	935649231
message	V1_0	SCRC_compatible	9.928278124332428	9.605470204353333	0.0661458337039221	0.08642113616181675	script__VN2Stims_3_W_GPT2M_OnlyLoc	906073156	0.5	0.5	647336050	935649231
message	V1_0	SCRC_incompatible	9.528689742088318	8.974577951431275	0.11736111150239595	0.13632155899316448	script__VN2Stims_3_W_GPT2M_OnlyLoc	906073156	0.5	0.5	647336050	935649231
perception	V1_0	SC_compatible	8.065379959344863	7.275745743513108	0.9256076388992369	0.9259106244542636	script__VN2Stims_3_W_GPT2M_OnlyLoc	906073156	0.5	0.5	647336050	935649231
perception	V1_0	NoSC_incompatible	8.572909045219422	8.572910404205322	NA	NA	script__VN2Stims_3_W_GPT2M_OnlyLoc	906073156	0.5	0.5	647336050	935649231
perception	V1_0	SC_incompatible	7.725931638479233	7.070972114801407	0.9006076389108785	0.9039145504109911	script__VN2Stims_3_W_GPT2M_OnlyLoc	906073156	0.5	0.5	647336050	935649231
perception	V1_0	SCRC_compatible	9.909322488307954	9.440032088756562	0.11223958381451667	0.1321395688733901	script__VN2Stims_3_W_GPT2M_OnlyLoc	906073156	0.5	0.5	647336050	935649231
perception	V1_0	SCRC_incompatible	9.266966247558594	8.245437610149384	0.1664062509080395	0.19221686649834738	script__VN2Stims_3_W_GPT2M_OnlyLoc	906073156	0.5	0.5	647336050	935649231
reminder	V1_0	SC_compatible	8.134770762920379	7.354165363311767	0.8274305556260515	0.8342218193065492	script__VN2Stims_3_W_GPT2M_OnlyLoc	906073156	0.5	0.5	647336050	935649231
reminder	V1_0	NoSC_incompatible	6.545540428161621	6.545541048049927	NA	NA	script__VN2Stims_3_W_GPT2M_OnlyLoc	906073156	0.5	0.5	647336050	935649231
reminder	V1_0	SC_incompatible	7.654874008893967	6.930142968893051	0.9504340277810115	0.9507381160305612	script__VN2Stims_3_W_GPT2M_OnlyLoc	906073156	0.5	0.5	647336050	935649231
reminder	V1_0	SCRC_compatible	9.61933218240738	9.183140027523041	0.18880208412883803	0.2540124561062839	script__VN2Stims_3_W_GPT2M_OnlyLoc	906073156	0.5	0.5	647336050	935649231
reminder	V1_0	SCRC_incompatible	9.355910468101502	8.6696502327919	0.19409722449490802	0.28799487961223347	script__VN2Stims_3_W_GPT2M_OnlyLoc	906073156	0.5	0.5	647336050	935649231
idea	V1_0	SC_compatible	7.419516724348068	6.782147592306137	0.9755208333488554	0.9766378086060286	script__VN2Stims_3_W_GPT2M_OnlyLoc	906073156	0.5	0.5	647336050	935649231
idea	V1_0	NoSC_incompatible	6.8938478350639345	6.893848562240601	NA	NA	script__VN2Stims_3_W_GPT2M_OnlyLoc	906073156	0.5	0.5	647336050	935649231
idea	V1_0	SC_incompatible	7.871898812055588	7.146079671382904	0.9256076388934161	0.9300198948010803	script__VN2Stims_3_W_GPT2M_OnlyLoc	906073156	0.5	0.5	647336050	935649231
idea	V1_0	SCRC_compatible	10.274088990688323	9.343076050281525	0.1462673618516419	0.24362914008961525	script__VN2Stims_3_W_GPT2M_OnlyLoc	906073156	0.5	0.5	647336050	935649231
idea	V1_0	SCRC_incompatible	9.176283538341522	7.940903812646866	0.16293402852024882	0.2923203063721303	script__VN2Stims_3_W_GPT2M_OnlyLoc	906073156	0.5	0.5	647336050	935649231
thought	V1_0	SC_compatible	7.714130228757858	6.966413831710815	0.9503472222248093	0.9520581553166266	script__VN2Stims_3_W_GPT2M_OnlyLoc	906073156	0.5	0.5	647336050	935649231
thought	V1_0	NoSC_incompatible	7.534481275081634	7.5344819784164425	NA	NA	script__VN2Stims_3_W_GPT2M_OnlyLoc	906073156	0.5	0.5	647336050	935649231
thought	V1_0	SC_incompatible	7.467779344320297	6.886372911930084	0.9756944444496185	0.9766992937773467	script__VN2Stims_3_W_GPT2M_OnlyLoc	906073156	0.5	0.5	647336050	935649231
thought	V1_0	SCRC_compatible	9.363271951675415	8.914482140541077	0.5922743150964379	0.6080428987741471	script__VN2Stims_3_W_GPT2M_OnlyLoc	906073156	0.5	0.5	647336050	935649231
thought	V1_0	SCRC_incompatible	8.974725806713105	8.251137948036193	0.5856770923128352	0.6063526579688187	script__VN2Stims_3_W_GPT2M_OnlyLoc	906073156	0.5	0.5	647336050	935649231
proof	V1_0	SC_compatible	7.356023979187012	6.723441845178604	1.0	0.9999999910593033	script__VN2Stims_3_W_GPT2M_OnlyLoc	906073156	0.5	0.5	647336050	935649231
proof	V1_0	NoSC_incompatible	7.719197845458984	7.719198417663574	NA	NA	script__VN2Stims_3_W_GPT2M_OnlyLoc	906073156	0.5	0.5	647336050	935649231
proof	V1_0	SC_incompatible	7.626643705368042	6.9479084491729735	0.9754340277984739	0.9756886411458254	script__VN2Stims_3_W_GPT2M_OnlyLoc	906073156	0.5	0.5	647336050	935649231
proof	V1_0	SCRC_compatible	9.422661674022674	8.764223384857178	0.18576389021473005	0.35153680639559753	script__VN2Stims_3_W_GPT2M_OnlyLoc	906073156	0.5	0.5	647336050	935649231
proof	V1_0	SCRC_incompatible	9.162462711334229	8.249199557304383	0.1851562518218998	0.3419876778149046	script__VN2Stims_3_W_GPT2M_OnlyLoc	906073156	0.5	0.5	647336050	935649231
assurance	V1_0	SC_compatible	7.420356279611587	6.688822340965271	1.0	1.0000000715255737	script__VN2Stims_3_W_GPT2M_OnlyLoc	906073156	0.5	0.5	647336050	935649231
assurance	V1_0	NoSC_incompatible	7.7517016410827635	7.725064063072205	NA	NA	script__VN2Stims_3_W_GPT2M_OnlyLoc	906073156	0.5	0.5	647336050	935649231
assurance	V1_0	SC_incompatible	7.531475001573563	6.837253993749618	0.9504340277868323	0.9536903256550431	script__VN2Stims_3_W_GPT2M_OnlyLoc	906073156	0.5	0.5	647336050	935649231
assurance	V1_0	SCRC_compatible	9.977570140361786	9.268429958820343	0.24140625223517417	0.31681398947839623	script__VN2Stims_3_W_GPT2M_OnlyLoc	906073156	0.5	0.5	647336050	935649231
assurance	V1_0	SCRC_incompatible	9.363004851341248	8.317973947525024	0.27465277893352325	0.3914754887082381	script__VN2Stims_3_W_GPT2M_OnlyLoc	906073156	0.5	0.5	647336050	935649231
disclosure	V1_0	SC_compatible	7.779765200614929	7.0694954812526705	0.9506076389108784	0.9503078192366956	script__VN2Stims_3_W_GPT2M_OnlyLoc	906073156	0.5	0.5	647336050	935649231
disclosure	V1_0	NoSC_incompatible	6.601833152770996	6.601833772659302	NA	NA	script__VN2Stims_3_W_GPT2M_OnlyLoc	906073156	0.5	0.5	647336050	935649231
disclosure	V1_0	SC_incompatible	7.416187018156052	6.857629019021988	0.95	0.950000025331974	script__VN2Stims_3_W_GPT2M_OnlyLoc	906073156	0.5	0.5	647336050	935649231
disclosure	V1_0	SCRC_compatible	9.922862601280212	9.86043268442154	0.038107639097142966	0.06062423116862803	script__VN2Stims_3_W_GPT2M_OnlyLoc	906073156	0.5	0.5	647336050	935649231
disclosure	V1_0	SCRC_incompatible	9.282749688625335	8.689897525310517	0.06406250026775524	0.08610494879772901	script__VN2Stims_3_W_GPT2M_OnlyLoc	906073156	0.5	0.5	647336050	935649231
impression	V1_0	SC_compatible	7.422102850675583	6.7214817106723785	1.0	0.9999999985098839	script__VN2Stims_3_W_GPT2M_OnlyLoc	906073156	0.5	0.5	647336050	935649231
impression	V1_0	NoSC_incompatible	7.559477019309997	7.549576902389527	NA	NA	script__VN2Stims_3_W_GPT2M_OnlyLoc	906073156	0.5	0.5	647336050	935649231
impression	V1_0	SC_incompatible	7.4959818601608275	6.812271982431412	0.9255208333488554	0.926673087105155	script__VN2Stims_3_W_GPT2M_OnlyLoc	906073156	0.5	0.5	647336050	935649231
impression	V1_0	SCRC_compatible	9.870924377441407	9.061964631080627	0.2429687529336661	0.28074310363736005	script__VN2Stims_3_W_GPT2M_OnlyLoc	906073156	0.5	0.5	647336050	935649231
impression	V1_0	SCRC_incompatible	9.113183498382568	7.8286779701709746	0.2500000013737008	0.3575871346285567	script__VN2Stims_3_W_GPT2M_OnlyLoc	906073156	0.5	0.5	647336050	935649231
notion	V1_0	SC_compatible	7.474734997749328	6.807141280174255	1.0	0.9999999329447746	script__VN2Stims_3_W_GPT2M_OnlyLoc	906073156	0.5	0.5	647336050	935649231
notion	V1_0	NoSC_incompatible	9.259163546562196	9.228911685943604	NA	NA	script__VN2Stims_3_W_GPT2M_OnlyLoc	906073156	0.5	0.5	647336050	935649231
notion	V1_0	SC_incompatible	7.459904503822327	6.8231540620327	0.9325520833546761	0.9485932483206853	script__VN2Stims_3_W_GPT2M_OnlyLoc	906073156	0.5	0.5	647336050	935649231
notion	V1_0	SCRC_compatible	10.348261094093322	9.506273233890534	0.09279513944638892	0.2081068863160908	script__VN2Stims_3_W_GPT2M_OnlyLoc	906073156	0.5	0.5	647336050	935649231
notion	V1_0	SCRC_incompatible	9.175290548801422	7.892487800121307	0.12092013932997361	0.288782751141116	script__VN2Stims_3_W_GPT2M_OnlyLoc	906073156	0.5	0.5	647336050	935649231
realization	V1_0	SC_compatible	7.555619758367539	6.929731130599976	0.9502604166686069	0.9500036625940765	script__VN2Stims_3_W_GPT2M_OnlyLoc	906073156	0.5	0.5	647336050	935649231
realization	V1_0	NoSC_incompatible	7.087039041519165	7.012380766868591	NA	NA	script__VN2Stims_3_W_GPT2M_OnlyLoc	906073156	0.5	0.5	647336050	935649231
realization	V1_0	SC_incompatible	7.739646232128143	7.095341449975967	0.9009548611415085	0.9020984535672596	script__VN2Stims_3_W_GPT2M_OnlyLoc	906073156	0.5	0.5	647336050	935649231
realization	V1_0	SCRC_compatible	10.174582314491271	9.315061807632446	0.15373263992369174	0.3407694356981665	script__VN2Stims_3_W_GPT2M_OnlyLoc	906073156	0.5	0.5	647336050	935649231
realization	V1_0	SCRC_incompatible	9.272648429870605	8.024918365478516	0.15902777793817222	0.39415734326466917	script__VN2Stims_3_W_GPT2M_OnlyLoc	906073156	0.5	0.5	647336050	935649231
conjecture	V1_0	SC_compatible	7.521993905305862	6.8188220977783205	0.9755208333488554	0.9774837281554938	script__VN2Stims_3_W_GPT2M_OnlyLoc	906073156	0.5	0.5	647336050	935649231
conjecture	V1_0	NoSC_incompatible	6.691410565376282	6.619832324981689	NA	NA	script__VN2Stims_3_W_GPT2M_OnlyLoc	906073156	0.5	0.5	647336050	935649231
conjecture	V1_0	SC_incompatible	7.343184989690781	6.740140050649643	1.0	1.0000001445412636	script__VN2Stims_3_W_GPT2M_OnlyLoc	906073156	0.5	0.5	647336050	935649231
conjecture	V1_0	SCRC_compatible	9.842999982833863	9.159720933437347	0.1338541670353152	0.1963602397954172	script__VN2Stims_3_W_GPT2M_OnlyLoc	906073156	0.5	0.5	647336050	935649231
conjecture	V1_0	SCRC_incompatible	9.378728413581848	8.50734738111496	0.13116319508408197	0.20643828200700226	script__VN2Stims_3_W_GPT2M_OnlyLoc	906073156	0.5	0.5	647336050	935649231
belief	V1_0	SC_compatible	7.9108405947685245	7.211852389574051	0.9506944444554393	0.9526298463344574	script__VN2Stims_3_W_GPT2M_OnlyLoc	906073156	0.5	0.5	647336050	935649231
belief	V1_0	NoSC_incompatible	8.19681282043457	8.19681339263916	NA	NA	script__VN2Stims_3_W_GPT2M_OnlyLoc	906073156	0.5	0.5	647336050	935649231
belief	V1_0	SC_incompatible	7.686309909820556	6.86394761800766	0.975	0.9749999687075614	script__VN2Stims_3_W_GPT2M_OnlyLoc	906073156	0.5	0.5	647336050	935649231
belief	V1_0	SCRC_compatible	10.075369954109192	8.977243983745575	0.34791666802484544	0.47065848484635353	script__VN2Stims_3_W_GPT2M_OnlyLoc	906073156	0.5	0.5	647336050	935649231
belief	V1_0	SCRC_incompatible	9.219775378704071	7.877388077974319	0.2971354180946946	0.4649407115764916	script__VN2Stims_3_W_GPT2M_OnlyLoc	906073156	0.5	0.5	647336050	935649231
admission	V1_0	SC_compatible	8.075730794668198	7.165526747703552	0.9010416667093523	0.902393939346075	script__VN2Stims_3_W_GPT2M_OnlyLoc	906073156	0.5	0.5	647336050	935649231
admission	V1_0	NoSC_incompatible	6.710407638549805	6.710407638549805	NA	NA	script__VN2Stims_3_W_GPT2M_OnlyLoc	906073156	0.5	0.5	647336050	935649231
admission	V1_0	SC_incompatible	7.586828672885895	7.038019740581513	1.0	0.9999999910593033	script__VN2Stims_3_W_GPT2M_OnlyLoc	906073156	0.5	0.5	647336050	935649231
admission	V1_0	SCRC_compatible	9.75032103061676	9.422023808956146	0.05677083349437453	0.07958824261828071	script__VN2Stims_3_W_GPT2M_OnlyLoc	906073156	0.5	0.5	647336050	935649231
admission	V1_0	SCRC_incompatible	9.191094934940338	8.779686057567597	0.057118055719183755	0.07147170425984223	script__VN2Stims_3_W_GPT2M_OnlyLoc	906073156	0.5	0.5	647336050	935649231
truth	V1_0	SC_compatible	7.466624903678894	6.833896887302399	0.9259548611240461	0.9263725478769629	script__VN2Stims_3_W_GPT2M_OnlyLoc	906073156	0.5	0.5	647336050	935649231
truth	V1_0	NoSC_incompatible	8.448839092254639	8.448839092254639	NA	NA	script__VN2Stims_3_W_GPT2M_OnlyLoc	906073156	0.5	0.5	647336050	935649231
truth	V1_0	SC_incompatible	7.314970684051514	6.69307604432106	1.0	1.000000035762787	script__VN2Stims_3_W_GPT2M_OnlyLoc	906073156	0.5	0.5	647336050	935649231
truth	V1_0	SCRC_compatible	9.862791800498963	9.454648339748383	0.06137152804876678	0.09641018923391584	script__VN2Stims_3_W_GPT2M_OnlyLoc	906073156	0.5	0.5	647336050	935649231
truth	V1_0	SCRC_incompatible	9.244720947742461	8.864384973049164	0.10902777797891758	0.13591307032232797	script__VN2Stims_3_W_GPT2M_OnlyLoc	906073156	0.5	0.5	647336050	935649231
conviction	V1_0	SC_compatible	7.481194669008255	6.80512598156929	0.9264756944961846	0.9274445767514408	script__VN2Stims_3_W_GPT2M_OnlyLoc	906073156	0.5	0.5	647336050	935649231
conviction	V1_0	NoSC_incompatible	6.83195390701294	6.8319539546966555	NA	NA	script__VN2Stims_3_W_GPT2M_OnlyLoc	906073156	0.5	0.5	647336050	935649231
conviction	V1_0	SC_incompatible	7.422722005844117	6.774984443187714	0.9506944444729015	0.9520549782726448	script__VN2Stims_3_W_GPT2M_OnlyLoc	906073156	0.5	0.5	647336050	935649231
conviction	V1_0	SCRC_compatible	9.925445342063904	9.455487376451492	0.08046875029685907	0.1361379699941608	script__VN2Stims_3_W_GPT2M_OnlyLoc	906073156	0.5	0.5	647336050	935649231
conviction	V1_0	SCRC_incompatible	9.275103890895844	8.462640577554703	0.12543402822338975	0.16671524943112673	script__VN2Stims_3_W_GPT2M_OnlyLoc	906073156	0.5	0.5	647336050	935649231
remark	V1_0	SC_compatible	7.522321909666061	6.860483330488205	0.9515625	0.9516100751934573	script__VN2Stims_3_W_GPT2M_OnlyLoc	906073156	0.5	0.5	647336050	935649231
remark	V1_0	NoSC_incompatible	5.11979866027832	5.119798755645752	NA	NA	script__VN2Stims_3_W_GPT2M_OnlyLoc	906073156	0.5	0.5	647336050	935649231
remark	V1_0	SC_incompatible	7.773899847269059	7.109558570384979	0.9500868055562023	0.9500319729384501	script__VN2Stims_3_W_GPT2M_OnlyLoc	906073156	0.5	0.5	647336050	935649231
remark	V1_0	SCRC_compatible	9.881464183330536	9.410793578624725	0.3507812519092113	0.29904228206723926	script__VN2Stims_3_W_GPT2M_OnlyLoc	906073156	0.5	0.5	647336050	935649231
remark	V1_0	SCRC_incompatible	9.225880372524262	8.175418937206269	0.3406250011175871	0.3146018313243985	script__VN2Stims_3_W_GPT2M_OnlyLoc	906073156	0.5	0.5	647336050	935649231
view	V1_0	SC_compatible	7.737492805719375	7.0811568081378935	0.9011284722364508	0.9044410088681616	script__VN2Stims_3_W_GPT2M_OnlyLoc	906073156	0.5	0.5	647336050	935649231
view	V1_0	NoSC_incompatible	8.039324188232422	8.039324760437012	NA	NA	script__VN2Stims_3_W_GPT2M_OnlyLoc	906073156	0.5	0.5	647336050	935649231
view	V1_0	SC_incompatible	7.765933513641357	7.143038892745972	0.9512152777751908	0.9503214388154447	script__VN2Stims_3_W_GPT2M_OnlyLoc	906073156	0.5	0.5	647336050	935649231
view	V1_0	SCRC_compatible	9.532946693897248	9.14716466665268	0.21493055745959283	0.1783968869742239	script__VN2Stims_3_W_GPT2M_OnlyLoc	906073156	0.5	0.5	647336050	935649231
view	V1_0	SCRC_incompatible	9.146749961376191	8.577948558330537	0.22881944472901522	0.20403494033253083	script__VN2Stims_3_W_GPT2M_OnlyLoc	906073156	0.5	0.5	647336050	935649231
suggestion	V1_0	SC_compatible	7.428353542089463	6.763563030958176	0.9252604166686069	0.9251028277180012	script__VN2Stims_3_W_GPT2M_OnlyLoc	906073156	0.5	0.5	647336050	935649231
suggestion	V1_0	NoSC_incompatible	6.671707057952881	6.671707105636597	NA	NA	script__VN2Stims_3_W_GPT2M_OnlyLoc	906073156	0.5	0.5	647336050	935649231
suggestion	V1_0	SC_incompatible	7.603670656681061	6.918548691272735	0.9758680555969477	0.980942864343524	script__VN2Stims_3_W_GPT2M_OnlyLoc	906073156	0.5	0.5	647336050	935649231
suggestion	V1_0	SCRC_compatible	10.073157966136932	9.201449370384216	0.13315972213167698	0.20850801596679958	script__VN2Stims_3_W_GPT2M_OnlyLoc	906073156	0.5	0.5	647336050	935649231
suggestion	V1_0	SCRC_incompatible	9.183761966228484	7.960549825429917	0.13437500081490725	0.24640726343877759	script__VN2Stims_3_W_GPT2M_OnlyLoc	906073156	0.5	0.5	647336050	935649231
allegation	V1_0	SC_compatible	9.493565762043	8.468174225091934	0.22152777815936134	0.2952560833131429	script__VN2Stims_3_W_GPT2M_OnlyLoc	820611027	0.5	0.6	524811876	935649231
allegation	V1_0	NoSC_incompatible	6.568139970302582	6.565305745601654	NA	NA	script__VN2Stims_3_W_GPT2M_OnlyLoc	820611027	0.5	0.6	524811876	935649231
allegation	V1_0	SC_incompatible	9.108497059345245	8.126801872253418	0.28151041715173053	0.37194456999802483	script__VN2Stims_3_W_GPT2M_OnlyLoc	820611027	0.5	0.6	524811876	935649231
allegation	V1_0	SCRC_compatible	9.175115406513214	8.096865308284759	0.5585937500523869	0.5631987023646502	script__VN2Stims_3_W_GPT2M_OnlyLoc	820611027	0.5	0.6	524811876	935649231
allegation	V1_0	SCRC_incompatible	9.12885308265686	8.029086762666703	0.585416666790843	0.5981292088146489	script__VN2Stims_3_W_GPT2M_OnlyLoc	820611027	0.5	0.6	524811876	935649231
prediction	V1_0	SC_compatible	9.211808788776398	8.110934913158417	0.32083333362825217	0.337308742163259	script__VN2Stims_3_W_GPT2M_OnlyLoc	820611027	0.5	0.6	524811876	935649231
prediction	V1_0	NoSC_incompatible	6.301731729507447	6.220616340637207	NA	NA	script__VN2Stims_3_W_GPT2M_OnlyLoc	820611027	0.5	0.6	524811876	935649231
prediction	V1_0	SC_incompatible	9.23472181558609	8.251790469884872	0.32005208362825216	0.360384198115014	script__VN2Stims_3_W_GPT2M_OnlyLoc	820611027	0.5	0.6	524811876	935649231
prediction	V1_0	SCRC_compatible	9.22780762910843	8.037944716215133	0.6059027778159362	0.6184949572739356	script__VN2Stims_3_W_GPT2M_OnlyLoc	820611027	0.5	0.6	524811876	935649231
prediction	V1_0	SCRC_incompatible	9.103114795684814	7.933161807060242	0.5580729167850222	0.5589248151265052	script__VN2Stims_3_W_GPT2M_OnlyLoc	820611027	0.5	0.6	524811876	935649231
guess	V1_0	SC_compatible	9.606647145748138	8.505053943395614	0.4456597223645076	0.4669174056587508	script__VN2Stims_3_W_GPT2M_OnlyLoc	820611027	0.5	0.6	524811876	935649231
guess	V1_0	NoSC_incompatible	6.643589377403259	6.489242744445801	NA	NA	script__VN2Stims_3_W_GPT2M_OnlyLoc	820611027	0.5	0.6	524811876	935649231
guess	V1_0	SC_incompatible	9.448472034931182	8.399805521965027	0.2203125003434252	0.27733224030689596	script__VN2Stims_3_W_GPT2M_OnlyLoc	820611027	0.5	0.6	524811876	935649231
guess	V1_0	SCRC_compatible	9.1870157122612	8.23921770453453	0.560850694635883	0.5760414945404364	script__VN2Stims_3_W_GPT2M_OnlyLoc	820611027	0.5	0.6	524811876	935649231
guess	V1_0	SCRC_incompatible	9.251724350452424	8.402340626716613	0.48463541676755995	0.5020273285882716	script__VN2Stims_3_W_GPT2M_OnlyLoc	820611027	0.5	0.6	524811876	935649231
statement	V1_0	SC_compatible	9.560909461975097	8.402107590436936	0.26493055652244946	0.2841978214301662	script__VN2Stims_3_W_GPT2M_OnlyLoc	820611027	0.5	0.6	524811876	935649231
statement	V1_0	NoSC_incompatible	6.040734529495239	5.939569664001465	NA	NA	script__VN2Stims_3_W_GPT2M_OnlyLoc	820611027	0.5	0.6	524811876	935649231
statement	V1_0	SC_incompatible	9.531938284635544	8.67992793917656	0.2967013891669922	0.3127448900712693	script__VN2Stims_3_W_GPT2M_OnlyLoc	820611027	0.5	0.6	524811876	935649231
statement	V1_0	SCRC_compatible	9.166825950145721	8.088970756530761	0.5837673612870276	0.5932457397916202	script__VN2Stims_3_W_GPT2M_OnlyLoc	820611027	0.5	0.6	524811876	935649231
statement	V1_0	SCRC_incompatible	9.089957630634308	8.195125466585159	0.5590277777926531	0.5635795309975947	script__VN2Stims_3_W_GPT2M_OnlyLoc	820611027	0.5	0.6	524811876	935649231
news	V1_0	SC_compatible	9.628895688056947	8.21304652094841	0.2657986116129905	0.31547188623389955	script__VN2Stims_3_W_GPT2M_OnlyLoc	820611027	0.5	0.6	524811876	935649231
news	V1_0	NoSC_incompatible	6.541254234313965	6.463325476646423	NA	NA	script__VN2Stims_3_W_GPT2M_OnlyLoc	820611027	0.5	0.6	524811876	935649231
news	V1_0	SC_incompatible	9.74112935066223	8.875044959783555	0.22821180589380674	0.28128451582906566	script__VN2Stims_3_W_GPT2M_OnlyLoc	820611027	0.5	0.6	524811876	935649231
news	V1_0	SCRC_compatible	9.602413284778596	8.14736419916153	0.7121527778101153	0.7346959689851034	script__VN2Stims_3_W_GPT2M_OnlyLoc	820611027	0.5	0.6	524811876	935649231
news	V1_0	SCRC_incompatible	9.053955185413361	8.068307083845138	0.5370659723412246	0.5437917589748613	script__VN2Stims_3_W_GPT2M_OnlyLoc	820611027	0.5	0.6	524811876	935649231
conjecture	V1_0	SC_compatible	9.918719482421874	8.73795589208603	0.1836805556260515	0.21289419822242978	script__VN2Stims_3_W_GPT2M_OnlyLoc	820611027	0.5	0.6	524811876	935649231
conjecture	V1_0	NoSC_incompatible	6.629675483703613	6.629675483703613	NA	NA	script__VN2Stims_3_W_GPT2M_OnlyLoc	820611027	0.5	0.6	524811876	935649231
conjecture	V1_0	SC_incompatible	9.516822946071624	8.476290714740752	0.32717013951623813	0.40836238542839	script__VN2Stims_3_W_GPT2M_OnlyLoc	820611027	0.5	0.6	524811876	935649231
conjecture	V1_0	SCRC_compatible	9.522415828704833	8.183473843336106	0.6344618056959007	0.6434258181123141	script__VN2Stims_3_W_GPT2M_OnlyLoc	820611027	0.5	0.6	524811876	935649231
conjecture	V1_0	SCRC_incompatible	9.255135917663575	8.299762082099914	0.5094618057599292	0.5188081036382016	script__VN2Stims_3_W_GPT2M_OnlyLoc	820611027	0.5	0.6	524811876	935649231
complaint	V1_0	SC_compatible	9.875888288021088	9.021688103675842	0.2578125003259629	0.2624954292201437	script__VN2Stims_3_W_GPT2M_OnlyLoc	820611027	0.5	0.6	524811876	935649231
complaint	V1_0	NoSC_incompatible	6.6340373992919925	6.6340373992919925	NA	NA	script__VN2Stims_3_W_GPT2M_OnlyLoc	820611027	0.5	0.6	524811876	935649231
complaint	V1_0	SC_incompatible	9.498729288578033	8.639247357845306	0.3703993059345521	0.402181940106945	script__VN2Stims_3_W_GPT2M_OnlyLoc	820611027	0.5	0.6	524811876	935649231
complaint	V1_0	SCRC_compatible	9.220166665315627	8.034270179271697	0.4853298612171784	0.4983812496490331	script__VN2Stims_3_W_GPT2M_OnlyLoc	820611027	0.5	0.6	524811876	935649231
complaint	V1_0	SCRC_incompatible	9.372264337539672	8.274465990066528	0.5830729168315884	0.5898265233119624	script__VN2Stims_3_W_GPT2M_OnlyLoc	820611027	0.5	0.6	524811876	935649231
suspicion	V1_0	SC_compatible	9.663429689407348	8.476474565267562	0.255468750349246	0.29649209780836827	script__VN2Stims_3_W_GPT2M_OnlyLoc	820611027	0.5	0.6	524811876	935649231
suspicion	V1_0	NoSC_incompatible	6.199347686767578	6.199347686767578	NA	NA	script__VN2Stims_3_W_GPT2M_OnlyLoc	820611027	0.5	0.6	524811876	935649231
suspicion	V1_0	SC_incompatible	9.478117036819459	8.201780331134795	0.46935763930086977	0.5166094636987509	script__VN2Stims_3_W_GPT2M_OnlyLoc	820611027	0.5	0.6	524811876	935649231
suspicion	V1_0	SCRC_compatible	9.166290628910065	8.025891250371933	0.6578993057250045	0.6577055161144927	script__VN2Stims_3_W_GPT2M_OnlyLoc	820611027	0.5	0.6	524811876	935649231
suspicion	V1_0	SCRC_incompatible	9.251077330112457	8.307551729679108	0.6096354169596452	0.62105577280497	script__VN2Stims_3_W_GPT2M_OnlyLoc	820611027	0.5	0.6	524811876	935649231
understanding	V1_0	SC_compatible	9.693111932277679	8.441293555498124	0.3655381955904886	0.3624157655052841	script__VN2Stims_3_W_GPT2M_OnlyLoc	820611027	0.5	0.6	524811876	935649231
understanding	V1_0	NoSC_incompatible	8.77761526107788	8.77761526107788	NA	NA	script__VN2Stims_3_W_GPT2M_OnlyLoc	820611027	0.5	0.6	524811876	935649231
understanding	V1_0	SC_incompatible	9.386385011672974	8.157909917831422	0.4137152792653069	0.4626954606825592	script__VN2Stims_3_W_GPT2M_OnlyLoc	820611027	0.5	0.6	524811876	935649231
understanding	V1_0	SCRC_compatible	9.375952494144439	8.186541485786439	0.6990451389865484	0.6939429611651593	script__VN2Stims_3_W_GPT2M_OnlyLoc	820611027	0.5	0.6	524811876	935649231
understanding	V1_0	SCRC_incompatible	9.170677864551545	8.263326388597488	0.5759548617468682	0.5940157428036514	script__VN2Stims_3_W_GPT2M_OnlyLoc	820611027	0.5	0.6	524811876	935649231
myth	V1_0	SC_compatible	9.885971105098724	8.897877740859986	0.23359375048312359	0.25364268904765447	script__VN2Stims_3_W_GPT2M_OnlyLoc	820611027	0.5	0.6	524811876	935649231
myth	V1_0	NoSC_incompatible	8.960277605056763	8.960277080535889	NA	NA	script__VN2Stims_3_W_GPT2M_OnlyLoc	820611027	0.5	0.6	524811876	935649231
myth	V1_0	SC_incompatible	9.490324580669403	8.74738130569458	0.3689236113743391	0.3833427090965415	script__VN2Stims_3_W_GPT2M_OnlyLoc	820611027	0.5	0.6	524811876	935649231
myth	V1_0	SCRC_compatible	9.34014117717743	8.010457587242126	0.7068576390389353	0.7113321958212282	script__VN2Stims_3_W_GPT2M_OnlyLoc	820611027	0.5	0.6	524811876	935649231
myth	V1_0	SCRC_incompatible	9.243070924282074	8.300684463977813	0.5801215279032477	0.5836025034915734	script__VN2Stims_3_W_GPT2M_OnlyLoc	820611027	0.5	0.6	524811876	935649231
perception	V1_0	SC_compatible	9.83302162885666	8.607583498954773	0.35529513939400204	0.3733309213248276	script__VN2Stims_3_W_GPT2M_OnlyLoc	820611027	0.5	0.6	524811876	935649231
perception	V1_0	NoSC_incompatible	8.610649609565735	8.551924991607667	NA	NA	script__VN2Stims_3_W_GPT2M_OnlyLoc	820611027	0.5	0.6	524811876	935649231
perception	V1_0	SC_incompatible	9.47296336889267	8.447485202550888	0.37447916708770207	0.44774996425101676	script__VN2Stims_3_W_GPT2M_OnlyLoc	820611027	0.5	0.6	524811876	935649231
perception	V1_0	SCRC_compatible	9.309611296653747	8.04290554523468	0.6623263892310206	0.6743913600267823	script__VN2Stims_3_W_GPT2M_OnlyLoc	820611027	0.5	0.6	524811876	935649231
perception	V1_0	SCRC_incompatible	9.126041579246522	8.009776628017425	0.6105034723936115	0.620406930340323	script__VN2Stims_3_W_GPT2M_OnlyLoc	820611027	0.5	0.6	524811876	935649231
remark	V1_0	SC_compatible	9.633518469333648	8.307048523426056	0.4542534726846498	0.45039989838415906	script__VN2Stims_3_W_GPT2M_OnlyLoc	820611027	0.5	0.6	524811876	935649231
remark	V1_0	NoSC_incompatible	5.194003558158874	5.135453510284424	NA	NA	script__VN2Stims_3_W_GPT2M_OnlyLoc	820611027	0.5	0.6	524811876	935649231
remark	V1_0	SC_incompatible	9.039336717128753	7.85962278842926	0.4556423621193971	0.5436174060203485	script__VN2Stims_3_W_GPT2M_OnlyLoc	820611027	0.5	0.6	524811876	935649231
remark	V1_0	SCRC_compatible	9.421069693565368	8.110705280303955	0.6442708336049691	0.6537942749676404	script__VN2Stims_3_W_GPT2M_OnlyLoc	820611027	0.5	0.6	524811876	935649231
remark	V1_0	SCRC_incompatible	9.199358403682709	8.048076766729356	0.5611111112055369	0.5634670134240304	script__VN2Stims_3_W_GPT2M_OnlyLoc	820611027	0.5	0.6	524811876	935649231
proof	V1_0	SC_compatible	9.367585915327073	8.093888282775879	0.41536458391929043	0.5247248826199211	script__VN2Stims_3_W_GPT2M_OnlyLoc	820611027	0.5	0.6	524811876	935649231
proof	V1_0	NoSC_incompatible	7.77840211391449	7.72031821012497	NA	NA	script__VN2Stims_3_W_GPT2M_OnlyLoc	820611027	0.5	0.6	524811876	935649231
proof	V1_0	SC_incompatible	9.426317870616913	8.393930578231812	0.3550347236159723	0.459404004877533	script__VN2Stims_3_W_GPT2M_OnlyLoc	820611027	0.5	0.6	524811876	935649231
proof	V1_0	SCRC_compatible	9.316126906871796	8.344542998075486	0.6725694448279682	0.687342956129578	script__VN2Stims_3_W_GPT2M_OnlyLoc	820611027	0.5	0.6	524811876	935649231
proof	V1_0	SCRC_incompatible	8.844001549482346	7.846196764707566	0.6385416671575512	0.6666898307957638	script__VN2Stims_3_W_GPT2M_OnlyLoc	820611027	0.5	0.6	524811876	935649231
assumption	V1_0	SC_compatible	9.109649467468262	7.963725012540817	0.45468750065774655	0.5219052201660815	script__VN2Stims_3_W_GPT2M_OnlyLoc	820611027	0.5	0.6	524811876	935649231
assumption	V1_0	NoSC_incompatible	7.248749732971191	7.140960216522217	NA	NA	script__VN2Stims_3_W_GPT2M_OnlyLoc	820611027	0.5	0.6	524811876	935649231
assumption	V1_0	SC_incompatible	9.084854918718339	8.07807224392891	0.2562500004249159	0.40895672080490153	script__VN2Stims_3_W_GPT2M_OnlyLoc	820611027	0.5	0.6	524811876	935649231
assumption	V1_0	SCRC_compatible	9.149799072742463	8.030109626054763	0.5727430558647029	0.5973291727852483	script__VN2Stims_3_W_GPT2M_OnlyLoc	820611027	0.5	0.6	524811876	935649231
assumption	V1_0	SCRC_incompatible	9.256689965724945	8.409218668937683	0.5614583335176576	0.5701781264474347	script__VN2Stims_3_W_GPT2M_OnlyLoc	820611027	0.5	0.6	524811876	935649231
speculation	V1_0	SC_compatible	9.490709155797958	8.528724932670594	0.2647569449211005	0.31228452394877876	script__VN2Stims_3_W_GPT2M_OnlyLoc	820611027	0.5	0.6	524811876	935649231
speculation	V1_0	NoSC_incompatible	6.9122947454452515	6.843285131454468	NA	NA	script__VN2Stims_3_W_GPT2M_OnlyLoc	820611027	0.5	0.6	524811876	935649231
speculation	V1_0	SC_incompatible	9.346121501922607	8.133014720678329	0.3970486109494232	0.48757610396927475	script__VN2Stims_3_W_GPT2M_OnlyLoc	820611027	0.5	0.6	524811876	935649231
speculation	V1_0	SCRC_compatible	9.094166672229766	8.018969482183456	0.6187500002386515	0.6248632334329429	script__VN2Stims_3_W_GPT2M_OnlyLoc	820611027	0.5	0.6	524811876	935649231
speculation	V1_0	SCRC_incompatible	9.421408343315125	8.38601998090744	0.5888020837272052	0.6018520164155414	script__VN2Stims_3_W_GPT2M_OnlyLoc	820611027	0.5	0.6	524811876	935649231
certainty	V1_0	SC_compatible	9.91023679971695	8.740776181221008	0.33758680571918376	0.3657113550746699	script__VN2Stims_3_W_GPT2M_OnlyLoc	820611027	0.5	0.6	524811876	935649231
certainty	V1_0	NoSC_incompatible	7.647093772888184	7.647093772888184	NA	NA	script__VN2Stims_3_W_GPT2M_OnlyLoc	820611027	0.5	0.6	524811876	935649231
certainty	V1_0	SC_incompatible	9.394115883111954	8.315034115314484	0.26545138891087844	0.30808032681183023	script__VN2Stims_3_W_GPT2M_OnlyLoc	820611027	0.5	0.6	524811876	935649231
certainty	V1_0	SCRC_compatible	9.243189454078674	8.09087747335434	0.6546006945427507	0.6622780959552829	script__VN2Stims_3_W_GPT2M_OnlyLoc	820611027	0.5	0.6	524811876	935649231
certainty	V1_0	SCRC_incompatible	9.3275230884552	8.253156232833863	0.6087673612288199	0.6152214285433959	script__VN2Stims_3_W_GPT2M_OnlyLoc	820611027	0.5	0.6	524811876	935649231
confirmation	V1_0	SC_compatible	9.664998996257783	8.563465291261673	0.44140625023283064	0.46773306917770013	script__VN2Stims_3_W_GPT2M_OnlyLoc	820611027	0.5	0.6	524811876	935649231
confirmation	V1_0	NoSC_incompatible	8.407840824127197	8.318910026550293	NA	NA	script__VN2Stims_3_W_GPT2M_OnlyLoc	820611027	0.5	0.6	524811876	935649231
confirmation	V1_0	SC_incompatible	9.406171774864196	8.384828984737396	0.4209201393474359	0.5063077708389138	script__VN2Stims_3_W_GPT2M_OnlyLoc	820611027	0.5	0.6	524811876	935649231
confirmation	V1_0	SCRC_compatible	9.423030591011047	8.307282954454422	0.39071180583559906	0.40075487631829354	script__VN2Stims_3_W_GPT2M_OnlyLoc	820611027	0.5	0.6	524811876	935649231
confirmation	V1_0	SCRC_incompatible	9.21965583562851	8.20041869878769	0.5595486112579238	0.5714982851430704	script__VN2Stims_3_W_GPT2M_OnlyLoc	820611027	0.5	0.6	524811876	935649231
reminder	V1_0	SC_compatible	9.469846093654633	8.441178119182586	0.2824652780778706	0.3043789047451355	script__VN2Stims_3_W_GPT2M_OnlyLoc	820611027	0.5	0.6	524811876	935649231
reminder	V1_0	NoSC_incompatible	6.545540428161621	6.545540428161621	NA	NA	script__VN2Stims_3_W_GPT2M_OnlyLoc	820611027	0.5	0.6	524811876	935649231
reminder	V1_0	SC_incompatible	9.469250953197479	8.514874291419982	0.3569444445776753	0.422219057808735	script__VN2Stims_3_W_GPT2M_OnlyLoc	820611027	0.5	0.6	524811876	935649231
reminder	V1_0	SCRC_compatible	9.392331290245057	8.411451810598374	0.6856770833896008	0.7018826051555038	script__VN2Stims_3_W_GPT2M_OnlyLoc	820611027	0.5	0.6	524811876	935649231
reminder	V1_0	SCRC_incompatible	9.369624602794648	8.19335925579071	0.6863715277169831	0.6974155289002055	script__VN2Stims_3_W_GPT2M_OnlyLoc	820611027	0.5	0.6	524811876	935649231
message	V1_0	SC_compatible	9.646754086017609	8.308727967739106	0.4441840281477198	0.44994069881358884	script__VN2Stims_3_W_GPT2M_OnlyLoc	820611027	0.5	0.6	524811876	935649231
message	V1_0	NoSC_incompatible	5.901440596580505	5.80883219242096	NA	NA	script__VN2Stims_3_W_GPT2M_OnlyLoc	820611027	0.5	0.6	524811876	935649231
message	V1_0	SC_incompatible	9.835253131389617	8.869113850593568	0.2629340280778706	0.28443528804746165	script__VN2Stims_3_W_GPT2M_OnlyLoc	820611027	0.5	0.6	524811876	935649231
message	V1_0	SCRC_compatible	9.041290283203125	7.738662880659104	0.6070312500873115	0.6116455233475563	script__VN2Stims_3_W_GPT2M_OnlyLoc	820611027	0.5	0.6	524811876	935649231
message	V1_0	SCRC_incompatible	9.018408155441284	8.133452570438385	0.5837673612055368	0.58605326728308	script__VN2Stims_3_W_GPT2M_OnlyLoc	820611027	0.5	0.6	524811876	935649231
revelation	V1_0	SC_compatible	9.65997349023819	8.677255022525788	0.364496528118616	0.40163627823576464	script__VN2Stims_3_W_GPT2M_OnlyLoc	820611027	0.5	0.6	524811876	935649231
revelation	V1_0	NoSC_incompatible	7.263231205940246	7.105818581581116	NA	NA	script__VN2Stims_3_W_GPT2M_OnlyLoc	820611027	0.5	0.6	524811876	935649231
revelation	V1_0	SC_incompatible	9.432163000106812	8.643900084495545	0.2153645837213844	0.2534356999152806	script__VN2Stims_3_W_GPT2M_OnlyLoc	820611027	0.5	0.6	524811876	935649231
revelation	V1_0	SCRC_compatible	9.342796647548676	8.166542541980743	0.6571180557017214	0.668704479677524	script__VN2Stims_3_W_GPT2M_OnlyLoc	820611027	0.5	0.6	524811876	935649231
revelation	V1_0	SCRC_incompatible	9.223988282680512	7.999903690814972	0.6298611111880745	0.6329495749201712	script__VN2Stims_3_W_GPT2M_OnlyLoc	820611027	0.5	0.6	524811876	935649231
assessment	V1_0	SC_compatible	9.422756242752076	8.21593251824379	0.3817708339483943	0.384590962500004	script__VN2Stims_3_W_GPT2M_OnlyLoc	820611027	0.5	0.6	524811876	935649231
assessment	V1_0	NoSC_incompatible	6.927986192703247	6.86362869143486	NA	NA	script__VN2Stims_3_W_GPT2M_OnlyLoc	820611027	0.5	0.6	524811876	935649231
assessment	V1_0	SC_incompatible	9.441899520158767	8.308919686079026	0.34270833379705434	0.38531416636760696	script__VN2Stims_3_W_GPT2M_OnlyLoc	820611027	0.5	0.6	524811876	935649231
assessment	V1_0	SCRC_compatible	9.324679696559906	8.454639488458634	0.6615451391087845	0.6629854423587911	script__VN2Stims_3_W_GPT2M_OnlyLoc	820611027	0.5	0.6	524811876	935649231
assessment	V1_0	SCRC_incompatible	9.031716251373291	8.177903348207474	0.5358506946475246	0.5384937018973688	script__VN2Stims_3_W_GPT2M_OnlyLoc	820611027	0.5	0.6	524811876	935649231
rumor	V1_0	SC_compatible	9.490269231796265	8.246581554412842	0.33272569460095835	0.3717704413564206	script__VN2Stims_3_W_GPT2M_OnlyLoc	820611027	0.5	0.6	524811876	935649231
rumor	V1_0	NoSC_incompatible	7.08432981967926	7.065601795911789	NA	NA	script__VN2Stims_3_W_GPT2M_OnlyLoc	820611027	0.5	0.6	524811876	935649231
rumor	V1_0	SC_incompatible	9.2770725607872	8.09395124912262	0.38732638919027523	0.4702860394390882	script__VN2Stims_3_W_GPT2M_OnlyLoc	820611027	0.5	0.6	524811876	935649231
rumor	V1_0	SCRC_compatible	9.410671305656432	8.378817796707153	0.4725694447639398	0.4933462636778131	script__VN2Stims_3_W_GPT2M_OnlyLoc	820611027	0.5	0.6	524811876	935649231
rumor	V1_0	SCRC_incompatible	9.311993610858917	8.261355715990067	0.46875000015133994	0.47463186813117775	script__VN2Stims_3_W_GPT2M_OnlyLoc	820611027	0.5	0.6	524811876	935649231
realization	V1_0	SC_compatible	9.786304730176926	8.22195119857788	0.4210069447872229	0.4694044509145897	script__VN2Stims_3_W_GPT2M_OnlyLoc	820611027	0.5	0.6	524811876	935649231
realization	V1_0	NoSC_incompatible	7.040006256103515	7.040006256103515	NA	NA	script__VN2Stims_3_W_GPT2M_OnlyLoc	820611027	0.5	0.6	524811876	935649231
realization	V1_0	SC_incompatible	9.42615294456482	8.371867859363556	0.3221354168781545	0.39698676272545297	script__VN2Stims_3_W_GPT2M_OnlyLoc	820611027	0.5	0.6	524811876	935649231
realization	V1_0	SCRC_compatible	8.890719950199127	7.7445854306221005	0.6624131946009584	0.667996391365546	script__VN2Stims_3_W_GPT2M_OnlyLoc	820611027	0.5	0.6	524811876	935649231
realization	V1_0	SCRC_incompatible	9.320251452922822	8.317682152986526	0.4854166668141261	0.4937493420151551	script__VN2Stims_3_W_GPT2M_OnlyLoc	820611027	0.5	0.6	524811876	935649231
story	V1_0	SC_compatible	9.526722526550293	8.645144128799439	0.2703993058705237	0.2877465801254857	script__VN2Stims_3_W_GPT2M_OnlyLoc	820611027	0.5	0.6	524811876	935649231
story	V1_0	NoSC_incompatible	7.68143070936203	7.451309716701507	NA	NA	script__VN2Stims_3_W_GPT2M_OnlyLoc	820611027	0.5	0.6	524811876	935649231
story	V1_0	SC_incompatible	9.514375340938567	8.704040598869323	0.29088541691889985	0.31098124890313555	script__VN2Stims_3_W_GPT2M_OnlyLoc	820611027	0.5	0.6	524811876	935649231
story	V1_0	SCRC_compatible	9.29804813861847	8.46246817111969	0.3595486112346407	0.3701921024096082	script__VN2Stims_3_W_GPT2M_OnlyLoc	820611027	0.5	0.6	524811876	935649231
story	V1_0	SCRC_incompatible	8.98957988023758	7.898644149303436	0.6793402778333985	0.6812364617994529	script__VN2Stims_3_W_GPT2M_OnlyLoc	820611027	0.5	0.6	524811876	935649231
impression	V1_0	SC_compatible	9.605951356887818	8.182287418842316	0.4466145867831074	0.38669082024098317	script__VN2Stims_3_W_GPT2M_OnlyLoc	820611027	0.5	0.6	524811876	935649231
impression	V1_0	NoSC_incompatible	7.652898836135864	7.567802131175995	NA	NA	script__VN2Stims_3_W_GPT2M_OnlyLoc	820611027	0.5	0.6	524811876	935649231
impression	V1_0	SC_incompatible	8.860120993852615	7.766536393761635	0.44835069513646886	0.5056953035113111	script__VN2Stims_3_W_GPT2M_OnlyLoc	820611027	0.5	0.6	524811876	935649231
impression	V1_0	SCRC_compatible	9.192117249965667	7.706601172685623	0.6276909726846498	0.6287507758446764	script__VN2Stims_3_W_GPT2M_OnlyLoc	820611027	0.5	0.6	524811876	935649231
impression	V1_0	SCRC_incompatible	9.166473460197448	8.412495934963227	0.5140625005762558	0.5196465125724823	script__VN2Stims_3_W_GPT2M_OnlyLoc	820611027	0.5	0.6	524811876	935649231
announcement	V1_0	SC_compatible	9.788029789924622	8.287876284122467	0.4578993058530614	0.4817730317059613	script__VN2Stims_3_W_GPT2M_OnlyLoc	820611027	0.5	0.6	524811876	935649231
announcement	V1_0	NoSC_incompatible	6.26353349685669	6.205418062210083	NA	NA	script__VN2Stims_3_W_GPT2M_OnlyLoc	820611027	0.5	0.6	524811876	935649231
announcement	V1_0	SC_incompatible	9.549494397640228	8.378844583034516	0.38142361111240464	0.4150025279232068	script__VN2Stims_3_W_GPT2M_OnlyLoc	820611027	0.5	0.6	524811876	935649231
announcement	V1_0	SCRC_compatible	9.525162231922149	8.257536447048187	0.720052083907649	0.7291791780247877	script__VN2Stims_3_W_GPT2M_OnlyLoc	820611027	0.5	0.6	524811876	935649231
announcement	V1_0	SCRC_incompatible	9.429506981372834	8.51843602657318	0.5599826391378884	0.5617531688033834	script__VN2Stims_3_W_GPT2M_OnlyLoc	820611027	0.5	0.6	524811876	935649231
opinion	V1_0	SC_compatible	9.627926999330521	8.65820951461792	0.39097222227137535	0.3752383651438817	script__VN2Stims_3_W_GPT2M_OnlyLoc	820611027	0.5	0.6	524811876	935649231
opinion	V1_0	NoSC_incompatible	7.122245192527771	7.085653591156006	NA	NA	script__VN2Stims_3_W_GPT2M_OnlyLoc	820611027	0.5	0.6	524811876	935649231
opinion	V1_0	SC_incompatible	9.497779726982117	8.50516642332077	0.31215277906740085	0.29665328435512495	script__VN2Stims_3_W_GPT2M_OnlyLoc	820611027	0.5	0.6	524811876	935649231
opinion	V1_0	SCRC_compatible	9.32204994559288	8.10278566479683	0.6467013890855015	0.6498069897301321	script__VN2Stims_3_W_GPT2M_OnlyLoc	820611027	0.5	0.6	524811876	935649231
opinion	V1_0	SCRC_incompatible	9.162167036533356	8.086521935462951	0.6362847222888377	0.6428469896072728	script__VN2Stims_3_W_GPT2M_OnlyLoc	820611027	0.5	0.6	524811876	935649231
report	V1_0	SC_compatible	9.575891387462615	8.507153129577636	0.448871528217569	0.48231129613122903	script__VN2Stims_3_W_GPT2M_OnlyLoc	820611027	0.5	0.6	524811876	935649231
report	V1_0	NoSC_incompatible	6.9613484859466555	6.91119692325592	NA	NA	script__VN2Stims_3_W_GPT2M_OnlyLoc	820611027	0.5	0.6	524811876	935649231
report	V1_0	SC_incompatible	9.731185030937194	9.03571846485138	0.22994791710516438	0.2844330806647645	script__VN2Stims_3_W_GPT2M_OnlyLoc	820611027	0.5	0.6	524811876	935649231
report	V1_0	SCRC_compatible	9.394258129596711	8.218831419944763	0.5854166668374091	0.597433789477785	script__VN2Stims_3_W_GPT2M_OnlyLoc	820611027	0.5	0.6	524811876	935649231
report	V1_0	SCRC_incompatible	9.36207247376442	8.492904716730118	0.5580729168141261	0.5672904069063933	script__VN2Stims_3_W_GPT2M_OnlyLoc	820611027	0.5	0.6	524811876	935649231
feeling	V1_0	SC_compatible	9.575205981731415	8.001148492097855	0.43914930560276844	0.4918769930593953	script__VN2Stims_3_W_GPT2M_OnlyLoc	820611027	0.5	0.6	524811876	935649231
feeling	V1_0	NoSC_incompatible	7.2006011486053465	7.066504168510437	NA	NA	script__VN2Stims_3_W_GPT2M_OnlyLoc	820611027	0.5	0.6	524811876	935649231
feeling	V1_0	SC_incompatible	9.00725852251053	7.908467984199524	0.3565104171866551	0.4308595219099516	script__VN2Stims_3_W_GPT2M_OnlyLoc	820611027	0.5	0.6	524811876	935649231
feeling	V1_0	SCRC_compatible	9.306447887420655	8.308215546607972	0.6162326391844545	0.6352097699935257	script__VN2Stims_3_W_GPT2M_OnlyLoc	820611027	0.5	0.6	524811876	935649231
feeling	V1_0	SCRC_incompatible	9.15497430562973	8.171902430057525	0.5877604171284474	0.6066329900685445	script__VN2Stims_3_W_GPT2M_OnlyLoc	820611027	0.5	0.6	524811876	935649231
concern	V1_0	SC_compatible	9.506812262535096	8.07204470038414	0.3845486113568768	0.38854465091135354	script__VN2Stims_3_W_GPT2M_OnlyLoc	820611027	0.5	0.6	524811876	935649231
concern	V1_0	NoSC_incompatible	6.744483947753906	6.744483947753906	NA	NA	script__VN2Stims_3_W_GPT2M_OnlyLoc	820611027	0.5	0.6	524811876	935649231
concern	V1_0	SC_incompatible	9.219496846199036	8.235590785741806	0.33489583380287513	0.3686600950672073	script__VN2Stims_3_W_GPT2M_OnlyLoc	820611027	0.5	0.6	524811876	935649231
concern	V1_0	SCRC_compatible	9.184552705287933	7.846374094486237	0.6147569446125999	0.6203324446505121	script__VN2Stims_3_W_GPT2M_OnlyLoc	820611027	0.5	0.6	524811876	935649231
concern	V1_0	SCRC_incompatible	9.300653278827667	8.465665817260742	0.46779513921937904	0.4758579034964896	script__VN2Stims_3_W_GPT2M_OnlyLoc	820611027	0.5	0.6	524811876	935649231
thought	V1_0	SC_compatible	9.848208796977996	8.5367442548275	0.4244791688630357	0.43558907263650326	script__VN2Stims_3_W_GPT2M_OnlyLoc	820611027	0.5	0.6	524811876	935649231
thought	V1_0	NoSC_incompatible	7.724278128147125	7.590760254859925	NA	NA	script__VN2Stims_3_W_GPT2M_OnlyLoc	820611027	0.5	0.6	524811876	935649231
thought	V1_0	SC_incompatible	9.31132463812828	8.361248922348022	0.5226562513504177	0.6093460850215251	script__VN2Stims_3_W_GPT2M_OnlyLoc	820611027	0.5	0.6	524811876	935649231
thought	V1_0	SCRC_compatible	9.31237530708313	8.25197013616562	0.7048611118923873	0.7036046685301699	script__VN2Stims_3_W_GPT2M_OnlyLoc	820611027	0.5	0.6	524811876	935649231
thought	V1_0	SCRC_incompatible	9.359910249710083	8.327281087636948	0.6406250009022187	0.6476552364387814	script__VN2Stims_3_W_GPT2M_OnlyLoc	820611027	0.5	0.6	524811876	935649231
accusation	V1_0	SC_compatible	9.807463812828065	8.849356710910797	0.2737847226206213	0.3028360612486722	script__VN2Stims_3_W_GPT2M_OnlyLoc	820611027	0.5	0.6	524811876	935649231
accusation	V1_0	NoSC_incompatible	6.174691867828369	6.099191176891327	NA	NA	script__VN2Stims_3_W_GPT2M_OnlyLoc	820611027	0.5	0.6	524811876	935649231
accusation	V1_0	SC_incompatible	9.456106448173523	8.392729932069779	0.20364583379705437	0.30013182401453375	script__VN2Stims_3_W_GPT2M_OnlyLoc	820611027	0.5	0.6	524811876	935649231
accusation	V1_0	SCRC_compatible	9.25118978023529	8.060170555114746	0.657465277868323	0.6639309283992709	script__VN2Stims_3_W_GPT2M_OnlyLoc	820611027	0.5	0.6	524811876	935649231
accusation	V1_0	SCRC_incompatible	9.124392485618591	8.311488974094392	0.5833333334419877	0.5947572253199269	script__VN2Stims_3_W_GPT2M_OnlyLoc	820611027	0.5	0.6	524811876	935649231
disclosure	V1_0	SC_compatible	9.956902766227723	8.946592092514038	0.26406250008149074	0.27558771315852865	script__VN2Stims_3_W_GPT2M_OnlyLoc	820611027	0.5	0.6	524811876	935649231
disclosure	V1_0	NoSC_incompatible	6.746244192123413	6.62193911075592	NA	NA	script__VN2Stims_3_W_GPT2M_OnlyLoc	820611027	0.5	0.6	524811876	935649231
disclosure	V1_0	SC_incompatible	9.526525390148162	8.711136651039123	0.30972222244017755	0.3369552452171357	script__VN2Stims_3_W_GPT2M_OnlyLoc	820611027	0.5	0.6	524811876	935649231
disclosure	V1_0	SCRC_compatible	9.252255487442017	8.412881022691726	0.4592013890913222	0.4620219548518569	script__VN2Stims_3_W_GPT2M_OnlyLoc	820611027	0.5	0.6	524811876	935649231
disclosure	V1_0	SCRC_incompatible	9.277035975456238	8.248547595739364	0.5542534722830169	0.5584763034034925	script__VN2Stims_3_W_GPT2M_OnlyLoc	820611027	0.5	0.6	524811876	935649231
finding	V1_0	SC_compatible	9.733321022987365	8.334860271215438	0.2833333339134697	0.3717916986905038	script__VN2Stims_3_W_GPT2M_OnlyLoc	820611027	0.5	0.6	524811876	935649231
finding	V1_0	NoSC_incompatible	6.58778555393219	6.536032581329346	NA	NA	script__VN2Stims_3_W_GPT2M_OnlyLoc	820611027	0.5	0.6	524811876	935649231
finding	V1_0	SC_incompatible	9.497453117370606	8.347942864894867	0.35555555587634446	0.404141553489662	script__VN2Stims_3_W_GPT2M_OnlyLoc	820611027	0.5	0.6	524811876	935649231
finding	V1_0	SCRC_compatible	9.305880331993103	8.171607655286788	0.5130208334187045	0.5275295121424863	script__VN2Stims_3_W_GPT2M_OnlyLoc	820611027	0.5	0.6	524811876	935649231
finding	V1_0	SCRC_incompatible	9.27841558456421	8.231014794111251	0.6223958335234784	0.6342572349814872	script__VN2Stims_3_W_GPT2M_OnlyLoc	820611027	0.5	0.6	524811876	935649231
assertion	V1_0	SC_compatible	9.809924495220184	8.4943472802639	0.3403645843733102	0.42336130834155483	script__VN2Stims_3_W_GPT2M_OnlyLoc	820611027	0.5	0.6	524811876	935649231
assertion	V1_0	NoSC_incompatible	7.143543517589569	7.1009017586708065	NA	NA	script__VN2Stims_3_W_GPT2M_OnlyLoc	820611027	0.5	0.6	524811876	935649231
assertion	V1_0	SC_incompatible	8.820619720220567	7.768713229894638	0.4274305559636559	0.5380290737968756	script__VN2Stims_3_W_GPT2M_OnlyLoc	820611027	0.5	0.6	524811876	935649231
assertion	V1_0	SCRC_compatible	9.224318873882293	8.09501023888588	0.5753472225333098	0.577691689603127	script__VN2Stims_3_W_GPT2M_OnlyLoc	820611027	0.5	0.6	524811876	935649231
assertion	V1_0	SCRC_incompatible	9.256703662872315	8.08104329109192	0.5538194451015442	0.5667831590787046	script__VN2Stims_3_W_GPT2M_OnlyLoc	820611027	0.5	0.6	524811876	935649231
indication	V1_0	SC_compatible	9.411993026733398	8.121958696842194	0.26979166697128676	0.3297782575900783	script__VN2Stims_3_W_GPT2M_OnlyLoc	820611027	0.5	0.6	524811876	935649231
indication	V1_0	NoSC_incompatible	7.115003085136413	7.041307830810547	NA	NA	script__VN2Stims_3_W_GPT2M_OnlyLoc	820611027	0.5	0.6	524811876	935649231
indication	V1_0	SC_incompatible	9.176480448246002	8.236601328849792	0.3732638890156522	0.4422407106466949	script__VN2Stims_3_W_GPT2M_OnlyLoc	820611027	0.5	0.6	524811876	935649231
indication	V1_0	SCRC_compatible	9.1177854180336	7.8994047284126285	0.5665798612870276	0.5780576393930654	script__VN2Stims_3_W_GPT2M_OnlyLoc	820611027	0.5	0.6	524811876	935649231
indication	V1_0	SCRC_incompatible	9.139855086803436	8.094399845600128	0.5377604167559185	0.5548831453964655	script__VN2Stims_3_W_GPT2M_OnlyLoc	820611027	0.5	0.6	524811876	935649231
idea	V1_0	SC_compatible	9.504216408729553	8.126312404870987	0.39166666754172186	0.4109781622936353	script__VN2Stims_3_W_GPT2M_OnlyLoc	820611027	0.5	0.6	524811876	935649231
idea	V1_0	NoSC_incompatible	6.933584326505661	6.8758431613445286	NA	NA	script__VN2Stims_3_W_GPT2M_OnlyLoc	820611027	0.5	0.6	524811876	935649231
idea	V1_0	SC_incompatible	8.837454503774643	7.850506585836411	0.4176215281593613	0.48414732136346855	script__VN2Stims_3_W_GPT2M_OnlyLoc	820611027	0.5	0.6	524811876	935649231
idea	V1_0	SCRC_compatible	9.163813734054566	7.951895838975906	0.5705729176057502	0.6079754970839361	script__VN2Stims_3_W_GPT2M_OnlyLoc	820611027	0.5	0.6	524811876	935649231
idea	V1_0	SCRC_incompatible	8.858826315402984	7.976865917444229	0.6055555558006744	0.6167474841960352	script__VN2Stims_3_W_GPT2M_OnlyLoc	820611027	0.5	0.6	524811876	935649231
recognition	V1_0	SC_compatible	9.721777546405793	8.554116863012315	0.3171875003958121	0.331146605396998	script__VN2Stims_3_W_GPT2M_OnlyLoc	820611027	0.5	0.6	524811876	935649231
recognition	V1_0	NoSC_incompatible	8.026429080963135	8.026429080963135	NA	NA	script__VN2Stims_3_W_GPT2M_OnlyLoc	820611027	0.5	0.6	524811876	935649231
recognition	V1_0	SC_incompatible	9.404353487491608	8.50050836801529	0.3148437500698492	0.35280020396287737	script__VN2Stims_3_W_GPT2M_OnlyLoc	820611027	0.5	0.6	524811876	935649231
recognition	V1_0	SCRC_compatible	9.61054892539978	8.470588421821594	0.6083333333954215	0.6116130134608705	script__VN2Stims_3_W_GPT2M_OnlyLoc	820611027	0.5	0.6	524811876	935649231
recognition	V1_0	SCRC_incompatible	9.267294776439666	8.321827274560928	0.55321180561441	0.5554810376938238	script__VN2Stims_3_W_GPT2M_OnlyLoc	820611027	0.5	0.6	524811876	935649231
conclusion	V1_0	SC_compatible	9.309863126277923	8.373627948760987	0.35546875045401977	0.3703146092800912	script__VN2Stims_3_W_GPT2M_OnlyLoc	820611027	0.5	0.6	524811876	935649231
conclusion	V1_0	NoSC_incompatible	7.371996521949768	7.100016516447067	NA	NA	script__VN2Stims_3_W_GPT2M_OnlyLoc	820611027	0.5	0.6	524811876	935649231
conclusion	V1_0	SC_incompatible	9.606327188014983	8.49395272731781	0.34062500013387764	0.3844184024070273	script__VN2Stims_3_W_GPT2M_OnlyLoc	820611027	0.5	0.6	524811876	935649231
conclusion	V1_0	SCRC_compatible	9.217322951555252	8.016249853372575	0.5993923612986691	0.618934801187992	script__VN2Stims_3_W_GPT2M_OnlyLoc	820611027	0.5	0.6	524811876	935649231
conclusion	V1_0	SCRC_incompatible	8.984646266698837	7.945621848106384	0.594444445008412	0.6115141170623246	script__VN2Stims_3_W_GPT2M_OnlyLoc	820611027	0.5	0.6	524811876	935649231
truth	V1_0	SC_compatible	9.729062676429749	8.623433375358582	0.397222222504206	0.4232462119194679	script__VN2Stims_3_W_GPT2M_OnlyLoc	820611027	0.5	0.6	524811876	935649231
truth	V1_0	NoSC_incompatible	8.471724224090575	8.446782302856445	NA	NA	script__VN2Stims_3_W_GPT2M_OnlyLoc	820611027	0.5	0.6	524811876	935649231
truth	V1_0	SC_incompatible	9.51990807056427	8.563053393363953	0.4456597224518191	0.4793780581891042	script__VN2Stims_3_W_GPT2M_OnlyLoc	820611027	0.5	0.6	524811876	935649231
truth	V1_0	SCRC_compatible	9.06928243637085	7.953240638971328	0.4623263889399823	0.4771042640026219	script__VN2Stims_3_W_GPT2M_OnlyLoc	820611027	0.5	0.6	524811876	935649231
truth	V1_0	SCRC_incompatible	8.983738029003144	7.98443141579628	0.5835937499941792	0.5931400569451171	script__VN2Stims_3_W_GPT2M_OnlyLoc	820611027	0.5	0.6	524811876	935649231
intuition	V1_0	SC_compatible	9.619403600692749	8.449662667512893	0.27092013927176595	0.3054455474630231	script__VN2Stims_3_W_GPT2M_OnlyLoc	820611027	0.5	0.6	524811876	935649231
intuition	V1_0	NoSC_incompatible	7.597326850891113	7.573973560333252	NA	NA	script__VN2Stims_3_W_GPT2M_OnlyLoc	820611027	0.5	0.6	524811876	935649231
intuition	V1_0	SC_incompatible	9.335884392261505	8.291733491420747	0.43836805571918375	0.4625979403168913	script__VN2Stims_3_W_GPT2M_OnlyLoc	820611027	0.5	0.6	524811876	935649231
intuition	V1_0	SCRC_compatible	9.277343237400055	8.073045623302459	0.5825520835176576	0.6001299706763774	script__VN2Stims_3_W_GPT2M_OnlyLoc	820611027	0.5	0.6	524811876	935649231
intuition	V1_0	SCRC_incompatible	9.182855999469757	7.932933342456818	0.6067708333721384	0.6147033610809591	script__VN2Stims_3_W_GPT2M_OnlyLoc	820611027	0.5	0.6	524811876	935649231
notion	V1_0	SC_compatible	9.6350923538208	7.908205890655518	0.39722222309792415	0.47870622846239713	script__VN2Stims_3_W_GPT2M_OnlyLoc	820611027	0.5	0.6	524811876	935649231
notion	V1_0	NoSC_incompatible	9.260854697227478	9.238417196273804	NA	NA	script__VN2Stims_3_W_GPT2M_OnlyLoc	820611027	0.5	0.6	524811876	935649231
notion	V1_0	SC_incompatible	9.038261866569519	7.971842432022095	0.3371527793817222	0.456028742469789	script__VN2Stims_3_W_GPT2M_OnlyLoc	820611027	0.5	0.6	524811876	935649231
notion	V1_0	SCRC_compatible	9.51782283782959	8.347635924816132	0.7223090280604083	0.7443898785575584	script__VN2Stims_3_W_GPT2M_OnlyLoc	820611027	0.5	0.6	524811876	935649231
notion	V1_0	SCRC_incompatible	9.238778412342072	8.239327323436736	0.5889756945427507	0.5981459265174515	script__VN2Stims_3_W_GPT2M_OnlyLoc	820611027	0.5	0.6	524811876	935649231
claim	V1_0	SC_compatible	9.955371367931367	8.702908170223235	0.38090277913725	0.3954626620972704	script__VN2Stims_3_W_GPT2M_OnlyLoc	820611027	0.5	0.6	524811876	935649231
claim	V1_0	NoSC_incompatible	6.971219730377197	6.971219158172607	NA	NA	script__VN2Stims_3_W_GPT2M_OnlyLoc	820611027	0.5	0.6	524811876	935649231
claim	V1_0	SC_incompatible	9.419375789165496	8.29254303574562	0.5010416672681458	0.5824931822135113	script__VN2Stims_3_W_GPT2M_OnlyLoc	820611027	0.5	0.6	524811876	935649231
claim	V1_0	SCRC_compatible	9.09283343553543	7.768378657102585	0.6618055561790243	0.6739767031363698	script__VN2Stims_3_W_GPT2M_OnlyLoc	820611027	0.5	0.6	524811876	935649231
claim	V1_0	SCRC_incompatible	9.086038517951966	7.881833374500275	0.7335937517869752	0.7309219231804331	script__VN2Stims_3_W_GPT2M_OnlyLoc	820611027	0.5	0.6	524811876	935649231
sense	V1_0	SC_compatible	9.576839375495911	8.342255258560181	0.340885416965466	0.3644825915427646	script__VN2Stims_3_W_GPT2M_OnlyLoc	820611027	0.5	0.6	524811876	935649231
sense	V1_0	NoSC_incompatible	9.408072233200073	9.382386589050293	NA	NA	script__VN2Stims_3_W_GPT2M_OnlyLoc	820611027	0.5	0.6	524811876	935649231
sense	V1_0	SC_incompatible	9.074987721443176	7.8654524981975555	0.4644097223586868	0.522730726073496	script__VN2Stims_3_W_GPT2M_OnlyLoc	820611027	0.5	0.6	524811876	935649231
sense	V1_0	SCRC_compatible	9.316159439086913	7.836548376083374	0.5903645836398936	0.6001186236809192	script__VN2Stims_3_W_GPT2M_OnlyLoc	820611027	0.5	0.6	524811876	935649231
sense	V1_0	SCRC_incompatible	9.038070356845855	7.96760955452919	0.6403645835933276	0.64991172062091	script__VN2Stims_3_W_GPT2M_OnlyLoc	820611027	0.5	0.6	524811876	935649231
contention	V1_0	SC_compatible	9.66647915840149	8.663216078281403	0.3167534723994322	0.3477007430308731	script__VN2Stims_3_W_GPT2M_OnlyLoc	820611027	0.5	0.6	524811876	935649231
contention	V1_0	NoSC_incompatible	6.969779586791992	6.969779586791992	NA	NA	script__VN2Stims_3_W_GPT2M_OnlyLoc	820611027	0.5	0.6	524811876	935649231
contention	V1_0	SC_incompatible	9.364319241046905	8.507760655879974	0.5374131947231945	0.5544183182516462	script__VN2Stims_3_W_GPT2M_OnlyLoc	820611027	0.5	0.6	524811876	935649231
contention	V1_0	SCRC_compatible	9.070514166355133	8.045442581176758	0.6086805556667969	0.6160764467391118	script__VN2Stims_3_W_GPT2M_OnlyLoc	820611027	0.5	0.6	524811876	935649231
contention	V1_0	SCRC_incompatible	9.019772565364837	7.893716448545456	0.7031250000523869	0.7038473049592483	script__VN2Stims_3_W_GPT2M_OnlyLoc	820611027	0.5	0.6	524811876	935649231
admission	V1_0	SC_compatible	9.501751315593719	8.346933495998382	0.388281250273576	0.41184343774457377	script__VN2Stims_3_W_GPT2M_OnlyLoc	820611027	0.5	0.6	524811876	935649231
admission	V1_0	NoSC_incompatible	6.906030583381653	6.735723853111267	NA	NA	script__VN2Stims_3_W_GPT2M_OnlyLoc	820611027	0.5	0.6	524811876	935649231
admission	V1_0	SC_incompatible	9.652515494823456	8.746394681930543	0.33454861121135765	0.35163269833544747	script__VN2Stims_3_W_GPT2M_OnlyLoc	820611027	0.5	0.6	524811876	935649231
admission	V1_0	SCRC_compatible	8.83446580171585	7.61685082912445	0.5356770833313931	0.5439548423526193	script__VN2Stims_3_W_GPT2M_OnlyLoc	820611027	0.5	0.6	524811876	935649231
admission	V1_0	SCRC_incompatible	8.948434436321259	8.055120182037353	0.5315972223994322	0.5287450318484022	script__VN2Stims_3_W_GPT2M_OnlyLoc	820611027	0.5	0.6	524811876	935649231
assurance	V1_0	SC_compatible	9.393044650554657	8.245731014013291	0.38463541711098514	0.4213329837213678	script__VN2Stims_3_W_GPT2M_OnlyLoc	820611027	0.5	0.6	524811876	935649231
assurance	V1_0	NoSC_incompatible	7.7281547546386715	7.7281547546386715	NA	NA	script__VN2Stims_3_W_GPT2M_OnlyLoc	820611027	0.5	0.6	524811876	935649231
assurance	V1_0	SC_incompatible	9.40385011434555	8.494523632526398	0.3105902778916061	0.3658667198382318	script__VN2Stims_3_W_GPT2M_OnlyLoc	820611027	0.5	0.6	524811876	935649231
assurance	V1_0	SCRC_compatible	9.378916323184967	8.287994825839997	0.6829861112171784	0.6906349672764625	script__VN2Stims_3_W_GPT2M_OnlyLoc	820611027	0.5	0.6	524811876	935649231
assurance	V1_0	SCRC_incompatible	9.242989885807038	8.343427115678788	0.5136284724576399	0.5276489147069556	script__VN2Stims_3_W_GPT2M_OnlyLoc	820611027	0.5	0.6	524811876	935649231
fact	V1_0	SC_compatible	9.093309164047241	8.017353594303131	0.483940974494908	0.5304679252207279	script__VN2Stims_3_W_GPT2M_OnlyLoc	820611027	0.5	0.6	524811876	935649231
fact	V1_0	NoSC_incompatible	10.270037651062012	10.27003617286682	NA	NA	script__VN2Stims_3_W_GPT2M_OnlyLoc	820611027	0.5	0.6	524811876	935649231
fact	V1_0	SC_incompatible	9.208034431934356	8.017096686363221	0.43281250138534233	0.5354285684112255	script__VN2Stims_3_W_GPT2M_OnlyLoc	820611027	0.5	0.6	524811876	935649231
fact	V1_0	SCRC_compatible	9.294772487878799	8.023212325572967	0.6087673611065838	0.6525643829513627	script__VN2Stims_3_W_GPT2M_OnlyLoc	820611027	0.5	0.6	524811876	935649231
fact	V1_0	SCRC_incompatible	9.112936127185822	8.142131513357162	0.6785590292245616	0.7034090877442793	script__VN2Stims_3_W_GPT2M_OnlyLoc	820611027	0.5	0.6	524811876	935649231
conviction	V1_0	SC_compatible	9.540794670581818	8.532992601394653	0.39071180584141985	0.40353146270945217	script__VN2Stims_3_W_GPT2M_OnlyLoc	820611027	0.5	0.6	524811876	935649231
conviction	V1_0	NoSC_incompatible	6.83195390701294	6.831953334808349	NA	NA	script__VN2Stims_3_W_GPT2M_OnlyLoc	820611027	0.5	0.6	524811876	935649231
conviction	V1_0	SC_incompatible	9.391897255182267	8.273438805341721	0.3664930559694767	0.41595222337246013	script__VN2Stims_3_W_GPT2M_OnlyLoc	820611027	0.5	0.6	524811876	935649231
conviction	V1_0	SCRC_compatible	9.276259195804595	8.14226325750351	0.5845486111764331	0.5936598157881632	script__VN2Stims_3_W_GPT2M_OnlyLoc	820611027	0.5	0.6	524811876	935649231
conviction	V1_0	SCRC_incompatible	9.15894819498062	8.05361059308052	0.6295138889807277	0.629856950844162	script__VN2Stims_3_W_GPT2M_OnlyLoc	820611027	0.5	0.6	524811876	935649231
view	V1_0	SC_compatible	9.213224720954894	7.9505049884319305	0.5045138893881813	0.5134523657296086	script__VN2Stims_3_W_GPT2M_OnlyLoc	820611027	0.5	0.6	524811876	935649231
view	V1_0	NoSC_incompatible	8.298955249786378	8.067359209060669	NA	NA	script__VN2Stims_3_W_GPT2M_OnlyLoc	820611027	0.5	0.6	524811876	935649231
view	V1_0	SC_incompatible	9.720265305042266	8.497567224502564	0.30633680588798595	0.34437975006708255	script__VN2Stims_3_W_GPT2M_OnlyLoc	820611027	0.5	0.6	524811876	935649231
view	V1_0	SCRC_compatible	9.305462795495988	7.983114945888519	0.6672743058414199	0.6747467996052209	script__VN2Stims_3_W_GPT2M_OnlyLoc	820611027	0.5	0.6	524811876	935649231
view	V1_0	SCRC_incompatible	9.267397344112396	8.209281814098357	0.6848090278974268	0.6911580492945433	script__VN2Stims_3_W_GPT2M_OnlyLoc	820611027	0.5	0.6	524811876	935649231
suggestion	V1_0	SC_compatible	9.623314332962035	8.38368114233017	0.3824652787181549	0.39479694102556095	script__VN2Stims_3_W_GPT2M_OnlyLoc	820611027	0.5	0.6	524811876	935649231
suggestion	V1_0	NoSC_incompatible	6.793730354309082	6.7112988352775576	NA	NA	script__VN2Stims_3_W_GPT2M_OnlyLoc	820611027	0.5	0.6	524811876	935649231
suggestion	V1_0	SC_incompatible	9.242051553726196	8.175556921958924	0.34574652820592744	0.4381673861760646	script__VN2Stims_3_W_GPT2M_OnlyLoc	820611027	0.5	0.6	524811876	935649231
suggestion	V1_0	SCRC_compatible	9.37179160118103	7.893139320611954	0.5089409728650935	0.5163961659302053	script__VN2Stims_3_W_GPT2M_OnlyLoc	820611027	0.5	0.6	524811876	935649231
suggestion	V1_0	SCRC_incompatible	9.224264657497406	8.286571323871613	0.6174479170993437	0.6126545724504922	script__VN2Stims_3_W_GPT2M_OnlyLoc	820611027	0.5	0.6	524811876	935649231
presumption	V1_0	SC_compatible	9.702362751960754	8.899742299318314	0.26953125024447216	0.3189126326416954	script__VN2Stims_3_W_GPT2M_OnlyLoc	820611027	0.5	0.6	524811876	935649231
presumption	V1_0	NoSC_incompatible	8.321216154098511	8.316656136512757	NA	NA	script__VN2Stims_3_W_GPT2M_OnlyLoc	820611027	0.5	0.6	524811876	935649231
presumption	V1_0	SC_incompatible	9.500399088859558	8.509810709953308	0.23958333358168601	0.31994511891753064	script__VN2Stims_3_W_GPT2M_OnlyLoc	820611027	0.5	0.6	524811876	935649231
presumption	V1_0	SCRC_compatible	9.217529594898224	8.203352171182633	0.5807291666627862	0.5961950234731792	script__VN2Stims_3_W_GPT2M_OnlyLoc	820611027	0.5	0.6	524811876	935649231
presumption	V1_0	SCRC_incompatible	9.249239265918732	8.387910377979278	0.6057291667733807	0.6195276786835165	script__VN2Stims_3_W_GPT2M_OnlyLoc	820611027	0.5	0.6	524811876	935649231
declaration	V1_0	SC_compatible	9.747695243358612	8.535966390371323	0.25355902811861597	0.2823278582276544	script__VN2Stims_3_W_GPT2M_OnlyLoc	820611027	0.5	0.6	524811876	935649231
declaration	V1_0	NoSC_incompatible	6.603413724899292	6.6034135818481445	NA	NA	script__VN2Stims_3_W_GPT2M_OnlyLoc	820611027	0.5	0.6	524811876	935649231
declaration	V1_0	SC_incompatible	9.230656862258911	8.280289161205292	0.39192708366899753	0.42282895397033826	script__VN2Stims_3_W_GPT2M_OnlyLoc	820611027	0.5	0.6	524811876	935649231
declaration	V1_0	SCRC_compatible	9.026991283893585	7.798798155784607	0.605989583407063	0.6141714797608231	script__VN2Stims_3_W_GPT2M_OnlyLoc	820611027	0.5	0.6	524811876	935649231
declaration	V1_0	SCRC_incompatible	8.958040595054626	7.961642032861709	0.6571180557366461	0.6660023991248636	script__VN2Stims_3_W_GPT2M_OnlyLoc	820611027	0.5	0.6	524811876	935649231
belief	V1_0	SC_compatible	9.456137132644653	7.935031145811081	0.6276909732725471	0.6654980168837937	script__VN2Stims_3_W_GPT2M_OnlyLoc	820611027	0.5	0.6	524811876	935649231
belief	V1_0	NoSC_incompatible	8.19681282043457	8.19681282043457	NA	NA	script__VN2Stims_3_W_GPT2M_OnlyLoc	820611027	0.5	0.6	524811876	935649231
belief	V1_0	SC_incompatible	8.893577671051025	7.879350537061692	0.4873263892077375	0.5392609834866111	script__VN2Stims_3_W_GPT2M_OnlyLoc	820611027	0.5	0.6	524811876	935649231
belief	V1_0	SCRC_compatible	9.514216768741608	8.28239735364914	0.611545139021473	0.6237415373973612	script__VN2Stims_3_W_GPT2M_OnlyLoc	820611027	0.5	0.6	524811876	935649231
belief	V1_0	SCRC_incompatible	9.338655090332031	8.150989079475403	0.6374999995925463	0.6347484626228631	script__VN2Stims_3_W_GPT2M_OnlyLoc	820611027	0.5	0.6	524811876	935649231
evidence	V1_0	SC_compatible	9.676659619808197	8.403366827964783	0.21345486132777297	0.31273397120530716	script__VN2Stims_3_W_GPT2M_OnlyLoc	820611027	0.5	0.6	524811876	935649231
evidence	V1_0	NoSC_incompatible	7.743194198608398	7.743194198608398	NA	NA	script__VN2Stims_3_W_GPT2M_OnlyLoc	820611027	0.5	0.6	524811876	935649231
evidence	V1_0	SC_incompatible	9.477876764535903	8.480236250162125	0.3354166673030704	0.42020706897747007	script__VN2Stims_3_W_GPT2M_OnlyLoc	820611027	0.5	0.6	524811876	935649231
evidence	V1_0	SCRC_compatible	9.340911793708802	8.112471079826355	0.53993055561441	0.550767263295705	script__VN2Stims_3_W_GPT2M_OnlyLoc	820611027	0.5	0.6	524811876	935649231
evidence	V1_0	SCRC_incompatible	9.326756119728088	8.331583333015441	0.5618055557541084	0.5685111673683991	script__VN2Stims_3_W_GPT2M_OnlyLoc	820611027	0.5	0.6	524811876	935649231
information	V1_0	SC_compatible	9.885245305299758	8.565153807401657	0.35312500023283067	0.355326311576755	script__VN2Stims_3_W_GPT2M_OnlyLoc	820611027	0.5	0.6	524811876	935649231
information	V1_0	NoSC_incompatible	8.522137069702149	8.522137069702149	NA	NA	script__VN2Stims_3_W_GPT2M_OnlyLoc	820611027	0.5	0.6	524811876	935649231
information	V1_0	SC_incompatible	9.247653257846832	8.152027463912964	0.4722222226206213	0.4839023273441761	script__VN2Stims_3_W_GPT2M_OnlyLoc	820611027	0.5	0.6	524811876	935649231
information	V1_0	SCRC_compatible	9.259908068180085	8.148112559318543	0.6322048611880746	0.6427009756428561	script__VN2Stims_3_W_GPT2M_OnlyLoc	820611027	0.5	0.6	524811876	935649231
information	V1_0	SCRC_incompatible	9.244476544857026	8.139610254764557	0.6099826389516239	0.6225776280451101	script__VN2Stims_3_W_GPT2M_OnlyLoc	820611027	0.5	0.6	524811876	935649231
insinuation	V1_0	SC_compatible	9.370729231834412	8.369228857755662	0.3296006945427507	0.3304474770039966	script__VN2Stims_3_W_GPT2M_OnlyLoc	820611027	0.5	0.6	524811876	935649231
insinuation	V1_0	NoSC_incompatible	8.377279841899872	8.357832288742065	NA	NA	script__VN2Stims_3_W_GPT2M_OnlyLoc	820611027	0.5	0.6	524811876	935649231
insinuation	V1_0	SC_incompatible	9.41394762992859	8.425735235214233	0.22916666673845612	0.23085044932889734	script__VN2Stims_3_W_GPT2M_OnlyLoc	820611027	0.5	0.6	524811876	935649231
insinuation	V1_0	SCRC_compatible	9.335751950740814	8.755577349662781	0.5516493055853061	0.5506164871924032	script__VN2Stims_3_W_GPT2M_OnlyLoc	820611027	0.5	0.6	524811876	935649231
insinuation	V1_0	SCRC_incompatible	9.13596076965332	8.394597321748734	0.5758680555678438	0.5750488308313398	script__VN2Stims_3_W_GPT2M_OnlyLoc	820611027	0.5	0.6	524811876	935649231
observation	V1_0	SC_compatible	9.6538476228714	8.585970103740692	0.3375868059345521	0.35823687105682894	script__VN2Stims_3_W_GPT2M_OnlyLoc	820611027	0.5	0.6	524811876	935649231
observation	V1_0	NoSC_incompatible	7.106361508369446	7.0388470649719235	NA	NA	script__VN2Stims_3_W_GPT2M_OnlyLoc	820611027	0.5	0.6	524811876	935649231
observation	V1_0	SC_incompatible	9.396395111083985	8.45510475039482	0.36345486134523525	0.395559146053165	script__VN2Stims_3_W_GPT2M_OnlyLoc	820611027	0.5	0.6	524811876	935649231
observation	V1_0	SCRC_compatible	9.410632240772248	8.116715812683106	0.6053819445427507	0.6075152284537625	script__VN2Stims_3_W_GPT2M_OnlyLoc	820611027	0.5	0.6	524811876	935649231
observation	V1_0	SCRC_incompatible	9.077723956108093	8.135949939489365	0.6794270834419877	0.6786113414146612	script__VN2Stims_3_W_GPT2M_OnlyLoc	820611027	0.5	0.6	524811876	935649231
